Day,Advances,Declines,Advance_Decline_Ratio,Open,High,Low,Close
01/01/2019,997,732,1.36,"10,881.70","10,923.60","10,807.10","10,910.10"
02/01/2019,545,"1,212",0.45,"10,868.85","10,895.35","10,735.05","10,792.50"
03/01/2019,569,"1,199",0.47,"10,796.80","10,814.05","10,661.25","10,672.25"
04/01/2019,883,893,0.99,"10,699.70","10,741.05","10,628.65","10,727.35"
07/01/2019,921,897,1.03,"10,804.85","10,835.95","10,750.15","10,771.80"
08/01/2019,871,913,0.95,"10,786.25","10,818.45","10,733.25","10,802.15"
09/01/2019,721,"1,061",0.68,"10,862.40","10,870.40","10,749.40","10,855.15"
10/01/2019,880,886,0.99,"10,859.35","10,859.35","10,801.80","10,821.60"
11/01/2019,737,"1,017",0.72,"10,834.75","10,850.15","10,739.40","10,794.95"
14/01/2019,653,"1,137",0.57,"10,807.00","10,808.00","10,692.35","10,737.60"
15/01/2019,"1,137",629,1.81,"10,777.55","10,896.95","10,777.55","10,886.80"
16/01/2019,882,865,1.02,"10,899.65","10,928.15","10,876.90","10,890.30"
17/01/2019,669,"1,099",0.61,"10,920.85","10,930.65","10,844.65","10,905.20"
18/01/2019,522,"1,230",0.42,"10,914.85","10,928.20","10,852.20","10,906.95"
21/01/2019,553,"1,238",0.45,"10,919.35","10,987.45","10,885.75","10,961.85"
22/01/2019,538,"1,244",0.43,"10,949.80","10,949.80","10,864.15","10,922.75"
23/01/2019,677,"1,073",0.63,"10,931.05","10,944.80","10,811.95","10,831.50"
24/01/2019,591,"1,178",0.5,"10,844.05","10,866.60","10,798.65","10,849.80"
25/01/2019,443,"1,356",0.33,"10,859.75","10,931.70","10,756.45","10,780.55"
28/01/2019,352,"1,481",0.24,"10,792.45","10,804.45","10,630.95","10,661.55"
29/01/2019,806,985,0.82,"10,653.70","10,690.35","10,583.65","10,652.20"
30/01/2019,984,811,1.21,"10,702.25","10,710.20","10,612.85","10,651.80"
31/01/2019,"1,024",760,1.35,"10,690.55","10,838.05","10,678.55","10,830.95"
01/02/2019,819,962,0.85,"10,851.35","10,983.45","10,813.45","10,893.65"
04/02/2019,460,"1,387",0.33,"10,876.75","10,927.90","10,814.15","10,912.25"
05/02/2019,555,"1,274",0.44,"10,908.65","10,956.70","10,886.70","10,934.35"
06/02/2019,743,"1,047",0.71,"10,965.10","11,072.60","10,962.70","11,062.45"
07/02/2019,"1,037",760,1.36,"11,070.45","11,118.10","11,043.60","11,069.40"
08/02/2019,600,"1,211",0.5,"11,023.50","11,041.20","10,925.45","10,943.60"
11/02/2019,547,"1,299",0.42,"10,930.90","10,930.90","10,857.10","10,888.80"
12/02/2019,717,"1,077",0.67,"10,879.70","10,910.90","10,823.80","10,831.40"
13/02/2019,685,"1,116",0.61,"10,870.55","10,891.65","10,772.10","10,793.65"
14/02/2019,854,952,0.9,"10,786.10","10,792.70","10,718.75","10,746.05"
15/02/2019,642,"1,158",0.55,"10,780.25","10,785.75","10,620.40","10,724.40"
18/02/2019,583,"1,216",0.48,"10,738.65","10,759.90","10,628.40","10,640.95"
19/02/2019,"1,024",753,1.36,"10,636.70","10,722.85","10,585.65","10,604.35"
20/02/2019,"1,119",676,1.66,"10,655.45","10,752.70","10,646.40","10,735.45"
21/02/2019,"1,218",571,2.13,"10,744.10","10,808.85","10,721.50","10,789.85"
22/02/2019,"1,226",589,2.08,"10,782.70","10,801.55","10,758.40","10,791.65"
25/02/2019,"1,111",691,1.61,"10,813.25","10,887.10","10,788.05","10,880.10"
26/02/2019,610,"1,188",0.51,"10,775.30","10,888.75","10,729.30","10,835.30"
27/02/2019,849,955,0.89,"10,881.20","10,939.70","10,751.20","10,806.65"
28/02/2019,"1,076",697,1.54,"10,865.70","10,865.70","10,784.85","10,792.50"
01/03/2019,"1,432",380,3.77,"10,842.65","10,877.90","10,823.10","10,863.50"
05/03/2019,"1,540",336,4.58,"10,864.85","10,994.90","10,817.00","10,987.45"
06/03/2019,"1,246",617,2.02,"11,024.85","11,062.30","10,998.85","11,053.00"
07/03/2019,871,940,0.93,"11,077.95","11,089.05","11,027.10","11,058.20"
08/03/2019,800,"1,006",0.8,"11,038.85","11,049.00","11,008.95","11,035.40"
11/03/2019,"1,312",524,2.5,"11,068.75","11,180.90","11,059.85","11,168.05"
12/03/2019,"1,193",645,1.85,"11,231.35","11,320.40","11,227.00","11,301.20"
13/03/2019,657,"1,184",0.55,"11,326.20","11,352.30","11,276.60","11,341.70"
14/03/2019,775,"1,056",0.73,"11,382.50","11,383.45","11,313.75","11,343.25"
15/03/2019,770,"1,069",0.72,"11,376.85","11,487.00","11,370.80","11,426.85"
18/03/2019,777,"1,073",0.72,"11,473.85","11,530.15","11,412.50","11,462.20"
19/03/2019,963,882,1.09,"11,500.30","11,543.85","11,451.25","11,532.40"
20/03/2019,691,"1,160",0.6,"11,553.35","11,556.10","11,503.10","11,521.05"
22/03/2019,644,"1,192",0.54,"11,549.20","11,572.80","11,434.55","11,456.90"
25/03/2019,468,"1,403",0.33,"11,395.65","11,395.65","11,311.60","11,354.25"
26/03/2019,"1,039",809,1.28,"11,375.20","11,496.75","11,352.45","11,483.25"
27/03/2019,857,988,0.87,"11,531.45","11,546.20","11,413.00","11,445.05"
28/03/2019,"1,174",642,1.83,"11,463.65","11,588.50","11,452.45","11,570.00"
29/03/2019,"1,042",792,1.32,"11,625.45","11,630.35","11,570.15","11,623.90"
01/04/2019,"1,303",557,2.34,"11,665.20","11,738.10","11,644.75","11,669.15"
02/04/2019,835,948,0.88,"11,711.55","11,729.35","11,655.85","11,713.20"
03/04/2019,620,"1,219",0.51,"11,735.30","11,761.00","11,629.15","11,643.95"
04/04/2019,696,"1,109",0.63,"11,660.20","11,662.55","11,559.20","11,598.00"
05/04/2019,"1,148",641,1.79,"11,638.40","11,689.65","11,609.50","11,665.95"
08/04/2019,700,"1,110",0.63,"11,704.35","11,710.30","11,549.10","11,604.50"
09/04/2019,800,995,0.8,"11,612.05","11,683.90","11,569.70","11,671.95"
10/04/2019,771,"1,013",0.76,"11,646.85","11,680.05","11,571.75","11,584.30"
11/04/2019,811,976,0.83,"11,592.55","11,606.70","11,550.55","11,596.70"
12/04/2019,982,804,1.22,"11,612.85","11,657.35","11,578.80","11,643.45"
15/04/2019,"1,033",767,1.35,"11,667.00","11,704.60","11,648.25","11,690.35"
16/04/2019,896,891,1.01,"11,736.20","11,810.95","11,731.55","11,787.15"
18/04/2019,543,"1,288",0.42,"11,856.15","11,856.15","11,738.50","11,752.80"
22/04/2019,418,"1,418",0.29,"11,727.05","11,727.05","11,583.95","11,594.45"
23/04/2019,738,"1,080",0.68,"11,612.95","11,645.95","11,564.80","11,575.95"
24/04/2019,991,797,1.24,"11,601.50","11,740.85","11,578.85","11,726.15"
25/04/2019,758,"1,036",0.73,"11,735.70","11,796.75","11,624.30","11,641.80"
26/04/2019,736,"1,053",0.7,"11,683.75","11,762.90","11,661.75","11,754.65"
30/04/2019,482,"1,404",0.34,"11,748.75","11,756.25","11,655.90","11,748.15"
02/05/2019,719,"1,110",0.65,"11,725.55","11,789.30","11,699.55","11,724.75"
03/05/2019,713,"1,099",0.65,"11,722.60","11,770.90","11,699.35","11,712.25"
06/05/2019,574,"1,237",0.46,"11,605.80","11,632.55","11,571.35","11,598.25"
07/05/2019,544,"1,260",0.43,"11,651.50","11,657.05","11,484.45","11,497.90"
08/05/2019,441,"1,370",0.32,"11,478.70","11,479.10","11,346.95","11,359.45"
09/05/2019,753,"1,044",0.72,"11,322.40","11,357.60","11,255.05","11,301.80"
10/05/2019,861,899,0.96,"11,314.15","11,345.80","11,251.05","11,278.90"
13/05/2019,350,"1,492",0.23,"11,258.70","11,300.20","11,125.60","11,148.20"
14/05/2019,859,963,0.89,"11,151.65","11,294.75","11,108.30","11,222.05"
15/05/2019,657,"1,159",0.57,"11,271.70","11,286.80","11,136.95","11,157.00"
16/05/2019,846,959,0.88,"11,180.35","11,281.55","11,143.35","11,257.10"
17/05/2019,"1,022",774,1.32,"11,261.90","11,426.15","11,259.85","11,407.15"
20/05/2019,"1,516",334,4.54,"11,651.90","11,845.20","11,591.70","11,828.25"
21/05/2019,605,"1,198",0.51,"11,863.65","11,883.55","11,682.80","11,709.10"
22/05/2019,983,818,1.2,"11,727.95","11,784.80","11,682.40","11,737.90"
23/05/2019,800,990,0.81,"11,901.30","12,041.15","11,614.50","11,657.05"
24/05/2019,"1,449",362,4,"11,748.00","11,859.00","11,658.10","11,844.10"
27/05/2019,"1,367",485,2.82,"11,855.50","11,957.15","11,812.40","11,924.75"
28/05/2019,976,827,1.18,"11,958.35","11,958.55","11,864.90","11,928.75"
29/05/2019,680,"1,120",0.61,"11,905.80","11,931.90","11,836.80","11,861.10"
30/05/2019,866,932,0.93,"11,865.30","11,968.55","11,859.40","11,945.90"
31/05/2019,641,"1,195",0.54,"11,999.80","12,039.25","11,829.45","11,922.80"
03/06/2019,892,935,0.95,"11,953.75","12,103.05","11,920.10","12,088.55"
04/06/2019,781,"1,060",0.74,"12,052.65","12,095.20","12,005.85","12,021.65"
06/06/2019,469,"1,382",0.34,"12,039.80","12,039.80","11,830.25","11,843.75"
07/06/2019,710,"1,125",0.63,"11,865.20","11,897.50","11,769.50","11,870.65"
10/06/2019,701,"1,143",0.61,"11,934.90","11,975.05","11,871.75","11,922.70"
11/06/2019,815,"1,020",0.8,"11,959.85","12,000.35","11,904.35","11,965.60"
12/06/2019,694,"1,124",0.62,"11,962.45","11,962.45","11,866.35","11,906.20"
13/06/2019,590,"1,226",0.48,"11,873.90","11,931.35","11,817.05","11,914.05"
14/06/2019,520,"1,289",0.4,"11,910.10","11,911.85","11,797.70","11,823.30"
17/06/2019,413,"1,444",0.29,"11,844.00","11,844.05","11,657.75","11,672.15"
18/06/2019,649,"1,193",0.54,"11,677.05","11,727.20","11,641.15","11,691.50"
19/06/2019,462,"1,390",0.33,"11,744.45","11,802.50","11,625.10","11,691.45"
20/06/2019,"1,132",701,1.61,"11,653.65","11,843.50","11,635.05","11,831.75"
21/06/2019,899,920,0.98,"11,827.60","11,827.95","11,705.10","11,724.10"
24/06/2019,761,"1,058",0.72,"11,725.80","11,754.00","11,670.20","11,699.65"
25/06/2019,966,830,1.16,"11,681.00","11,814.40","11,651.00","11,796.45"
26/06/2019,"1,083",705,1.54,"11,768.15","11,871.85","11,757.55","11,847.55"
27/06/2019,"1,062",737,1.44,"11,860.85","11,911.15","11,821.05","11,841.55"
28/06/2019,822,974,0.84,"11,861.15","11,871.70","11,775.50","11,788.85"
01/07/2019,909,908,1,"11,839.90","11,884.65","11,830.80","11,865.60"
02/07/2019,836,951,0.88,"11,890.30","11,917.45","11,814.70","11,910.30"
03/07/2019,958,813,1.18,"11,932.15","11,945.20","11,887.05","11,916.75"
04/07/2019,920,863,1.07,"11,928.80","11,969.25","11,923.65","11,946.75"
05/07/2019,468,"1,317",0.36,"11,964.75","11,981.75","11,797.90","11,811.15"
08/07/2019,351,"1,488",0.24,"11,770.40","11,771.90","11,523.30","11,558.60"
09/07/2019,882,919,0.96,"11,531.60","11,582.55","11,461.00","11,555.90"
10/07/2019,593,"1,192",0.5,"11,536.15","11,593.70","11,475.65","11,498.90"
11/07/2019,931,841,1.11,"11,561.45","11,599.00","11,519.50","11,582.90"
12/07/2019,898,895,1,"11,601.15","11,639.55","11,538.60","11,552.50"
15/07/2019,605,"1,241",0.49,"11,614.75","11,618.40","11,532.30","11,588.35"
16/07/2019,871,952,0.91,"11,596.65","11,670.05","11,573.95","11,662.60"
17/07/2019,876,931,0.94,"11,670.75","11,706.65","11,651.15","11,687.50"
18/07/2019,438,"1,372",0.32,"11,675.60","11,677.15","11,582.40","11,596.90"
19/07/2019,403,"1,449",0.28,"11,627.95","11,640.35","11,399.30","11,419.25"
22/07/2019,541,"1,283",0.42,"11,392.85","11,398.15","11,301.25","11,346.20"
23/07/2019,925,913,1.01,"11,372.25","11,398.15","11,302.80","11,331.05"
24/07/2019,566,"1,260",0.45,"11,322.45","11,359.75","11,229.80","11,271.30"
25/07/2019,809,"1,021",0.79,"11,290.40","11,361.40","11,239.35","11,252.15"
26/07/2019,994,816,1.22,"11,247.45","11,307.60","11,210.05","11,284.30"
29/07/2019,488,"1,341",0.36,"11,307.50","11,310.95","11,152.40","11,189.20"
30/07/2019,346,"1,514",0.23,"11,213.70","11,267.45","11,072.65","11,085.40"
31/07/2019,853,988,0.86,"11,034.05","11,145.30","10,999.40","11,118.00"
01/08/2019,531,"1,291",0.41,"11,060.20","11,076.75","10,881.00","10,980.00"
02/08/2019,793,"1,013",0.78,"10,930.30","11,080.15","10,848.95","10,997.35"
05/08/2019,497,"1,354",0.37,"10,895.80","10,895.80","10,782.60","10,862.60"
06/08/2019,"1,329",498,2.67,"10,815.40","11,018.55","10,813.80","10,948.25"
07/08/2019,854,974,0.88,"10,958.10","10,975.65","10,835.90","10,855.50"
08/08/2019,"1,057",742,1.42,"10,899.20","11,058.05","10,842.95","11,032.45"
09/08/2019,"1,170",633,1.85,"11,087.90","11,181.45","11,062.80","11,109.65"
13/08/2019,546,"1,277",0.43,"11,139.40","11,145.90","10,901.60","10,925.85"
14/08/2019,988,817,1.21,"11,003.25","11,078.15","10,935.60","11,029.40"
16/08/2019,870,944,0.92,"11,043.65","11,068.65","10,924.30","11,047.80"
19/08/2019,955,889,1.07,"11,094.80","11,146.90","11,037.85","11,053.90"
20/08/2019,641,"1,185",0.54,"11,063.90","11,076.30","10,985.30","11,017.00"
21/08/2019,452,"1,398",0.32,"11,018.15","11,034.20","10,906.65","10,918.70"
22/08/2019,348,"1,521",0.23,"10,905.30","10,908.25","10,718.30","10,741.35"
23/08/2019,"1,044",802,1.3,"10,699.60","10,862.55","10,637.15","10,829.35"
26/08/2019,"1,344",490,2.74,"11,000.30","11,070.30","10,756.55","11,057.85"
27/08/2019,"1,297",516,2.51,"11,106.55","11,141.75","11,049.50","11,105.35"
28/08/2019,691,"1,145",0.6,"11,101.30","11,129.65","10,987.65","11,046.10"
29/08/2019,640,"1,188",0.54,"10,996.05","11,021.10","10,922.40","10,948.30"
30/08/2019,"1,038",762,1.36,"10,987.80","11,042.60","10,874.80","11,023.25"
03/09/2019,544,"1,259",0.43,"10,960.95","10,967.50","10,772.70","10,797.90"
04/09/2019,936,852,1.1,"10,790.40","10,858.75","10,746.35","10,844.65"
05/09/2019,"1,161",640,1.81,"10,860.95","10,920.10","10,816.00","10,847.90"
06/09/2019,"1,195",618,1.93,"10,883.80","10,957.05","10,867.45","10,946.20"
09/09/2019,"1,187",639,1.86,"10,936.70","11,028.85","10,889.80","11,003.05"
11/09/2019,"1,378",484,2.85,"11,028.50","11,054.80","11,011.65","11,035.70"
12/09/2019,990,871,1.14,"11,058.30","11,081.75","10,964.95","10,982.80"
13/09/2019,"1,157",678,1.71,"10,986.80","11,084.45","10,945.75","11,075.90"
16/09/2019,985,860,1.15,"10,994.85","11,052.70","10,968.20","11,003.50"
17/09/2019,516,"1,328",0.39,"11,000.10","11,000.10","10,796.50","10,817.60"
18/09/2019,921,889,1.04,"10,872.80","10,885.15","10,804.85","10,840.65"
19/09/2019,408,"1,405",0.29,"10,845.20","10,845.20","10,670.25","10,704.80"
20/09/2019,"1,389",488,2.85,"10,746.80","11,381.90","10,691.00","11,274.20"
23/09/2019,"1,236",630,1.96,"11,542.70","11,694.85","11,471.35","11,600.20"
24/09/2019,811,"1,026",0.79,"11,590.70","11,655.05","11,539.20","11,588.20"
25/09/2019,497,"1,343",0.37,"11,564.85","11,564.95","11,416.10","11,440.20"
26/09/2019,986,836,1.18,"11,469.85","11,610.85","11,466.35","11,571.20"
27/09/2019,651,"1,181",0.55,"11,556.35","11,593.60","11,499.75","11,512.40"
30/09/2019,518,"1,369",0.38,"11,491.15","11,508.25","11,390.80","11,474.45"
01/10/2019,389,"1,472",0.26,"11,515.40","11,554.20","11,247.90","11,359.90"
03/10/2019,702,"1,133",0.62,"11,322.25","11,370.40","11,257.35","11,314.00"
04/10/2019,671,"1,178",0.57,"11,388.45","11,400.30","11,158.35","11,174.75"
07/10/2019,608,"1,245",0.49,"11,196.20","11,233.85","11,112.65","11,126.40"
09/10/2019,986,862,1.14,"11,152.95","11,321.60","11,090.15","11,313.30"
10/10/2019,644,"1,188",0.54,"11,280.50","11,293.35","11,208.55","11,234.55"
11/10/2019,879,952,0.92,"11,257.70","11,362.90","11,189.40","11,305.05"
14/10/2019,919,914,1.01,"11,335.90","11,420.45","11,290.05","11,341.15"
15/10/2019,855,955,0.9,"11,360.85","11,462.35","11,342.10","11,428.30"
16/10/2019,833,996,0.84,"11,464.95","11,481.05","11,411.10","11,464.00"
17/10/2019,"1,125",707,1.59,"11,466.30","11,599.10","11,439.65","11,586.35"
18/10/2019,"1,304",517,2.52,"11,580.30","11,684.70","11,553.15","11,661.85"
22/10/2019,912,942,0.97,"11,657.15","11,714.35","11,573.65","11,588.35"
23/10/2019,911,910,1,"11,596.20","11,651.60","11,554.40","11,604.10"
24/10/2019,775,"1,030",0.75,"11,661.65","11,679.60","11,534.65","11,582.60"
25/10/2019,746,"1,018",0.73,"11,646.15","11,646.90","11,490.75","11,583.90"
27/10/2019,"1,329",380,3.5,"11,662.25","11,672.40","11,604.60","11,627.15"
29/10/2019,"1,076",773,1.39,"11,643.95","11,809.40","11,627.35","11,786.85"
30/10/2019,"1,030",792,1.3,"11,883.90","11,883.95","11,784.45","11,844.10"
31/10/2019,"1,138",690,1.65,"11,890.45","11,945.00","11,855.10","11,877.45"
01/11/2019,"1,074",791,1.36,"11,886.60","11,918.30","11,843.35","11,890.60"
04/11/2019,"1,075",774,1.39,"11,928.90","11,989.15","11,905.35","11,941.30"
05/11/2019,690,"1,147",0.6,"11,974.60","11,978.95","11,861.90","11,917.20"
06/11/2019,891,940,0.95,"11,911.50","12,002.90","11,850.25","11,966.05"
07/11/2019,945,884,1.07,"12,021.10","12,021.40","11,946.85","12,012.05"
08/11/2019,684,"1,134",0.6,"11,987.15","12,034.15","11,888.75","11,908.15"
11/11/2019,882,954,0.92,"11,879.20","11,932.65","11,853.95","11,913.45"
13/11/2019,679,"1,175",0.58,"11,908.30","11,946.80","11,823.20","11,840.45"
14/11/2019,711,"1,133",0.63,"11,858.75","11,895.65","11,802.65","11,872.10"
15/11/2019,844,"1,042",0.81,"11,904.20","11,973.65","11,879.25","11,895.45"
18/11/2019,847,"1,019",0.83,"11,915.15","11,946.20","11,867.60","11,884.50"
19/11/2019,855,987,0.87,"11,919.45","11,958.85","11,881.75","11,940.10"
20/11/2019,886,967,0.92,"12,004.75","12,038.60","11,966.05","11,999.10"
21/11/2019,730,"1,099",0.66,"12,025.65","12,028.20","11,956.90","11,968.40"
22/11/2019,846,961,0.88,"11,967.30","11,968.10","11,883.50","11,914.40"
25/11/2019,"1,105",768,1.44,"11,922.45","12,084.50","11,919.75","12,073.75"
26/11/2019,753,"1,098",0.69,"12,110.20","12,132.45","12,006.35","12,037.70"
27/11/2019,932,894,1.04,"12,068.50","12,114.90","12,055.15","12,100.70"
28/11/2019,971,869,1.12,"12,132.10","12,158.80","12,099.95","12,151.15"
29/11/2019,876,934,0.94,"12,146.20","12,147.40","12,017.40","12,056.05"
02/12/2019,711,"1,134",0.63,"12,137.05","12,137.15","12,023.70","12,048.20"
03/12/2019,573,"1,264",0.45,"12,067.65","12,068.60","11,956.40","11,994.20"
04/12/2019,992,839,1.18,"11,969.95","12,054.70","11,935.30","12,043.20"
05/12/2019,791,"1,033",0.77,"12,071.25","12,081.20","11,998.75","12,018.40"
06/12/2019,527,"1,316",0.4,"12,047.35","12,057.05","11,888.85","11,921.50"
09/12/2019,735,"1,116",0.66,"11,939.10","11,981.95","11,888.05","11,937.50"
10/12/2019,500,"1,357",0.37,"11,950.50","11,953.20","11,844.70","11,856.80"
11/12/2019,696,"1,123",0.62,"11,867.35","11,923.20","11,832.30","11,910.15"
12/12/2019,"1,081",744,1.45,"11,944.30","12,005.50","11,934.00","11,971.80"
13/12/2019,"1,197",629,1.9,"12,026.40","12,098.85","12,023.60","12,086.70"
16/12/2019,831,"1,035",0.8,"12,131.35","12,134.65","12,046.30","12,053.95"
17/12/2019,"1,073",755,1.42,"12,082.45","12,182.75","12,070.35","12,165.00"
18/12/2019,856,966,0.89,"12,197.00","12,237.70","12,163.45","12,221.65"
19/12/2019,930,863,1.08,"12,223.40","12,268.35","12,191.15","12,259.70"
20/12/2019,888,938,0.95,"12,266.45","12,293.90","12,252.75","12,271.80"
23/12/2019,826,"1,020",0.81,"12,235.45","12,287.15","12,213.25","12,262.75"
24/12/2019,828,999,0.83,"12,269.25","12,283.70","12,202.10","12,214.55"
26/12/2019,987,852,1.16,"12,211.85","12,221.55","12,118.85","12,126.55"
27/12/2019,"1,137",703,1.62,"12,172.90","12,258.45","12,157.90","12,245.80"
30/12/2019,"1,089",778,1.4,"12,274.90","12,286.45","12,213.80","12,255.85"
31/12/2019,962,854,1.13,"12,247.10","12,247.10","12,151.80","12,168.45"
01/01/2020,"1,021",759,1.35,"12,202.15","12,222.20","12,165.30","12,182.50"
02/01/2020,"1,356",482,2.81,"12,198.55","12,289.90","12,195.25","12,282.20"
03/01/2020,879,973,0.9,"12,261.10","12,265.60","12,191.35","12,226.65"
06/01/2020,360,"1,502",0.24,"12,170.60","12,179.10","11,974.20","11,993.05"
07/01/2020,"1,248",578,2.16,"12,079.10","12,152.15","12,005.35","12,052.95"
08/01/2020,725,"1,109",0.65,"11,939.10","12,044.95","11,929.60","12,025.35"
09/01/2020,"1,372",475,2.89,"12,153.15","12,224.05","12,132.55","12,215.90"
10/01/2020,"1,024",811,1.26,"12,271.00","12,311.20","12,213.20","12,256.80"
13/01/2020,"1,207",665,1.82,"12,296.70","12,337.75","12,285.80","12,329.55"
14/01/2020,"1,072",755,1.42,"12,333.10","12,374.25","12,308.70","12,362.30"
15/01/2020,"1,090",742,1.47,"12,349.40","12,355.15","12,278.75","12,343.30"
16/01/2020,"1,083",750,1.44,"12,347.10","12,389.05","12,315.80","12,355.50"
17/01/2020,946,886,1.07,"12,328.40","12,385.45","12,321.40","12,352.35"
20/01/2020,626,"1,225",0.51,"12,430.50","12,430.50","12,216.90","12,224.55"
21/01/2020,787,"1,055",0.75,"12,195.30","12,230.05","12,162.30","12,169.85"
22/01/2020,737,"1,097",0.67,"12,218.35","12,225.05","12,087.90","12,106.90"
23/01/2020,"1,078",752,1.43,"12,123.75","12,189.00","12,094.10","12,180.35"
24/01/2020,"1,064",766,1.39,"12,174.55","12,272.15","12,149.65","12,248.25"
27/01/2020,761,"1,100",0.69,"12,197.10","12,216.60","12,107.00","12,119.00"
28/01/2020,619,"1,234",0.5,"12,148.10","12,163.55","12,024.50","12,055.80"
29/01/2020,994,842,1.18,"12,114.90","12,169.60","12,103.80","12,129.50"
30/01/2020,532,"1,314",0.4,"12,147.75","12,150.30","12,010.60","12,035.80"
31/01/2020,670,"1,127",0.59,"12,100.40","12,103.55","11,945.85","11,962.10"
01/02/2020,371,"1,426",0.26,"11,939.00","12,017.35","11,633.30","11,661.85"
03/02/2020,710,"1,151",0.62,"11,627.45","11,749.85","11,614.50","11,707.90"
04/02/2020,"1,262",558,2.26,"11,786.25","11,986.15","11,783.40","11,979.65"
05/02/2020,"1,032",791,1.3,"12,005.85","12,098.15","11,953.35","12,089.15"
06/02/2020,"1,063",764,1.39,"12,120.00","12,160.60","12,084.65","12,137.95"
07/02/2020,923,892,1.03,"12,151.15","12,154.70","12,073.95","12,098.35"
10/02/2020,672,"1,197",0.56,"12,102.35","12,103.55","11,990.75","12,031.50"
11/02/2020,800,"1,022",0.78,"12,108.40","12,172.30","12,099.00","12,107.90"
12/02/2020,722,"1,109",0.65,"12,151.00","12,231.75","12,144.30","12,201.20"
13/02/2020,805,"1,018",0.79,"12,219.55","12,225.65","12,139.80","12,174.65"
14/02/2020,639,"1,204",0.53,"12,190.15","12,246.70","12,091.20","12,113.45"
17/02/2020,548,"1,324",0.41,"12,131.80","12,159.60","12,037.00","12,045.80"
18/02/2020,631,"1,236",0.51,"12,028.25","12,030.75","11,908.05","11,992.50"
19/02/2020,"1,188",634,1.87,"12,090.60","12,134.70","12,042.10","12,125.90"
20/02/2020,929,906,1.03,"12,119.00","12,152.00","12,071.45","12,080.85"
24/02/2020,478,"1,382",0.35,"12,012.55","12,012.55","11,813.40","11,829.40"
25/02/2020,683,"1,153",0.59,"11,877.50","11,883.05","11,779.90","11,797.90"
26/02/2020,557,"1,289",0.43,"11,738.55","11,783.25","11,639.60","11,678.50"
27/02/2020,589,"1,240",0.48,"11,661.25","11,663.85","11,536.70","11,633.30"
28/02/2020,233,"1,654",0.14,"11,382.00","11,384.80","11,175.05","11,201.75"
02/03/2020,671,"1,178",0.57,"11,387.35","11,433.00","11,036.25","11,132.75"
03/03/2020,"1,007",829,1.21,"11,217.55","11,342.25","11,152.55","11,303.30"
04/03/2020,511,"1,384",0.37,"11,351.35","11,356.60","11,082.15","11,251.00"
05/03/2020,968,872,1.11,"11,306.05","11,389.50","11,244.60","11,269.00"
06/03/2020,378,"1,535",0.25,"10,942.65","11,035.10","10,827.40","10,989.45"
09/03/2020,260,"1,690",0.15,"10,742.05","10,751.55","10,294.45","10,451.45"
11/03/2020,785,"1,097",0.72,"10,334.30","10,545.10","10,334.00","10,458.40"
12/03/2020,141,"1,835",0.08,"10,039.95","10,040.75","9,508.00","9,590.15"
13/03/2020,952,932,1.02,"9,107.60","10,159.40","8,555.15","9,955.20"
16/03/2020,309,"1,640",0.19,"9,587.80","9,602.20","9,165.10","9,197.40"
17/03/2020,583,"1,314",0.44,"9,285.40","9,403.80","8,915.60","8,967.05"
18/03/2020,248,"1,674",0.15,"9,088.45","9,127.55","8,407.05","8,468.80"
19/03/2020,401,"1,515",0.26,"8,063.30","8,575.45","7,832.55","8,263.45"
20/03/2020,"1,156",725,1.59,"8,284.45","8,883.00","8,178.20","8,745.45"
23/03/2020,107,"1,777",0.06,"7,945.70","8,159.25","7,583.60","7,610.25"
24/03/2020,783,"1,053",0.74,"7,848.30","8,036.95","7,511.10","7,801.05"
25/03/2020,"1,070",718,1.49,"7,735.15","8,376.75","7,714.75","8,317.85"
26/03/2020,"1,268",548,2.31,"8,451.00","8,749.05","8,304.90","8,641.45"
27/03/2020,"1,028",811,1.27,"8,949.10","9,038.90","8,522.90","8,660.25"
30/03/2020,667,"1,171",0.57,"8,385.95","8,576.00","8,244.00","8,281.10"
31/03/2020,"1,341",497,2.7,"8,529.35","8,678.30","8,358.00","8,597.75"
01/04/2020,938,864,1.09,"8,584.10","8,588.10","8,198.35","8,253.80"
03/04/2020,944,877,1.08,"8,356.55","8,356.55","8,055.80","8,083.80"
07/04/2020,"1,555",337,4.61,"8,446.30","8,819.40","8,360.95","8,792.20"
08/04/2020,"1,217",627,1.94,"8,688.90","9,131.70","8,653.90","8,748.75"
09/04/2020,"1,522",322,4.73,"8,973.05","9,128.35","8,904.55","9,111.90"
13/04/2020,928,917,1.01,"9,103.95","9,112.05","8,912.40","8,993.85"
15/04/2020,"1,213",650,1.87,"9,196.40","9,261.20","8,874.10","8,925.30"
16/04/2020,"1,341",488,2.75,"8,851.25","9,053.75","8,821.90","8,992.80"
17/04/2020,"1,398",446,3.13,"9,323.45","9,324.00","9,091.35","9,266.75"
20/04/2020,"1,157",723,1.6,"9,390.20","9,390.85","9,230.80","9,261.85"
21/04/2020,503,"1,345",0.37,"9,016.95","9,044.40","8,909.40","8,981.45"
22/04/2020,960,868,1.11,"9,026.75","9,209.75","8,946.25","9,187.30"
23/04/2020,"1,193",650,1.84,"9,232.35","9,343.60","9,170.15","9,313.90"
24/04/2020,541,"1,328",0.41,"9,163.90","9,296.90","9,141.30","9,154.40"
27/04/2020,"1,085",762,1.42,"9,259.70","9,377.10","9,250.35","9,282.30"
28/04/2020,986,830,1.19,"9,389.80","9,404.40","9,260.00","9,380.90"
29/04/2020,"1,144",696,1.64,"9,408.60","9,599.85","9,392.35","9,553.35"
30/04/2020,"1,095",732,1.5,"9,753.50","9,889.05","9,731.50","9,859.90"
04/05/2020,412,"1,439",0.29,"9,533.50","9,533.50","9,266.95","9,293.50"
05/05/2020,597,"1,217",0.49,"9,429.40","9,450.90","9,190.75","9,205.60"
06/05/2020,821,981,0.84,"9,226.80","9,346.90","9,116.50","9,270.90"
07/05/2020,794,995,0.8,"9,234.05","9,277.85","9,175.90","9,199.05"
08/05/2020,724,"1,084",0.67,"9,376.95","9,382.65","9,238.20","9,251.50"
11/05/2020,859,968,0.89,"9,348.15","9,439.90","9,219.95","9,239.20"
12/05/2020,684,"1,103",0.62,"9,168.85","9,240.85","9,043.95","9,196.55"
13/05/2020,"1,331",472,2.82,"9,584.20","9,584.50","9,351.10","9,383.55"
14/05/2020,703,"1,086",0.65,"9,213.95","9,281.10","9,119.75","9,142.75"
15/05/2020,837,945,0.89,"9,182.40","9,182.40","9,050.00","9,136.85"
18/05/2020,390,"1,462",0.27,"9,158.30","9,158.30","8,806.75","8,823.25"
19/05/2020,788,982,0.8,"8,961.70","9,030.35","8,855.30","8,879.10"
20/05/2020,"1,056",707,1.49,"8,889.15","9,093.80","8,875.35","9,066.55"
21/05/2020,"1,049",721,1.45,"9,079.45","9,178.55","9,056.10","9,106.25"
22/05/2020,667,"1,103",0.6,"9,067.90","9,149.60","8,968.55","9,039.25"
26/05/2020,904,892,1.01,"9,099.75","9,161.65","8,996.65","9,029.05"
27/05/2020,"1,064",715,1.49,"9,082.20","9,334.00","9,004.25","9,314.95"
28/05/2020,"1,264",537,2.35,"9,364.95","9,511.25","9,336.50","9,490.10"
29/05/2020,"1,163",632,1.84,"9,422.20","9,598.85","9,376.90","9,580.30"
01/06/2020,"1,506",349,4.32,"9,726.85","9,931.60","9,706.95","9,826.15"
02/06/2020,"1,382",459,3.01,"9,880.85","9,995.60","9,824.05","9,979.10"
03/06/2020,"1,279",586,2.18,"10,108.30","10,176.20","10,035.55","10,061.55"
04/06/2020,943,889,1.06,"10,054.25","10,123.85","9,944.25","10,029.10"
05/06/2020,"1,588",312,5.09,"10,093.80","10,177.80","10,040.75","10,142.15"
08/06/2020,"1,301",607,2.14,"10,326.75","10,328.50","10,120.25","10,167.45"
09/06/2020,773,"1,135",0.68,"10,181.15","10,291.15","10,021.45","10,046.65"
10/06/2020,"1,155",740,1.56,"10,072.60","10,148.75","10,036.85","10,116.15"
11/06/2020,662,"1,199",0.55,"10,094.10","10,112.05","9,885.05","9,902.00"
12/06/2020,952,910,1.05,"9,544.95","9,996.05","9,544.35","9,972.90"
15/06/2020,923,973,0.95,"9,919.35","9,943.35","9,726.35","9,813.70"
16/06/2020,847,"1,036",0.82,"10,014.80","10,046.15","9,728.50","9,914.00"
17/06/2020,"1,027",838,1.23,"9,876.70","10,003.60","9,833.80","9,881.15"
18/06/2020,"1,407",455,3.09,"9,863.25","10,111.20","9,845.05","10,091.65"
19/06/2020,"1,295",584,2.22,"10,119.00","10,272.40","10,072.65","10,244.40"
22/06/2020,"1,376",561,2.45,"10,318.75","10,393.65","10,277.60","10,311.20"
23/06/2020,"1,388",512,2.71,"10,347.95","10,484.70","10,301.75","10,471.00"
24/06/2020,775,"1,121",0.69,"10,529.25","10,553.15","10,281.95","10,305.30"
25/06/2020,"1,034",850,1.22,"10,235.55","10,361.80","10,194.50","10,288.90"
26/06/2020,"1,116",770,1.45,"10,378.90","10,409.85","10,311.25","10,383.00"
29/06/2020,713,"1,210",0.59,"10,311.95","10,337.95","10,223.60","10,312.40"
30/06/2020,801,"1,080",0.74,"10,382.60","10,401.05","10,267.35","10,302.10"
01/07/2020,"1,054",864,1.22,"10,323.80","10,447.05","10,299.60","10,430.05"
02/07/2020,"1,137",748,1.52,"10,493.05","10,598.20","10,485.55","10,551.70"
03/07/2020,892,"1,002",0.89,"10,614.95","10,631.30","10,562.65","10,607.35"
06/07/2020,"1,160",771,1.5,"10,723.85","10,811.40","10,695.10","10,763.65"
07/07/2020,920,"1,004",0.92,"10,802.85","10,813.80","10,689.70","10,799.65"
08/07/2020,812,"1,107",0.73,"10,818.65","10,847.85","10,676.55","10,705.75"
09/07/2020,"1,019",858,1.19,"10,755.55","10,836.85","10,733.00","10,813.45"
10/07/2020,618,"1,268",0.49,"10,764.10","10,819.40","10,713.00","10,768.05"
13/07/2020,777,"1,134",0.69,"10,851.85","10,894.05","10,756.05","10,802.70"
14/07/2020,459,"1,427",0.32,"10,750.85","10,755.65","10,562.90","10,607.35"
15/07/2020,745,"1,137",0.66,"10,701.00","10,827.45","10,577.75","10,618.20"
16/07/2020,758,"1,115",0.68,"10,706.20","10,755.30","10,595.20","10,739.95"
17/07/2020,"1,233",625,1.97,"10,752.00","10,933.45","10,749.65","10,901.70"
20/07/2020,"1,140",784,1.45,"10,999.45","11,037.90","10,953.00","11,022.20"
21/07/2020,"1,030",848,1.21,"11,126.10","11,179.55","11,113.25","11,162.25"
22/07/2020,781,"1,116",0.7,"11,231.20","11,238.10","11,056.55","11,132.60"
23/07/2020,"1,036",820,1.26,"11,135.00","11,239.80","11,103.15","11,215.45"
24/07/2020,684,"1,190",0.57,"11,149.95","11,225.40","11,090.30","11,194.15"
27/07/2020,532,"1,370",0.39,"11,225.00","11,225.00","11,087.85","11,131.80"
28/07/2020,930,939,0.99,"11,154.10","11,317.75","11,151.40","11,300.55"
29/07/2020,996,869,1.15,"11,276.90","11,341.40","11,149.75","11,202.85"
30/07/2020,674,"1,212",0.56,"11,254.30","11,299.95","11,084.95","11,102.15"
31/07/2020,820,"1,023",0.8,"11,139.50","11,150.40","11,026.65","11,073.45"
03/08/2020,979,877,1.12,"11,057.55","11,058.05","10,882.25","10,891.60"
04/08/2020,"1,222",641,1.91,"10,946.65","11,112.25","10,908.10","11,095.25"
05/08/2020,"1,192",677,1.76,"11,155.75","11,225.65","11,064.05","11,101.65"
06/08/2020,"1,132",744,1.52,"11,185.70","11,256.80","11,127.30","11,200.15"
07/08/2020,"1,196",663,1.8,"11,186.65","11,231.90","11,142.05","11,214.05"
10/08/2020,"1,242",658,1.89,"11,270.25","11,337.30","11,238.00","11,270.15"
11/08/2020,"1,060",831,1.28,"11,322.25","11,373.60","11,299.15","11,322.50"
12/08/2020,"1,007",896,1.12,"11,289.00","11,322.00","11,242.65","11,308.40"
13/08/2020,"1,087",789,1.38,"11,334.85","11,359.30","11,269.95","11,300.45"
14/08/2020,701,"1,202",0.58,"11,353.30","11,366.25","11,111.45","11,178.40"
17/08/2020,"1,139",743,1.53,"11,248.90","11,267.10","11,144.50","11,247.10"
18/08/2020,"1,325",550,2.41,"11,259.80","11,401.70","11,253.15","11,385.35"
19/08/2020,"1,214",665,1.83,"11,452.15","11,460.35","11,394.10","11,408.40"
20/08/2020,"1,050",840,1.25,"11,317.45","11,361.45","11,289.80","11,312.20"
21/08/2020,"1,214",679,1.79,"11,409.65","11,418.50","11,362.20","11,371.60"
24/08/2020,"10,680",860,12.42,"11,412.00","11,497.25","11,410.65","11,466.45"
25/08/2020,851,"1,058",0.8,"11,513.10","11,525.90","11,423.35","11,472.25"
26/08/2020,"1,102",782,1.41,"11,512.85","11,561.75","11,461.85","11,549.60"
27/08/2020,951,934,1.02,"11,609.30","11,617.35","11,540.60","11,559.25"
28/08/2020,750,"1,147",0.65,"11,602.95","11,686.05","11,589.40","11,647.60"
31/08/2020,283,"1,661",0.17,"11,777.55","11,794.25","11,325.85","11,387.50"
01/09/2020,780,"1,081",0.72,"11,464.30","11,553.55","11,366.90","11,470.25"
02/09/2020,"1,232",649,1.9,"11,478.55","11,554.75","11,430.40","11,535.00"
03/09/2020,"1,024",847,1.21,"11,566.20","11,584.95","11,507.65","11,527.45"
04/09/2020,553,"1,342",0.41,"11,354.40","11,452.05","11,303.65","11,333.85"
07/09/2020,760,"1,126",0.67,"11,359.60","11,381.15","11,251.70","11,355.05"
08/09/2020,579,"1,288",0.45,"11,378.55","11,437.25","11,290.45","11,317.35"
09/09/2020,509,"1,373",0.37,"11,218.60","11,298.15","11,185.15","11,278.00"
10/09/2020,"1,291",566,2.28,"11,363.30","11,464.05","11,327.40","11,449.25"
11/09/2020,982,869,1.13,"11,447.80","11,493.50","11,419.90","11,464.45"
14/09/2020,"1,320",561,2.35,"11,540.15","11,568.90","11,383.55","11,440.05"
15/09/2020,"1,111",770,1.44,"11,487.20","11,535.95","11,442.25","11,521.80"
16/09/2020,966,864,1.12,"11,538.45","11,618.10","11,516.75","11,604.55"
17/09/2020,675,"1,190",0.57,"11,539.40","11,587.20","11,498.50","11,516.10"
18/09/2020,798,"1,050",0.76,"11,584.10","11,584.10","11,446.10","11,504.95"
21/09/2020,294,"1,639",0.18,"11,503.80","11,535.25","11,218.50","11,250.55"
22/09/2020,413,"1,476",0.28,"11,301.75","11,302.20","11,084.65","11,153.65"
23/09/2020,830,"1,048",0.79,"11,258.75","11,259.55","11,024.40","11,131.85"
24/09/2020,303,"1,574",0.19,"11,011.00","11,015.30","10,790.20","10,805.55"
25/09/2020,"1,525",350,4.36,"10,910.40","11,072.60","10,854.85","11,050.25"
28/09/2020,"1,447",459,3.15,"11,140.85","11,239.35","11,099.85","11,227.55"
29/09/2020,817,"1,048",0.78,"11,288.60","11,305.40","11,181.00","11,222.40"
30/09/2020,856,"1,002",0.85,"11,244.45","11,295.40","11,184.55","11,247.55"
01/10/2020,"1,120",740,1.51,"11,364.45","11,428.60","11,347.05","11,416.95"
05/10/2020,"1,041",862,1.21,"11,487.80","11,578.05","11,452.30","11,503.35"
06/10/2020,"1,106",783,1.41,"11,603.45","11,680.30","11,564.30","11,662.40"
07/10/2020,723,"1,182",0.61,"11,679.25","11,763.05","11,629.35","11,738.85"
08/10/2020,828,"1,061",0.78,"11,835.40","11,905.70","11,791.15","11,834.60"
09/10/2020,865,"1,014",0.85,"11,852.05","11,938.60","11,805.20","11,914.20"
12/10/2020,652,"1,249",0.52,"11,973.55","12,022.05","11,867.20","11,930.95"
13/10/2020,807,"1,077",0.75,"11,934.65","11,988.20","11,888.90","11,934.50"
14/10/2020,809,"1,062",0.76,"11,917.40","11,997.20","11,822.15","11,971.05"
15/10/2020,483,"1,433",0.34,"12,023.45","12,025.45","11,661.30","11,680.35"
16/10/2020,"1,139",730,1.56,"11,727.40","11,789.75","11,667.85","11,762.45"
19/10/2020,"1,077",798,1.35,"11,879.20","11,898.25","11,820.40","11,873.05"
20/10/2020,976,883,1.11,"11,861.00","11,949.25","11,837.25","11,896.80"
21/10/2020,936,927,1.01,"11,958.55","12,018.65","11,775.75","11,937.65"
22/10/2020,984,869,1.13,"11,890.00","11,939.55","11,823.45","11,896.45"
23/10/2020,"1,234",661,1.87,"11,957.90","11,974.55","11,908.75","11,930.35"
26/10/2020,621,"1,298",0.48,"11,937.40","11,942.85","11,711.70","11,767.75"
27/10/2020,865,982,0.88,"11,807.10","11,899.05","11,723.00","11,889.40"
28/10/2020,599,"1,251",0.48,"11,922.60","11,929.40","11,684.85","11,729.60"
29/10/2020,642,"1,247",0.51,"11,633.30","11,744.15","11,606.45","11,670.80"
30/10/2020,938,908,1.03,"11,678.45","11,748.95","11,535.45","11,642.40"
02/11/2020,699,"1,153",0.61,"11,697.35","11,725.65","11,557.40","11,669.15"
03/11/2020,988,864,1.14,"11,734.45","11,836.20","11,723.30","11,813.50"
04/11/2020,966,872,1.11,"11,783.35","11,929.65","11,756.40","11,908.50"
05/11/2020,"1,340",531,2.52,"12,062.40","12,131.10","12,027.60","12,120.30"
06/11/2020,"1,132",719,1.57,"12,156.65","12,280.40","12,131.85","12,263.55"
09/11/2020,"1,121",767,1.46,"12,399.40","12,474.05","12,367.35","12,461.05"
10/11/2020,827,"1,053",0.79,"12,556.40","12,643.90","12,475.25","12,631.10"
11/11/2020,989,866,1.14,"12,680.60","12,769.75","12,571.10","12,749.15"
12/11/2020,"1,118",762,1.47,"12,702.15","12,741.15","12,624.85","12,690.80"
13/11/2020,"1,134",730,1.55,"12,659.70","12,735.95","12,607.70","12,719.95"
14/11/2020,"1,427",357,4,"12,823.35","12,828.70","12,749.45","12,780.25"
17/11/2020,"1,058",853,1.24,"12,932.50","12,934.05","12,797.10","12,874.20"
18/11/2020,"1,078",812,1.33,"12,860.10","12,948.85","12,819.35","12,938.25"
19/11/2020,829,"1,057",0.78,"12,839.50","12,963.00","12,745.75","12,771.70"
20/11/2020,"1,099",770,1.43,"12,813.40","12,892.45","12,730.25","12,859.05"
23/11/2020,"1,125",793,1.42,"12,960.30","12,968.85","12,825.70","12,926.45"
24/11/2020,"1,097",806,1.36,"13,002.60","13,079.10","12,978.00","13,055.15"
25/11/2020,651,"1,253",0.52,"13,130.00","13,145.85","12,833.65","12,858.40"
26/11/2020,"1,255",622,2.02,"12,906.45","13,018.00","12,790.40","12,987.00"
27/11/2020,"1,212",686,1.77,"13,012.05","13,035.30","12,914.30","12,968.95"
01/12/2020,"1,294",651,1.99,"13,062.20","13,128.40","12,962.80","13,109.05"
02/12/2020,"1,096",796,1.38,"13,121.40","13,128.50","12,983.55","13,113.75"
03/12/2020,"1,393",568,2.45,"13,215.30","13,216.60","13,107.90","13,133.90"
04/12/2020,"1,088",846,1.29,"13,177.40","13,280.05","13,152.85","13,258.55"
07/12/2020,"1,412",532,2.65,"13,264.85","13,366.65","13,241.95","13,355.75"
08/12/2020,941,"1,017",0.93,"13,393.85","13,435.45","13,311.05","13,392.95"
09/12/2020,"1,152",809,1.42,"13,458.10","13,548.90","13,449.60","13,529.10"
10/12/2020,732,"1,214",0.6,"13,488.50","13,503.55","13,399.30","13,478.30"
11/12/2020,"1,125",817,1.38,"13,512.30","13,579.35","13,402.85","13,513.85"
14/12/2020,"1,253",697,1.8,"13,571.45","13,597.50","13,472.45","13,558.15"
15/12/2020,946,"1,012",0.93,"13,547.20","13,589.65","13,447.05","13,567.85"
16/12/2020,"1,216",747,1.63,"13,663.10","13,692.35","13,606.45","13,682.70"
17/12/2020,870,"1,094",0.8,"13,713.55","13,773.25","13,673.55","13,740.70"
18/12/2020,751,"1,196",0.63,"13,764.40","13,772.85","13,658.60","13,760.55"
21/12/2020,259,"1,729",0.15,"13,741.90","13,777.50","13,131.45","13,328.40"
22/12/2020,"1,031",900,1.15,"13,373.65","13,492.05","13,192.90","13,466.30"
23/12/2020,"1,631",322,5.07,"13,473.50","13,619.45","13,432.20","13,601.10"
24/12/2020,"1,116",825,1.35,"13,672.15","13,771.75","13,626.90","13,749.25"
28/12/2020,"1,381",576,2.4,"13,815.15","13,885.30","13,811.55","13,873.20"
29/12/2020,944,"1,008",0.94,"13,910.35","13,967.60","13,859.90","13,932.60"
30/12/2020,"1,020",889,1.15,"13,980.90","13,997.00","13,864.95","13,981.95"
31/12/2020,"1,113",797,1.4,"13,970.00","14,024.85","13,936.45","13,981.75"
01/01/2021,"1,317",591,2.23,"13,996.10","14,049.85","13,991.35","14,018.50"
04/01/2021,"1,375",604,2.28,"14,104.35","14,147.95","13,953.75","14,132.90"
05/01/2021,"1,116",867,1.29,"14,075.15","14,215.60","14,048.15","14,199.50"
06/01/2021,859,"1,121",0.77,"14,240.95","14,244.15","14,039.90","14,146.25"
07/01/2021,"1,210",737,1.64,"14,253.75","14,256.25","14,123.10","14,137.35"
08/01/2021,"1,074",887,1.21,"14,258.40","14,367.30","14,221.65","14,347.25"
11/01/2021,778,"1,210",0.64,"14,474.05","14,498.20","14,383.10","14,484.75"
12/01/2021,"1,037",917,1.13,"14,473.80","14,590.65","14,432.85","14,563.45"
13/01/2021,667,"1,309",0.51,"14,639.80","14,653.35","14,435.70","14,564.85"
14/01/2021,912,"1,022",0.89,"14,550.05","14,617.80","14,471.50","14,595.60"
15/01/2021,518,"1,432",0.36,"14,594.35","14,617.45","14,357.85","14,433.70"
18/01/2021,420,"1,579",0.27,"14,453.30","14,459.15","14,222.80","14,281.30"
19/01/2021,"1,431",517,2.77,"14,371.65","14,546.05","14,350.85","14,521.15"
20/01/2021,997,937,1.06,"14,538.30","14,666.45","14,517.55","14,644.70"
21/01/2021,601,"1,369",0.44,"14,730.95","14,753.55","14,517.25","14,590.35"
22/01/2021,477,"1,472",0.32,"14,583.40","14,619.90","14,357.75","14,371.90"
25/01/2021,501,"1,457",0.34,"14,477.80","14,491.10","14,218.60","14,238.90"
27/01/2021,614,"1,313",0.47,"14,237.95","14,237.95","13,929.30","13,967.50"
28/01/2021,938,975,0.96,"13,810.40","13,898.25","13,713.25","13,817.55"
29/01/2021,868,"1,044",0.83,"13,946.60","13,966.85","13,596.75","13,634.60"
01/02/2021,"1,348",607,2.22,"13,758.60","14,336.35","13,661.75","14,281.20"
02/02/2021,"1,235",715,1.73,"14,481.10","14,731.70","14,469.15","14,647.85"
03/02/2021,"1,189",728,1.63,"14,754.90","14,868.85","14,574.15","14,789.95"
04/02/2021,"1,212",705,1.72,"14,789.05","14,913.70","14,714.75","14,895.65"
05/02/2021,764,"1,155",0.66,"14,952.60","15,014.65","14,864.75","14,924.25"
08/02/2021,"1,106",793,1.39,"15,064.30","15,159.90","15,041.05","15,115.80"
09/02/2021,800,"1,150",0.7,"15,164.15","15,257.10","15,064.30","15,109.30"
10/02/2021,879,"1,048",0.84,"15,119.05","15,168.25","14,977.20","15,106.50"
11/02/2021,"1,106",833,1.33,"15,073.25","15,188.50","15,065.40","15,173.30"
12/02/2021,854,"1,059",0.81,"15,186.20","15,243.50","15,081.00","15,163.30"
15/02/2021,862,"1,116",0.77,"15,270.30","15,340.15","15,243.40","15,314.70"
16/02/2021,822,"1,115",0.74,"15,371.45","15,431.75","15,242.20","15,313.45"
17/02/2021,914,"1,010",0.9,"15,279.90","15,314.30","15,170.75","15,208.90"
18/02/2021,"1,064",862,1.23,"15,238.70","15,250.75","15,078.05","15,118.95"
19/02/2021,646,"1,286",0.5,"15,074.80","15,144.05","14,898.20","14,981.75"
22/02/2021,569,"1,395",0.41,"14,999.05","15,010.10","14,635.05","14,675.70"
23/02/2021,"1,156",755,1.53,"14,782.25","14,854.50","14,651.85","14,707.80"
24/02/2021,"1,200",632,1.9,"14,729.15","15,008.80","14,723.05","14,982.00"
25/02/2021,"1,258",677,1.86,"15,079.85","15,176.50","15,065.35","15,097.35"
26/02/2021,580,"1,368",0.42,"14,888.60","14,919.45","14,467.75","14,529.15"
01/03/2021,"1,297",700,1.85,"14,702.50","14,806.80","14,638.55","14,761.55"
02/03/2021,"1,189",729,1.63,"14,865.30","14,959.10","14,760.80","14,919.10"
03/03/2021,"1,206",734,1.64,"15,064.40","15,273.15","14,995.80","15,245.60"
04/03/2021,"1,047",896,1.17,"15,026.75","15,202.35","14,980.20","15,080.75"
05/03/2021,537,"1,423",0.38,"14,977.95","15,092.35","14,862.10","14,938.10"
08/03/2021,"1,038",927,1.12,"15,002.45","15,111.15","14,919.90","14,956.20"
09/03/2021,744,"1,208",0.62,"15,049.90","15,126.85","14,925.45","15,098.40"
10/03/2021,"1,080",851,1.27,"15,202.15","15,218.45","15,100.85","15,174.80"
12/03/2021,786,"1,174",0.67,"15,321.15","15,336.30","14,953.60","15,030.95"
15/03/2021,691,"1,316",0.53,"15,048.40","15,048.40","14,745.85","14,929.50"
16/03/2021,913,"1,022",0.89,"14,996.10","15,051.60","14,890.65","14,910.45"
17/03/2021,382,"1,582",0.24,"14,946.55","14,956.55","14,696.05","14,721.30"
18/03/2021,425,"1,529",0.28,"14,855.50","14,875.20","14,478.60","14,557.85"
19/03/2021,"1,017",915,1.11,"14,471.15","14,788.25","14,350.10","14,744.00"
22/03/2021,"1,062",930,1.14,"14,736.30","14,763.90","14,597.85","14,736.40"
23/03/2021,"1,157",778,1.49,"14,768.55","14,878.60","14,707.00","14,814.75"
24/03/2021,441,"1,492",0.3,"14,712.45","14,752.35","14,535.00","14,549.40"
25/03/2021,359,"1,615",0.22,"14,570.90","14,575.60","14,264.40","14,324.90"
26/03/2021,"1,157",769,1.5,"14,506.30","14,572.90","14,414.25","14,507.30"
30/03/2021,"1,049",917,1.14,"14,628.50","14,876.30","14,617.60","14,845.10"
31/03/2021,925,"1,008",0.92,"14,811.85","14,813.75","14,670.25","14,690.70"
01/04/2021,"1,594",355,4.49,"14,798.40","14,883.20","14,692.45","14,867.35"
05/04/2021,623,"1,374",0.45,"14,837.70","14,849.85","14,459.50","14,637.80"
06/04/2021,"1,158",774,1.5,"14,737.00","14,779.10","14,573.90","14,683.50"
07/04/2021,"1,277",647,1.97,"14,716.45","14,879.80","14,649.85","14,819.05"
08/04/2021,"1,242",707,1.76,"14,875.65","14,984.15","14,821.10","14,873.80"
09/04/2021,"1,071",844,1.27,"14,882.65","14,918.45","14,785.65","14,834.85"
12/04/2021,229,"1,781",0.13,"14,644.65","14,652.50","14,248.70","14,310.80"
13/04/2021,"1,407",519,2.71,"14,364.90","14,528.90","14,274.90","14,504.80"
15/04/2021,754,"1,166",0.65,"14,522.40","14,597.55","14,353.20","14,581.45"
16/04/2021,"1,133",763,1.48,"14,599.60","14,697.70","14,559.00","14,617.85"
19/04/2021,380,"1,598",0.24,"14,306.60","14,382.30","14,191.40","14,359.45"
20/04/2021,"1,073",828,1.3,"14,526.70","14,526.95","14,207.30","14,296.40"
22/04/2021,"1,136",782,1.45,"14,219.15","14,424.75","14,151.40","14,406.15"
23/04/2021,"1,028",864,1.19,"14,326.35","14,461.15","14,273.30","14,341.35"
26/04/2021,"1,281",664,1.93,"14,449.45","14,557.50","14,421.30","14,485.00"
27/04/2021,"1,325",570,2.32,"14,493.80","14,667.55","14,484.85","14,653.05"
28/04/2021,"1,204",716,1.68,"14,710.50","14,890.25","14,694.95","14,864.55"
29/04/2021,867,"1,042",0.83,"14,979.00","15,044.35","14,814.45","14,894.90"
30/04/2021,799,"1,087",0.74,"14,747.35","14,855.45","14,601.70","14,631.10"
03/05/2021,"1,162",788,1.47,"14,481.05","14,673.85","14,416.25","14,634.15"
04/05/2021,778,"1,134",0.69,"14,687.25","14,723.40","14,461.50","14,496.50"
05/05/2021,"1,187",707,1.68,"14,604.15","14,637.90","14,506.60","14,617.85"
06/05/2021,"1,056",850,1.24,"14,668.35","14,743.90","14,611.50","14,724.80"
07/05/2021,"1,097",834,1.32,"14,816.85","14,863.05","14,765.50","14,823.15"
10/05/2021,"1,353",643,2.1,"14,928.25","14,966.90","14,892.50","14,942.35"
11/05/2021,"1,182",772,1.53,"14,789.70","14,900.00","14,771.40","14,850.75"
12/05/2021,887,"1,089",0.81,"14,823.55","14,824.05","14,649.70","14,696.50"
14/05/2021,761,"1,220",0.62,"14,749.40","14,749.65","14,591.90","14,677.80"
17/05/2021,"1,340",650,2.06,"14,756.25","14,938.00","14,725.35","14,923.15"
18/05/2021,"1,201",756,1.59,"15,067.20","15,137.25","15,043.70","15,108.10"
19/05/2021,"1,107",857,1.29,"15,058.60","15,133.40","15,008.85","15,030.15"
20/05/2021,942,"1,010",0.93,"15,042.60","15,069.80","14,884.90","14,906.05"
21/05/2021,"1,202",751,1.6,"14,987.80","15,190.00","14,985.85","15,175.30"
24/05/2021,"1,202",796,1.51,"15,211.35","15,256.25","15,145.45","15,197.70"
25/05/2021,"1,030",950,1.08,"15,291.75","15,293.85","15,163.40","15,208.45"
26/05/2021,"1,244",737,1.69,"15,257.05","15,319.90","15,194.95","15,301.45"
27/05/2021,"1,037",922,1.12,"15,323.95","15,384.55","15,272.50","15,337.85"
28/05/2021,774,"1,207",0.64,"15,421.20","15,469.65","15,394.75","15,435.65"
31/05/2021,"1,102",914,1.21,"15,437.75","15,606.35","15,374.00","15,582.80"
01/06/2021,730,"1,247",0.59,"15,629.65","15,660.75","15,528.30","15,574.85"
02/06/2021,"1,375",587,2.34,"15,520.35","15,597.45","15,459.85","15,576.20"
03/06/2021,"1,360",625,2.18,"15,655.55","15,705.10","15,611.00","15,690.35"
04/06/2021,"1,116",859,1.3,"15,712.50","15,733.60","15,622.35","15,670.25"
07/06/2021,"1,418",637,2.23,"15,725.10","15,773.45","15,678.10","15,751.65"
08/06/2021,"1,059",915,1.16,"15,773.90","15,778.80","15,680.00","15,740.10"
09/06/2021,708,"1,282",0.55,"15,766.30","15,800.45","15,566.90","15,635.35"
10/06/2021,"1,543",473,3.26,"15,692.10","15,751.25","15,648.50","15,737.75"
11/06/2021,"1,043",959,1.09,"15,796.45","15,835.55","15,749.80","15,799.35"
14/06/2021,899,"1,138",0.79,"15,791.40","15,823.05","15,606.50","15,811.85"
15/06/2021,"1,188",810,1.47,"15,866.95","15,901.60","15,842.40","15,869.25"
16/06/2021,726,"1,291",0.56,"15,847.50","15,880.85","15,742.60","15,767.55"
17/06/2021,687,"1,324",0.52,"15,648.30","15,769.35","15,616.75","15,691.40"
18/06/2021,565,"1,436",0.39,"15,756.50","15,761.50","15,450.90","15,683.35"
21/06/2021,"1,255",770,1.63,"15,525.85","15,765.15","15,505.65","15,746.50"
22/06/2021,"1,212",792,1.53,"15,840.50","15,895.75","15,752.10","15,772.75"
23/06/2021,782,"1,194",0.65,"15,862.80","15,862.95","15,673.95","15,686.95"
24/06/2021,783,"1,186",0.66,"15,737.30","15,821.40","15,702.70","15,790.45"
25/06/2021,"1,070",902,1.19,"15,839.35","15,870.80","15,772.30","15,860.35"
28/06/2021,"1,069",940,1.14,"15,915.35","15,915.65","15,792.15","15,814.70"
29/06/2021,903,"1,084",0.83,"15,807.50","15,835.90","15,724.05","15,748.45"
30/06/2021,965,"1,017",0.95,"15,776.90","15,839.10","15,708.75","15,721.50"
01/07/2021,966,"1,011",0.96,"15,755.05","15,755.55","15,667.05","15,680.00"
02/07/2021,"1,165",804,1.45,"15,705.85","15,738.35","15,635.95","15,722.20"
05/07/2021,"1,338",696,1.92,"15,793.40","15,845.95","15,762.05","15,834.35"
06/07/2021,865,"1,124",0.77,"15,813.75","15,914.20","15,801.00","15,818.25"
07/07/2021,"1,065",924,1.15,"15,819.60","15,893.55","15,779.70","15,879.65"
08/07/2021,750,"1,213",0.62,"15,855.40","15,885.75","15,682.90","15,727.90"
09/07/2021,"1,088",869,1.25,"15,688.25","15,730.85","15,632.75","15,689.80"
12/07/2021,"1,181",842,1.4,"15,766.80","15,789.20","15,644.75","15,692.60"
13/07/2021,"1,063",921,1.15,"15,794.00","15,820.80","15,744.60","15,812.35"
14/07/2021,"1,029",957,1.08,"15,808.70","15,877.35","15,764.20","15,853.95"
15/07/2021,927,"1,067",0.87,"15,872.15","15,952.35","15,855.00","15,924.20"
16/07/2021,"1,007",975,1.03,"15,958.35","15,962.25","15,882.60","15,923.40"
19/07/2021,915,"1,114",0.82,"15,754.50","15,836.90","15,707.50","15,752.40"
20/07/2021,479,"1,511",0.32,"15,703.95","15,728.45","15,578.55","15,632.10"
22/07/2021,"1,369",638,2.15,"15,736.60","15,834.80","15,726.40","15,824.05"
23/07/2021,875,"1,120",0.78,"15,856.80","15,899.80","15,768.40","15,856.05"
26/07/2021,969,"1,062",0.91,"15,849.30","15,893.35","15,797.00","15,824.45"
27/07/2021,855,"1,153",0.74,"15,860.50","15,881.55","15,701.00","15,746.45"
28/07/2021,746,"1,223",0.61,"15,761.55","15,767.50","15,513.45","15,709.40"
29/07/2021,"1,202",793,1.52,"15,762.70","15,817.35","15,737.80","15,778.45"
30/07/2021,"1,059",906,1.17,"15,800.60","15,862.80","15,744.85","15,763.05"
02/08/2021,"1,329",709,1.87,"15,874.90","15,892.90","15,834.65","15,885.15"
03/08/2021,"1,014",990,1.02,"15,951.55","16,146.90","15,914.35","16,130.75"
04/08/2021,609,"1,406",0.43,"16,195.25","16,290.20","16,176.15","16,258.80"
05/08/2021,661,"1,347",0.49,"16,288.95","16,349.45","16,210.30","16,294.60"
06/08/2021,"1,072",911,1.18,"16,304.40","16,336.75","16,223.30","16,238.20"
09/08/2021,673,"1,363",0.49,"16,281.35","16,320.75","16,179.05","16,258.25"
10/08/2021,350,"1,673",0.21,"16,274.80","16,359.25","16,202.25","16,280.10"
11/08/2021,652,"1,352",0.48,"16,327.30","16,338.75","16,162.55","16,282.25"
12/08/2021,"1,598",410,3.9,"16,303.65","16,375.50","16,286.90","16,364.40"
13/08/2021,938,"1,052",0.89,"16,385.70","16,543.60","16,376.30","16,529.10"
16/08/2021,654,"1,355",0.48,"16,518.40","16,589.40","16,480.75","16,563.05"
17/08/2021,676,"1,319",0.51,"16,545.25","16,628.55","16,495.40","16,614.60"
18/08/2021,687,"1,322",0.52,"16,691.95","16,701.85","16,535.85","16,568.85"
20/08/2021,392,"1,633",0.24,"16,382.50","16,509.55","16,376.05","16,450.50"
23/08/2021,444,"1,619",0.27,"16,592.25","16,592.50","16,395.70","16,496.45"
24/08/2021,"1,502",487,3.08,"16,561.40","16,647.10","16,495.30","16,624.60"
25/08/2021,"1,257",719,1.75,"16,654.00","16,712.45","16,617.50","16,634.65"
26/08/2021,"1,003",988,1.02,"16,627.95","16,683.70","16,603.40","16,636.90"
27/08/2021,"1,212",778,1.56,"16,642.55","16,722.05","16,565.60","16,705.20"
30/08/2021,"1,420",611,2.32,"16,775.85","16,951.50","16,764.85","16,931.05"
31/08/2021,995,999,1,"16,947.50","17,153.50","16,915.85","17,132.20"
01/09/2021,941,"1,058",0.89,"17,185.60","17,225.75","17,055.05","17,076.25"
02/09/2021,"1,304",678,1.92,"17,095.40","17,245.50","17,059.70","17,234.15"
03/09/2021,"1,020",955,1.07,"17,262.45","17,340.10","17,212.20","17,323.60"
06/09/2021,"1,015","1,006",1.01,"17,399.35","17,429.55","17,345.55","17,377.80"
07/09/2021,682,"1,299",0.53,"17,401.55","17,436.50","17,287.00","17,362.10"
08/09/2021,"1,061",916,1.16,"17,375.75","17,383.40","17,254.20","17,353.50"
09/09/2021,"1,086",897,1.21,"17,312.85","17,379.65","17,302.70","17,369.25"
13/09/2021,"1,053",977,1.08,"17,363.55","17,378.35","17,269.15","17,355.30"
14/09/2021,"1,199",819,1.46,"17,420.35","17,438.55","17,367.05","17,380.00"
15/09/2021,"1,278",741,1.72,"17,387.65","17,532.70","17,386.90","17,519.45"
16/09/2021,950,"1,057",0.9,"17,539.20","17,644.60","17,510.45","17,629.50"
17/09/2021,569,"1,431",0.4,"17,709.65","17,792.95","17,537.65","17,585.15"
20/09/2021,448,"1,618",0.28,"17,443.85","17,622.75","17,361.80","17,396.90"
21/09/2021,971,"1,036",0.94,"17,450.50","17,578.35","17,326.10","17,562.00"
22/09/2021,"1,353",654,2.07,"17,580.90","17,610.45","17,524.00","17,546.65"
23/09/2021,"1,240",779,1.59,"17,670.85","17,843.90","17,646.55","17,822.95"
24/09/2021,736,"1,298",0.57,"17,897.45","17,947.65","17,819.40","17,853.20"
27/09/2021,912,"1,123",0.81,"17,932.20","17,943.50","17,802.90","17,855.10"
28/09/2021,776,"1,250",0.62,"17,906.45","17,912.85","17,576.10","17,748.60"
29/09/2021,"1,143",865,1.32,"17,657.95","17,781.75","17,608.15","17,711.30"
30/09/2021,"1,034",999,1.04,"17,718.90","17,742.15","17,585.35","17,618.15"
01/10/2021,"1,051",962,1.09,"17,531.90","17,557.15","17,452.90","17,532.05"
04/10/2021,"1,506",545,2.76,"17,615.55","17,750.90","17,581.35","17,691.25"
05/10/2021,"1,227",807,1.52,"17,661.35","17,833.45","17,640.90","17,822.30"
06/10/2021,721,"1,326",0.54,"17,861.50","17,884.60","17,613.15","17,646.00"
07/10/2021,"1,425",608,2.34,"17,810.55","17,857.55","17,763.80","17,790.35"
08/10/2021,"1,089",960,1.13,"17,886.85","17,941.85","17,840.35","17,895.20"
11/10/2021,"1,118",963,1.16,"17,867.55","18,041.95","17,839.10","17,945.95"
12/10/2021,"1,034","1,019",1.01,"17,915.80","18,008.65","17,864.95","17,991.95"
13/10/2021,"1,062",987,1.08,"18,097.85","18,197.80","18,050.75","18,161.75"
14/10/2021,"1,017","1,044",0.97,"18,272.85","18,350.75","18,248.70","18,338.55"
18/10/2021,"1,059","1,040",1.02,"18,500.10","18,543.15","18,445.30","18,477.05"
19/10/2021,459,"1,617",0.28,"18,602.35","18,604.45","18,377.70","18,418.75"
20/10/2021,415,"1,636",0.25,"18,439.90","18,458.30","18,209.35","18,266.60"
21/10/2021,920,"1,116",0.82,"18,382.70","18,384.20","18,048.00","18,178.10"
22/10/2021,715,"1,311",0.55,"18,230.70","18,314.25","18,034.35","18,114.90"
25/10/2021,538,"1,531",0.35,"18,229.50","18,241.40","17,968.50","18,125.40"
26/10/2021,"1,530",514,2.98,"18,154.50","18,310.45","18,099.30","18,268.40"
27/10/2021,"1,039",991,1.05,"18,295.85","18,342.05","18,167.90","18,210.95"
28/10/2021,433,"1,628",0.27,"18,187.65","18,190.70","17,799.45","17,857.25"
29/10/2021,802,"1,209",0.66,"17,833.05","17,915.85","17,613.10","17,671.65"
01/11/2021,"1,398",646,2.16,"17,783.15","17,954.10","17,697.10","17,929.65"
02/11/2021,"1,300",734,1.77,"17,970.90","18,012.25","17,847.60","17,888.95"
03/11/2021,882,"1,140",0.77,"17,947.95","17,988.75","17,757.95","17,829.20"
04/11/2021,"1,698",266,6.38,"17,935.05","17,947.55","17,900.60","17,916.80"
08/11/2021,"1,120",964,1.16,"18,040.20","18,087.80","17,836.10","18,068.55"
09/11/2021,"1,197",828,1.45,"18,084.35","18,112.60","17,983.05","18,044.25"
10/11/2021,986,"1,043",0.95,"17,973.45","18,061.25","17,915.00","18,017.20"
11/11/2021,794,"1,268",0.63,"17,967.45","17,971.35","17,798.20","17,873.60"
12/11/2021,975,"1,056",0.92,"17,977.60","18,123.00","17,905.90","18,102.75"
15/11/2021,721,"1,379",0.52,"18,140.95","18,210.15","18,071.30","18,109.45"
16/11/2021,934,"1,124",0.83,"18,127.05","18,132.65","17,958.80","17,999.20"
17/11/2021,792,"1,259",0.63,"17,939.35","18,022.65","17,879.25","17,898.65"
18/11/2021,474,"1,594",0.3,"17,890.55","17,945.60","17,688.50","17,764.80"
22/11/2021,349,"1,758",0.2,"17,796.25","17,805.25","17,280.45","17,416.55"
23/11/2021,"1,548",495,3.13,"17,281.75","17,553.70","17,216.10","17,503.35"
24/11/2021,"1,175",866,1.36,"17,550.05","17,600.60","17,354.00","17,415.05"
25/11/2021,"1,273",763,1.67,"17,417.30","17,564.35","17,351.70","17,536.25"
26/11/2021,428,"1,657",0.26,"17,338.75","17,355.40","16,985.70","17,026.45"
29/11/2021,441,"1,656",0.27,"17,055.80","17,160.70","16,782.40","17,053.95"
30/11/2021,"1,164",893,1.3,"17,051.15","17,324.65","16,931.40","16,983.20"
01/12/2021,"1,206",850,1.42,"17,104.40","17,213.05","17,064.25","17,166.90"
02/12/2021,"1,439",627,2.3,"17,183.20","17,420.35","17,149.30","17,401.65"
03/12/2021,"1,088",974,1.12,"17,424.90","17,489.80","17,180.80","17,196.70"
06/12/2021,640,"1,439",0.44,"17,209.05","17,216.75","16,891.70","16,912.25"
07/12/2021,"1,544",511,3.02,"17,044.10","17,251.65","16,987.75","17,176.70"
08/12/2021,"1,550",534,2.9,"17,315.25","17,484.60","17,308.95","17,469.75"
09/12/2021,"1,277",780,1.64,"17,524.40","17,543.25","17,379.60","17,516.85"
10/12/2021,"1,282",783,1.64,"17,476.05","17,534.35","17,405.25","17,511.30"
13/12/2021,"1,035","1,083",0.96,"17,619.10","17,639.50","17,355.95","17,368.25"
14/12/2021,995,"1,101",0.9,"17,283.20","17,376.20","17,225.80","17,324.90"
15/12/2021,844,"1,229",0.69,"17,323.65","17,351.20","17,192.20","17,221.40"
16/12/2021,709,"1,354",0.52,"17,373.00","17,379.35","17,184.95","17,248.40"
17/12/2021,437,"1,731",0.25,"17,276.00","17,298.15","16,966.45","16,985.20"
20/12/2021,245,"1,893",0.13,"16,824.25","16,840.10","16,410.20","16,614.20"
21/12/2021,"1,480",610,2.43,"16,773.15","16,936.40","16,688.25","16,770.85"
22/12/2021,"1,572",513,3.06,"16,865.55","16,971.00","16,819.50","16,955.45"
23/12/2021,"1,363",720,1.89,"17,066.80","17,118.65","17,015.55","17,072.60"
24/12/2021,731,"1,347",0.54,"17,149.50","17,155.60","16,909.60","17,003.75"
27/12/2021,"1,204",919,1.31,"16,937.75","17,112.05","16,833.20","17,086.25"
28/12/2021,"1,612",472,3.42,"17,177.60","17,250.25","17,161.15","17,233.25"
29/12/2021,"1,143",963,1.19,"17,220.10","17,285.95","17,176.65","17,213.60"
30/12/2021,963,"1,142",0.84,"17,201.45","17,264.05","17,146.35","17,203.95"
31/12/2021,"1,522",595,2.56,"17,244.50","17,400.80","17,238.50","17,354.05"
03/01/2022,"1,619",544,2.98,"17,387.15","17,646.65","17,383.30","17,625.70"
04/01/2022,"1,115","1,013",1.1,"17,681.40","17,827.60","17,593.55","17,805.25"
05/01/2022,"1,093","1,041",1.05,"17,820.10","17,944.70","17,748.85","17,925.25"
06/01/2022,"1,069","1,040",1.03,"17,768.50","17,797.95","17,655.55","17,745.90"
07/01/2022,"1,180",935,1.26,"17,797.60","17,905.00","17,704.55","17,812.70"
10/01/2022,"1,538",628,2.45,"17,913.30","18,017.45","17,879.15","18,003.30"
11/01/2022,"1,036","1,111",0.93,"17,997.75","18,081.25","17,964.40","18,055.75"
12/01/2022,"1,148",975,1.18,"18,170.40","18,227.95","18,128.80","18,212.35"
13/01/2022,"1,110",989,1.12,"18,257.00","18,272.25","18,163.80","18,257.80"
14/01/2022,"1,239",848,1.46,"18,185.00","18,286.95","18,119.65","18,255.75"
17/01/2022,"1,296",864,1.5,"18,235.65","18,321.55","18,228.75","18,308.10"
18/01/2022,511,"1,626",0.31,"18,337.20","18,350.95","18,085.90","18,113.05"
19/01/2022,898,"1,216",0.74,"18,129.20","18,129.20","17,884.90","17,938.40"
20/01/2022,"1,042","1,066",0.98,"17,921.00","17,943.70","17,648.45","17,757.00"
21/01/2022,461,"1,672",0.28,"17,613.70","17,707.60","17,485.85","17,617.15"
24/01/2022,187,"2,008",0.09,"17,575.15","17,599.40","16,997.85","17,149.10"
25/01/2022,"1,363",769,1.77,"17,001.55","17,309.15","16,836.80","17,277.95"
27/01/2022,859,"1,276",0.67,"17,062.00","17,182.50","16,866.75","17,110.15"
28/01/2022,"1,296",815,1.59,"17,208.30","17,373.50","17,077.10","17,101.95"
31/01/2022,"1,212",947,1.28,"17,301.05","17,410.00","17,264.15","17,339.85"
01/02/2022,"1,165",946,1.23,"17,529.45","17,622.40","17,244.55","17,576.85"
02/02/2022,"1,558",569,2.74,"17,706.20","17,794.60","17,674.80","17,780.00"
03/02/2022,982,"1,141",0.86,"17,767.75","17,781.15","17,511.15","17,560.20"
04/02/2022,834,"1,265",0.66,"17,590.20","17,617.80","17,462.55","17,516.30"
07/02/2022,723,"1,425",0.51,"17,456.30","17,536.75","17,119.40","17,213.60"
08/02/2022,580,"1,546",0.38,"17,279.85","17,306.45","17,043.65","17,266.75"
09/02/2022,"1,181",946,1.25,"17,370.10","17,477.15","17,339.00","17,463.80"
10/02/2022,"1,056","1,042",1.01,"17,554.10","17,639.45","17,427.15","17,605.85"
11/02/2022,479,"1,628",0.29,"17,451.00","17,454.75","17,303.00","17,374.75"
14/02/2022,264,"1,906",0.14,"17,076.15","17,099.50","16,809.65","16,842.80"
15/02/2022,"1,467",662,2.22,"16,933.25","17,375.00","16,839.25","17,352.45"
16/02/2022,"1,277",830,1.54,"17,408.45","17,490.60","17,257.70","17,322.20"
17/02/2022,749,"1,367",0.55,"17,396.55","17,442.90","17,235.85","17,304.60"
18/02/2022,629,"1,492",0.42,"17,236.05","17,380.80","17,219.20","17,276.30"
21/02/2022,323,"1,842",0.18,"17,192.25","17,351.05","17,070.70","17,206.65"
22/02/2022,387,"1,771",0.22,"16,847.95","17,148.55","16,843.80","17,092.20"
23/02/2022,"1,471",648,2.27,"17,194.50","17,220.70","17,027.85","17,063.25"
24/02/2022,159,"2,027",0.08,"16,548.90","16,705.25","16,203.25","16,247.95"
25/02/2022,"1,788",337,5.31,"16,515.65","16,748.80","16,478.30","16,658.40"
28/02/2022,"1,353",773,1.75,"16,481.60","16,815.90","16,356.30","16,793.90"
02/03/2022,"1,027","1,115",0.92,"16,593.10","16,678.50","16,478.65","16,605.95"
03/03/2022,"1,158",948,1.22,"16,723.20","16,768.95","16,442.95","16,498.05"
04/03/2022,561,"1,565",0.36,"16,339.45","16,456.00","16,133.80","16,245.35"
07/03/2022,429,"1,757",0.24,"15,867.95","15,944.60","15,711.45","15,863.15"
08/03/2022,"1,498",614,2.44,"15,747.75","16,028.75","15,671.45","16,013.45"
09/03/2022,"1,748",379,4.61,"16,078.00","16,418.05","15,990.00","16,345.35"
10/03/2022,"1,512",619,2.44,"16,757.10","16,757.30","16,447.90","16,594.90"
11/03/2022,"1,297",811,1.6,"16,528.80","16,694.40","16,470.90","16,630.45"
14/03/2022,975,"1,161",0.84,"16,633.70","16,887.95","16,606.50","16,871.30"
15/03/2022,607,"1,516",0.4,"16,900.65","16,927.75","16,555.00","16,663.00"
16/03/2022,"1,510",600,2.52,"16,876.65","16,987.90","16,837.85","16,975.35"
17/03/2022,"1,357",765,1.77,"17,202.90","17,344.60","17,175.75","17,287.05"
21/03/2022,893,"1,258",0.71,"17,329.50","17,353.35","17,096.40","17,117.60"
22/03/2022,978,"1,151",0.85,"17,120.40","17,334.40","17,006.30","17,315.50"
23/03/2022,849,"1,250",0.68,"17,405.05","17,442.40","17,199.60","17,245.65"
24/03/2022,868,"1,254",0.69,"17,094.95","17,291.75","17,091.15","17,222.75"
25/03/2022,712,"1,410",0.5,"17,289.00","17,294.90","17,076.55","17,153.00"
28/03/2022,672,"1,507",0.45,"17,181.85","17,235.10","17,003.90","17,222.00"
29/03/2022,921,"1,237",0.74,"17,297.20","17,343.65","17,235.70","17,325.30"
30/03/2022,"1,376",751,1.83,"17,468.15","17,522.50","17,387.20","17,498.25"
31/03/2022,931,"1,188",0.78,"17,519.20","17,559.80","17,435.20","17,464.75"
01/04/2022,"1,785",356,5.01,"17,436.90","17,703.70","17,422.70","17,670.45"
04/04/2022,"1,696",464,3.66,"17,809.10","18,114.65","17,791.40","18,053.40"
05/04/2022,"1,487",655,2.27,"18,080.60","18,095.45","17,921.55","17,957.40"
06/04/2022,"1,313",834,1.57,"17,842.75","17,901.00","17,779.85","17,807.65"
07/04/2022,917,"1,229",0.75,"17,723.30","17,787.50","17,623.70","17,639.55"
08/04/2022,"1,463",688,2.13,"17,698.15","17,842.75","17,600.55","17,784.35"
11/04/2022,"1,195",993,1.2,"17,740.90","17,779.05","17,650.95","17,674.95"
12/04/2022,549,"1,609",0.34,"17,584.85","17,595.30","17,442.35","17,530.30"
13/04/2022,"1,193",953,1.25,"17,599.90","17,663.65","17,457.40","17,475.65"
18/04/2022,869,"1,344",0.65,"17,183.45","17,237.75","17,067.85","17,173.65"
19/04/2022,668,"1,469",0.45,"17,258.95","17,275.65","16,824.70","16,958.65"
20/04/2022,"1,075","1,084",0.99,"17,045.25","17,186.90","16,978.95","17,136.55"
21/04/2022,"1,495",614,2.43,"17,234.60","17,414.70","17,215.50","17,392.60"
22/04/2022,789,"1,343",0.59,"17,242.75","17,315.30","17,149.20","17,171.95"
25/04/2022,441,"1,738",0.25,"17,009.05","17,054.30","16,888.70","16,953.95"
26/04/2022,"1,281",865,1.48,"17,121.30","17,223.85","17,064.45","17,200.80"
27/04/2022,596,"1,546",0.39,"17,073.35","17,110.70","16,958.45","17,038.40"
28/04/2022,"1,023","1,106",0.92,"17,189.50","17,322.50","17,071.05","17,245.05"
29/04/2022,702,"1,421",0.49,"17,329.25","17,377.65","17,053.25","17,102.55"
02/05/2022,698,"1,465",0.48,"16,924.45","17,092.25","16,917.25","17,069.10"
04/05/2022,364,"1,815",0.2,"17,096.60","17,132.85","16,623.95","16,677.60"
05/05/2022,920,"1,221",0.75,"16,854.75","16,945.70","16,651.85","16,682.65"
06/05/2022,401,"1,754",0.23,"16,415.55","16,484.20","16,340.90","16,411.25"
09/05/2022,515,"1,645",0.37,"16,227.70","16,403.70","16,142.10","16,301.85"
10/05/2022,441,"1,722",0.26,"16,248.90","16,404.55","16,197.30","16,240.05"
11/05/2022,423,"1,729",0.24,"16,270.05","16,318.75","15,992.60","16,167.10"
12/05/2022,408,"1,779",0.23,"16,021.10","16,041.95","15,735.75","15,808.00"
13/05/2022,"1,420",709,2,"15,977.00","16,083.60","15,740.85","15,782.15"
16/05/2022,"1,406",746,1.88,"15,845.10","15,977.95","15,739.65","15,842.30"
17/05/2022,"1,828",322,5.68,"15,912.60","16,284.25","15,900.80","16,259.30"
18/05/2022,"1,164",976,1.19,"16,318.15","16,399.80","16,211.20","16,240.30"
19/05/2022,399,"1,760",0.23,"15,917.40","15,984.75","15,775.20","15,809.40"
20/05/2022,"1,763",372,4.74,"16,043.80","16,283.05","16,003.85","16,266.15"
23/05/2022,849,"1,325",0.64,"16,290.95","16,414.70","16,185.75","16,214.70"
24/05/2022,573,"1,574",0.36,"16,225.55","16,262.80","16,078.60","16,125.15"
25/05/2022,352,"1,799",0.2,"16,196.35","16,223.35","16,006.95","16,025.80"
26/05/2022,"1,171",974,1.2,"16,105.00","16,204.45","15,903.70","16,170.15"
27/05/2022,"1,528",627,2.44,"16,296.60","16,370.60","16,221.95","16,352.45"
30/05/2022,"1,606",559,2.87,"16,527.90","16,695.50","16,506.15","16,661.40"
31/05/2022,"1,129",991,1.14,"16,578.45","16,690.75","16,521.90","16,584.55"
01/06/2022,"1,111","1,008",1.1,"16,594.40","16,649.20","16,438.85","16,522.75"
02/06/2022,"1,303",814,1.6,"16,481.65","16,646.40","16,443.05","16,628.00"
03/06/2022,734,"1,409",0.52,"16,761.65","16,793.85","16,567.90","16,584.30"
06/06/2022,814,"1,333",0.61,"16,530.70","16,610.95","16,444.55","16,569.55"
07/06/2022,694,"1,432",0.48,"16,469.60","16,487.25","16,347.10","16,416.35"
08/06/2022,900,"1,232",0.73,"16,474.95","16,514.30","16,293.35","16,356.25"
09/06/2022,"1,098","1,008",1.09,"16,263.85","16,492.80","16,243.85","16,478.10"
10/06/2022,665,"1,462",0.45,"16,283.95","16,324.70","16,172.60","16,201.80"
13/06/2022,244,"1,942",0.13,"15,877.55","15,886.15","15,684.00","15,774.40"
14/06/2022,882,"1,220",0.72,"15,674.25","15,858.00","15,659.45","15,732.10"
15/06/2022,"1,145",961,1.19,"15,729.25","15,783.65","15,678.90","15,692.15"
16/06/2022,292,"1,874",0.16,"15,832.25","15,863.15","15,335.10","15,360.60"
17/06/2022,637,"1,500",0.42,"15,272.65","15,400.40","15,183.40","15,293.50"
20/06/2022,383,"1,816",0.21,"15,334.50","15,382.50","15,191.10","15,350.15"
21/06/2022,"1,792",387,4.63,"15,455.95","15,707.25","15,419.85","15,638.80"
22/06/2022,629,"1,515",0.42,"15,545.65","15,565.40","15,385.95","15,413.30"
23/06/2022,"1,437",667,2.15,"15,451.55","15,628.45","15,367.50","15,556.65"
24/06/2022,"1,678",452,3.73,"15,657.40","15,749.25","15,619.45","15,699.25"
27/06/2022,"1,591",550,2.89,"15,926.20","15,927.45","15,815.50","15,832.05"
28/06/2022,"1,131",986,1.15,"15,757.45","15,892.10","15,710.15","15,850.20"
29/06/2022,848,"1,257",0.67,"15,701.70","15,861.60","15,687.80","15,799.10"
30/06/2022,755,"1,357",0.56,"15,774.50","15,890.00","15,728.85","15,780.25"
01/07/2022,"1,111",999,1.11,"15,703.70","15,793.95","15,511.05","15,752.05"
04/07/2022,"1,345",803,1.67,"15,710.50","15,852.35","15,661.80","15,835.35"
05/07/2022,"1,063","1,037",1.03,"15,909.15","16,025.75","15,785.45","15,810.85"
06/07/2022,"1,219",902,1.35,"15,818.20","16,011.35","15,800.90","15,989.80"
07/07/2022,"1,486",631,2.35,"16,113.75","16,150.50","16,045.95","16,132.90"
08/07/2022,"1,156",948,1.22,"16,273.65","16,275.50","16,157.90","16,220.60"
11/07/2022,"1,351",778,1.74,"16,136.15","16,248.55","16,115.50","16,216.00"
12/07/2022,865,"1,243",0.7,"16,126.20","16,158.75","16,031.15","16,058.30"
13/07/2022,973,"1,141",0.85,"16,128.20","16,140.00","15,950.15","15,966.65"
14/07/2022,744,"1,360",0.55,"16,018.85","16,070.85","15,858.20","15,938.65"
15/07/2022,"1,119",986,1.13,"16,010.80","16,066.95","15,927.30","16,049.20"
18/07/2022,"1,578",565,2.79,"16,151.40","16,287.95","16,142.20","16,278.50"
19/07/2022,"1,302",834,1.56,"16,187.05","16,359.50","16,187.05","16,340.55"
20/07/2022,"1,228",899,1.37,"16,562.80","16,588.00","16,490.95","16,520.85"
21/07/2022,"1,300",824,1.58,"16,523.55","16,626.95","16,483.90","16,605.25"
22/07/2022,"1,130",988,1.14,"16,661.25","16,752.25","16,610.90","16,719.45"
25/07/2022,882,"1,290",0.68,"16,662.55","16,706.05","16,564.25","16,631.00"
26/07/2022,582,"1,543",0.38,"16,632.90","16,636.10","16,463.30","16,483.85"
27/07/2022,"1,177",943,1.25,"16,475.35","16,653.45","16,438.75","16,641.80"
28/07/2022,"1,258",879,1.43,"16,774.85","16,947.65","16,746.25","16,929.60"
29/07/2022,"1,424",714,1.99,"17,079.50","17,172.80","17,018.15","17,158.25"
01/08/2022,"1,550",630,2.46,"17,243.20","17,356.25","17,154.80","17,340.05"
02/08/2022,"1,224",913,1.34,"17,310.15","17,390.15","17,215.85","17,345.45"
03/08/2022,769,"1,359",0.57,"17,349.25","17,407.50","17,225.85","17,388.15"
04/08/2022,"1,006","1,129",0.89,"17,463.10","17,490.70","17,161.25","17,382.00"
05/08/2022,"1,191",929,1.28,"17,423.65","17,474.40","17,348.75","17,397.50"
08/08/2022,"1,198",985,1.22,"17,401.50","17,548.80","17,359.75","17,525.10"
10/08/2022,958,"1,202",0.8,"17,566.10","17,566.10","17,442.80","17,534.75"
11/08/2022,"1,129","1,002",1.13,"17,711.65","17,719.30","17,631.95","17,659.00"
12/08/2022,"1,119","1,024",1.09,"17,659.65","17,724.65","17,597.85","17,698.15"
16/08/2022,"1,290",910,1.42,"17,797.20","17,839.10","17,764.05","17,825.25"
17/08/2022,"1,340",831,1.61,"17,868.15","17,965.95","17,833.35","17,944.25"
18/08/2022,"1,151",987,1.17,"17,898.65","17,968.45","17,852.05","17,956.50"
19/08/2022,742,"1,420",0.52,"17,966.55","17,992.20","17,710.75","17,758.45"
22/08/2022,646,"1,546",0.42,"17,682.90","17,690.05","17,467.35","17,490.70"
23/08/2022,"1,373",735,1.87,"17,357.35","17,625.55","17,345.20","17,577.50"
24/08/2022,"1,380",758,1.82,"17,525.45","17,623.65","17,499.25","17,604.95"
25/08/2022,"1,165","1,001",1.16,"17,679.00","17,726.50","17,487.45","17,522.45"
26/08/2022,"1,246",914,1.36,"17,619.30","17,685.85","17,519.35","17,558.90"
29/08/2022,729,"1,483",0.49,"17,188.65","17,380.15","17,166.20","17,312.90"
30/08/2022,"1,621",554,2.93,"17,414.95","17,777.65","17,401.50","17,759.30"
01/09/2022,"1,114","1,066",1.05,"17,485.70","17,695.60","17,468.45","17,542.80"
02/09/2022,970,"1,217",0.8,"17,598.40","17,643.85","17,476.45","17,539.45"
05/09/2022,"1,413",809,1.75,"17,546.45","17,683.15","17,540.35","17,665.80"
06/09/2022,"1,027","1,161",0.88,"17,695.70","17,764.65","17,587.65","17,655.60"
07/09/2022,"1,243",915,1.36,"17,519.40","17,650.75","17,484.30","17,624.40"
08/09/2022,"1,350",843,1.6,"17,748.15","17,807.65","17,691.95","17,798.75"
09/09/2022,981,"1,210",0.81,"17,923.35","17,925.95","17,786.00","17,833.35"
12/09/2022,"1,365",870,1.57,"17,890.85","17,980.55","17,889.15","17,936.35"
13/09/2022,"1,126","1,062",1.06,"18,044.45","18,088.30","18,015.45","18,070.05"
14/09/2022,907,"1,277",0.71,"17,771.15","18,091.55","17,771.15","18,003.75"
15/09/2022,930,"1,242",0.75,"18,046.35","18,096.15","17,861.50","17,877.40"
16/09/2022,364,"1,834",0.2,"17,796.80","17,820.05","17,497.25","17,530.85"
19/09/2022,950,"1,277",0.74,"17,540.65","17,667.20","17,429.70","17,622.25"
20/09/2022,"1,400",758,1.85,"17,770.40","17,919.30","17,744.40","17,816.25"
21/09/2022,654,"1,518",0.43,"17,766.35","17,838.70","17,663.60","17,718.35"
22/09/2022,"1,070","1,110",0.96,"17,609.65","17,722.75","17,532.45","17,629.80"
23/09/2022,392,"1,795",0.22,"17,593.85","17,642.15","17,291.65","17,327.35"
26/09/2022,240,"2,021",0.12,"17,156.30","17,196.40","16,978.30","17,016.30"
27/09/2022,"1,160",990,1.17,"17,110.90","17,176.45","16,942.35","17,007.40"
28/09/2022,747,"1,427",0.52,"16,870.55","17,037.60","16,820.40","16,858.60"
29/09/2022,"1,193",968,1.23,"16,993.60","17,026.05","16,788.60","16,818.10"
30/09/2022,"1,553",614,2.53,"16,798.05","17,187.10","16,747.70","17,094.35"
03/10/2022,746,"1,461",0.51,"17,102.10","17,114.65","16,855.55","16,887.35"
04/10/2022,"1,772",426,4.16,"17,147.45","17,287.30","17,117.30","17,274.30"
06/10/2022,"1,561",649,2.41,"17,379.25","17,428.80","17,315.65","17,331.80"
07/10/2022,"1,179",984,1.2,"17,287.20","17,337.35","17,216.95","17,314.65"
10/10/2022,716,"1,497",0.48,"17,094.35","17,280.15","17,064.70","17,241.00"
11/10/2022,505,"1,697",0.3,"17,256.05","17,261.80","16,950.30","16,983.55"
12/10/2022,"1,020","1,155",0.88,"17,025.55","17,142.35","16,960.05","17,123.60"
13/10/2022,715,"1,492",0.48,"17,087.35","17,112.35","16,956.95","17,014.35"
14/10/2022,"1,045","1,096",0.95,"17,322.30","17,348.55","17,169.75","17,185.70"
17/10/2022,976,"1,254",0.78,"17,144.80","17,328.55","17,098.55","17,311.80"
18/10/2022,"1,359",805,1.69,"17,438.75","17,527.80","17,434.05","17,486.95"
19/10/2022,988,"1,189",0.83,"17,568.15","17,607.60","17,472.85","17,512.25"
20/10/2022,"1,020","1,130",0.9,"17,423.10","17,584.15","17,421.00","17,563.95"
21/10/2022,708,"1,458",0.49,"17,622.85","17,670.15","17,520.75","17,576.30"
24/10/2022,"1,749",413,4.23,"17,736.35","17,777.55","17,707.40","17,730.75"
25/10/2022,806,"1,364",0.59,"17,808.30","17,811.50","17,637.00","17,656.35"
27/10/2022,"1,175","1,024",1.15,"17,771.40","17,783.90","17,654.50","17,736.95"
28/10/2022,823,"1,355",0.61,"17,756.40","17,838.90","17,723.70","17,786.80"
31/10/2022,"1,227","1,010",1.21,"17,910.20","18,022.80","17,899.90","18,012.20"
01/11/2022,"1,192","1,005",1.19,"18,130.70","18,175.80","18,060.15","18,145.40"
02/11/2022,"1,086","1,095",0.99,"18,177.90","18,178.75","18,048.65","18,082.85"
03/11/2022,"1,032","1,147",0.9,"17,968.35","18,106.30","17,959.20","18,052.70"
04/11/2022,"1,230",963,1.28,"18,053.40","18,135.10","18,017.15","18,117.15"
07/11/2022,"1,305",920,1.42,"18,211.75","18,255.50","18,064.75","18,202.80"
09/11/2022,"1,042","1,179",0.88,"18,288.25","18,296.40","18,117.50","18,157.00"
10/11/2022,640,"1,551",0.41,"18,044.35","18,103.10","17,969.40","18,028.20"
11/11/2022,"1,197",986,1.21,"18,272.35","18,362.30","18,259.35","18,349.70"
14/11/2022,"1,030","1,222",0.84,"18,376.40","18,399.45","18,311.40","18,329.15"
15/11/2022,"1,075","1,144",0.94,"18,362.75","18,427.95","18,282.00","18,403.40"
16/11/2022,843,"1,368",0.62,"18,398.25","18,442.15","18,344.15","18,409.65"
17/11/2022,826,"1,359",0.61,"18,358.70","18,417.60","18,312.95","18,343.90"
18/11/2022,820,"1,382",0.59,"18,382.95","18,394.60","18,209.80","18,307.65"
21/11/2022,828,"1,403",0.59,"18,246.40","18,262.30","18,133.35","18,159.95"
22/11/2022,"1,043","1,172",0.89,"18,179.15","18,261.85","18,137.70","18,244.20"
23/11/2022,"1,202",989,1.22,"18,325.20","18,325.40","18,246.00","18,267.25"
24/11/2022,"1,272",911,1.4,"18,326.10","18,529.70","18,294.25","18,484.10"
25/11/2022,"1,373",829,1.66,"18,528.45","18,534.90","18,445.10","18,512.75"
28/11/2022,"1,312",919,1.43,"18,430.55","18,614.25","18,365.60","18,562.75"
29/11/2022,"1,019","1,180",0.86,"18,552.45","18,678.10","18,552.15","18,618.05"
30/11/2022,"1,348",851,1.58,"18,625.70","18,816.05","18,616.55","18,758.35"
01/12/2022,"1,343",879,1.53,"18,871.95","18,887.60","18,778.20","18,812.50"
02/12/2022,"1,276",946,1.35,"18,752.40","18,781.95","18,639.20","18,696.10"
05/12/2022,"1,328",927,1.43,"18,719.55","18,728.60","18,591.35","18,701.05"
06/12/2022,896,"1,337",0.67,"18,600.65","18,654.90","18,577.90","18,642.75"
07/12/2022,866,"1,363",0.64,"18,638.85","18,668.30","18,528.40","18,560.50"
08/12/2022,"1,162","1,047",1.11,"18,570.85","18,625.00","18,536.95","18,609.35"
09/12/2022,639,"1,595",0.4,"18,662.40","18,664.70","18,410.10","18,496.60"
12/12/2022,"1,187","1,052",1.13,"18,402.15","18,521.55","18,345.70","18,497.15"
13/12/2022,"1,173","1,027",1.14,"18,524.40","18,617.25","18,490.20","18,608.00"
14/12/2022,"1,261",956,1.32,"18,671.25","18,696.10","18,632.90","18,660.30"
15/12/2022,693,"1,501",0.46,"18,614.40","18,652.90","18,387.70","18,414.90"
16/12/2022,695,"1,532",0.45,"18,319.10","18,440.95","18,255.15","18,269.00"
19/12/2022,"1,339",912,1.47,"18,288.10","18,431.65","18,244.55","18,420.45"
20/12/2022,982,"1,252",0.78,"18,340.30","18,404.90","18,202.65","18,385.30"
21/12/2022,397,"1,857",0.21,"18,435.15","18,473.35","18,162.75","18,199.10"
22/12/2022,405,"1,852",0.22,"18,288.80","18,318.75","18,068.60","18,127.35"
23/12/2022,209,"2,093",0.1,"17,977.65","18,050.45","17,779.50","17,806.80"
26/12/2022,"1,924",366,5.26,"17,830.40","18,084.10","17,774.25","18,014.60"
27/12/2022,"1,715",516,3.32,"18,089.80","18,149.25","17,967.45","18,132.30"
28/12/2022,"1,273",948,1.34,"18,084.75","18,173.10","18,068.35","18,122.50"
29/12/2022,"1,128","1,083",1.04,"18,045.70","18,229.70","17,992.80","18,191.00"
30/12/2022,"1,406",810,1.74,"18,259.10","18,265.25","18,080.30","18,105.30"
02/01/2023,"1,491",777,1.92,"18,131.70","18,215.15","18,086.50","18,197.45"
03/01/2023,"1,259",987,1.28,"18,163.20","18,251.95","18,149.80","18,232.55"
04/01/2023,650,"1,628",0.4,"18,230.65","18,243.00","18,020.60","18,042.95"
05/01/2023,"1,029","1,203",0.86,"18,101.95","18,120.30","17,892.60","17,992.15"
06/01/2023,714,"1,528",0.47,"18,008.05","18,047.40","17,795.55","17,859.45"
09/01/2023,"1,362",910,1.5,"17,952.55","18,141.40","17,936.15","18,101.20"
10/01/2023,772,"1,478",0.52,"18,121.30","18,127.60","17,856.00","17,914.15"
11/01/2023,"1,136","1,067",1.06,"17,924.25","17,976.35","17,824.35","17,895.70"
12/01/2023,912,"1,310",0.7,"17,920.85","17,945.80","17,761.65","17,858.20"
13/01/2023,"1,278",939,1.36,"17,867.50","17,999.35","17,774.25","17,956.60"
16/01/2023,884,"1,355",0.65,"18,033.15","18,049.65","17,853.65","17,894.85"
17/01/2023,998,"1,202",0.83,"17,922.80","18,072.05","17,886.95","18,053.30"
18/01/2023,"1,182","1,026",1.15,"18,074.30","18,183.75","18,032.45","18,165.35"
19/01/2023,905,"1,314",0.69,"18,119.80","18,155.20","18,063.75","18,107.85"
20/01/2023,866,"1,361",0.64,"18,115.60","18,145.45","18,016.20","18,027.65"
23/01/2023,"1,013","1,245",0.81,"18,118.45","18,162.60","18,063.45","18,118.55"
24/01/2023,867,"1,342",0.65,"18,183.95","18,201.25","18,078.65","18,118.30"
25/01/2023,522,"1,715",0.3,"18,093.35","18,100.60","17,846.15","17,891.95"
27/01/2023,390,"1,896",0.21,"17,877.20","17,884.75","17,493.55","17,604.35"
30/01/2023,888,"1,377",0.64,"17,541.95","17,709.15","17,405.55","17,648.95"
31/01/2023,"1,681",551,3.05,"17,731.45","17,735.70","17,537.55","17,662.15"
01/02/2023,668,"1,568",0.43,"17,811.60","17,972.20","17,353.40","17,616.30"
02/02/2023,"1,038","1,194",0.87,"17,517.10","17,653.90","17,445.95","17,610.40"
03/02/2023,800,"1,455",0.55,"17,721.75","17,870.30","17,584.20","17,854.05"
06/02/2023,"1,172","1,071",1.09,"17,818.55","17,823.70","17,698.35","17,764.60"
07/02/2023,946,"1,293",0.73,"17,790.10","17,811.15","17,652.55","17,721.50"
08/02/2023,"1,348",865,1.56,"17,750.30","17,898.70","17,744.15","17,871.70"
09/02/2023,"1,047","1,182",0.89,"17,885.50","17,916.90","17,779.80","17,893.45"
10/02/2023,"1,100","1,118",0.98,"17,847.55","17,876.95","17,801.00","17,856.50"
13/02/2023,634,"1,618",0.39,"17,859.10","17,880.70","17,719.75","17,770.90"
14/02/2023,756,"1,480",0.51,"17,840.35","17,954.55","17,800.05","17,929.85"
15/02/2023,"1,187","1,014",1.17,"17,896.60","18,034.10","17,853.80","18,015.85"
16/02/2023,"1,234",983,1.26,"18,094.75","18,134.75","18,000.65","18,035.85"
17/02/2023,808,"1,407",0.57,"17,974.85","18,034.25","17,884.60","17,944.20"
20/02/2023,824,"1,421",0.58,"17,965.55","18,004.35","17,818.40","17,844.60"
21/02/2023,835,"1,389",0.6,"17,905.80","17,924.90","17,800.30","17,826.70"
22/02/2023,450,"1,788",0.25,"17,755.35","17,772.50","17,529.45","17,554.30"
23/02/2023,950,"1,256",0.76,"17,574.65","17,620.05","17,455.40","17,511.25"
24/02/2023,906,"1,345",0.67,"17,591.35","17,599.75","17,421.80","17,465.80"
27/02/2023,496,"1,804",0.27,"17,428.60","17,451.60","17,299.00","17,392.70"
28/02/2023,"1,105","1,154",0.96,"17,383.25","17,440.45","17,255.20","17,303.95"
01/03/2023,"1,720",519,3.31,"17,360.10","17,467.75","17,345.25","17,450.90"
02/03/2023,960,"1,282",0.75,"17,421.50","17,445.80","17,306.00","17,321.90"
03/03/2023,"1,533",716,2.14,"17,451.25","17,644.75","17,427.70","17,594.35"
06/03/2023,"1,409",867,1.63,"17,680.35","17,799.95","17,671.95","17,711.45"
08/03/2023,"1,212","1,022",1.19,"17,665.75","17,766.50","17,602.25","17,754.40"
09/03/2023,904,"1,360",0.66,"17,772.05","17,772.35","17,573.60","17,589.60"
10/03/2023,768,"1,461",0.53,"17,443.80","17,451.50","17,324.35","17,412.90"
13/03/2023,350,"1,957",0.18,"17,421.90","17,529.90","17,113.45","17,154.30"
14/03/2023,677,"1,611",0.42,"17,160.55","17,224.65","16,987.10","17,043.30"
15/03/2023,982,"1,257",0.78,"17,166.45","17,211.35","16,938.90","16,972.15"
16/03/2023,871,"1,401",0.62,"16,994.65","17,062.45","16,850.15","16,985.60"
17/03/2023,"1,360",886,1.53,"17,111.80","17,145.80","16,958.15","17,100.05"
20/03/2023,611,"1,692",0.36,"17,066.60","17,066.60","16,828.35","16,988.40"
21/03/2023,"1,311",928,1.41,"17,060.40","17,127.70","17,016.00","17,107.50"
22/03/2023,"1,332",885,1.51,"17,177.45","17,207.25","17,107.85","17,151.90"
23/03/2023,800,"1,431",0.56,"17,097.40","17,205.40","17,045.30","17,076.90"
24/03/2023,553,"1,761",0.31,"17,076.20","17,109.45","16,917.35","16,945.05"
27/03/2023,513,"1,811",0.28,"16,984.30","17,091.00","16,918.55","16,985.70"
28/03/2023,595,"1,701",0.35,"17,031.75","17,061.75","16,913.75","16,951.70"
29/03/2023,"1,592",694,2.29,"16,977.30","17,126.15","16,940.60","17,080.70"
31/03/2023,"1,632",661,2.47,"17,210.35","17,381.60","17,204.65","17,359.75"
03/04/2023,"1,783",525,3.4,"17,427.95","17,428.05","17,312.75","17,398.05"
05/04/2023,"1,726",587,2.94,"17,422.30","17,570.55","17,402.70","17,557.05"
06/04/2023,"1,531",767,2,"17,533.85","17,638.70","17,502.85","17,599.15"
10/04/2023,"1,227","1,083",1.13,"17,634.90","17,694.10","17,597.95","17,624.05"
11/04/2023,"1,426",843,1.69,"17,704.80","17,748.75","17,655.15","17,722.30"
12/04/2023,"1,383",907,1.52,"17,759.55","17,825.75","17,717.25","17,812.40"
13/04/2023,"1,197","1,049",1.14,"17,807.30","17,842.15","17,729.65","17,828.00"
17/04/2023,"1,139","1,158",0.98,"17,863.00","17,863.00","17,574.05","17,706.85"
18/04/2023,"1,176","1,074",1.09,"17,766.60","17,766.60","17,610.20","17,660.15"
19/04/2023,"1,053","1,200",0.88,"17,653.35","17,666.15","17,579.85","17,618.75"
20/04/2023,"1,161","1,079",1.08,"17,638.60","17,684.45","17,584.35","17,624.45"
21/04/2023,920,"1,343",0.69,"17,639.75","17,663.20","17,553.95","17,624.05"
24/04/2023,"1,222","1,048",1.17,"17,707.55","17,754.50","17,612.50","17,743.40"
25/04/2023,"1,191","1,043",1.14,"17,761.55","17,807.45","17,716.85","17,769.25"
26/04/2023,"1,258",976,1.29,"17,767.30","17,827.75","17,711.20","17,813.60"
27/04/2023,"1,381",884,1.56,"17,813.10","17,931.60","17,797.90","17,915.05"
28/04/2023,"1,478",788,1.88,"17,950.40","18,089.15","17,885.30","18,065.00"
02/05/2023,"1,395",912,1.53,"18,124.80","18,180.25","18,101.75","18,147.65"
03/05/2023,"1,098","1,179",0.93,"18,113.80","18,116.35","18,042.40","18,089.85"
04/05/2023,"1,533",734,2.09,"18,081.00","18,267.45","18,066.70","18,255.80"
05/05/2023,816,"1,447",0.56,"18,117.30","18,216.95","18,055.45","18,069.00"
08/05/2023,"1,338",980,1.37,"18,120.60","18,286.95","18,100.30","18,264.40"
09/05/2023,989,"1,301",0.76,"18,303.40","18,344.20","18,229.65","18,265.95"
10/05/2023,"1,210","1,053",1.15,"18,313.60","18,326.75","18,211.95","18,315.10"
11/05/2023,"1,337",894,1.5,"18,357.80","18,389.70","18,270.40","18,297.00"
12/05/2023,969,"1,277",0.76,"18,273.75","18,342.75","18,194.55","18,314.80"
15/05/2023,"1,242","1,049",1.18,"18,339.30","18,458.90","18,287.90","18,398.85"
16/05/2023,"1,095","1,172",0.93,"18,432.35","18,432.35","18,264.35","18,286.50"
17/05/2023,978,"1,291",0.76,"18,300.45","18,309.00","18,115.35","18,181.75"
18/05/2023,913,"1,351",0.68,"18,287.50","18,297.20","18,104.85","18,129.95"
19/05/2023,"1,002","1,270",0.79,"18,186.15","18,218.10","18,060.40","18,203.40"
22/05/2023,"1,161","1,174",0.99,"18,201.10","18,335.25","18,178.85","18,314.40"
23/05/2023,"1,155","1,113",1.04,"18,362.90","18,419.75","18,324.20","18,348.00"
24/05/2023,"1,079","1,191",0.91,"18,294.80","18,392.60","18,262.95","18,285.40"
25/05/2023,"1,180","1,070",1.1,"18,268.90","18,338.10","18,202.40","18,321.15"
26/05/2023,"1,276",984,1.3,"18,368.35","18,508.55","18,333.15","18,499.35"
29/05/2023,"1,269","1,052",1.21,"18,619.15","18,641.20","18,581.25","18,598.65"
30/05/2023,"1,085","1,203",0.9,"18,606.65","18,662.45","18,575.50","18,633.85"
31/05/2023,"1,165","1,113",1.05,"18,594.20","18,603.90","18,483.85","18,534.40"
01/06/2023,"1,386",919,1.51,"18,579.40","18,580.30","18,464.55","18,487.75"
02/06/2023,"1,473",832,1.77,"18,550.85","18,573.70","18,478.40","18,534.10"
05/06/2023,"1,350",984,1.37,"18,612.00","18,640.15","18,582.80","18,593.85"
06/06/2023,"1,234","1,062",1.16,"18,600.80","18,622.75","18,531.60","18,599.00"
07/06/2023,"1,524",806,1.89,"18,665.60","18,738.95","18,636.00","18,726.40"
08/06/2023,783,"1,527",0.51,"18,725.35","18,777.90","18,615.60","18,634.55"
09/06/2023,"1,025","1,283",0.8,"18,655.90","18,676.65","18,555.40","18,563.40"
12/06/2023,"1,368",963,1.42,"18,595.05","18,633.60","18,559.75","18,601.50"
13/06/2023,"1,394",936,1.49,"18,631.80","18,728.90","18,631.80","18,716.15"
14/06/2023,"1,230","1,096",1.12,"18,744.60","18,769.70","18,690.00","18,755.90"
15/06/2023,972,"1,374",0.71,"18,774.45","18,794.10","18,669.05","18,688.10"
16/06/2023,"1,443",882,1.64,"18,723.30","18,864.70","18,710.50","18,826.00"
19/06/2023,"1,014","1,350",0.75,"18,873.30","18,881.45","18,719.15","18,755.45"
20/06/2023,"1,301","1,014",1.28,"18,752.35","18,839.70","18,660.65","18,816.70"
21/06/2023,"1,083","1,231",0.88,"18,849.40","18,875.90","18,794.85","18,856.85"
22/06/2023,691,"1,629",0.42,"18,853.60","18,886.60","18,759.50","18,771.25"
23/06/2023,600,"1,716",0.35,"18,741.85","18,756.40","18,647.10","18,665.50"
26/06/2023,"1,288","1,078",1.19,"18,682.35","18,722.05","18,646.70","18,691.20"
27/06/2023,"1,382",923,1.5,"18,748.55","18,829.25","18,714.25","18,817.40"
28/06/2023,"1,169","1,161",1.01,"18,908.15","19,011.25","18,861.35","18,972.10"
30/06/2023,"1,309","1,036",1.26,"19,076.85","19,201.70","19,024.60","19,189.05"
03/07/2023,"1,281","1,065",1.2,"19,246.50","19,345.10","19,234.40","19,322.55"
04/07/2023,996,"1,318",0.76,"19,406.60","19,434.15","19,300.00","19,389.00"
05/07/2023,"1,364",921,1.48,"19,405.95","19,421.60","19,339.60","19,398.50"
06/07/2023,"1,380",905,1.52,"19,385.70","19,512.20","19,373.00","19,497.30"
07/07/2023,876,"1,419",0.62,"19,422.80","19,523.60","19,303.60","19,331.80"
10/07/2023,900,"1,454",0.62,"19,400.35","19,435.85","19,327.10","19,355.90"
11/07/2023,"1,325",964,1.37,"19,427.10","19,515.10","19,406.45","19,439.40"
12/07/2023,"1,136","1,140",1,"19,497.45","19,507.70","19,361.75","19,384.30"
13/07/2023,789,"1,519",0.52,"19,495.20","19,567.00","19,385.80","19,413.75"
14/07/2023,"1,509",753,2,"19,493.45","19,595.35","19,433.50","19,564.50"
17/07/2023,"1,402",962,1.46,"19,612.15","19,731.85","19,562.95","19,711.45"
18/07/2023,894,"1,402",0.64,"19,787.50","19,819.45","19,690.20","19,749.25"
19/07/2023,"1,341",912,1.47,"19,802.95","19,851.70","19,727.45","19,833.15"
20/07/2023,"1,158","1,093",1.06,"19,831.70","19,991.85","19,758.40","19,979.15"
21/07/2023,937,"1,309",0.72,"19,800.45","19,887.40","19,700.00","19,745.00"
24/07/2023,"1,090","1,249",0.87,"19,748.45","19,782.75","19,658.30","19,672.35"
25/07/2023,"1,116","1,186",0.94,"19,729.35","19,729.35","19,615.95","19,680.60"
26/07/2023,"1,253","1,055",1.19,"19,733.35","19,825.60","19,716.70","19,778.30"
27/07/2023,"1,085","1,186",0.91,"19,850.90","19,867.55","19,603.55","19,659.90"
28/07/2023,"1,169","1,153",1.01,"19,659.75","19,695.90","19,563.10","19,646.05"
31/07/2023,"1,526",850,1.8,"19,666.35","19,772.75","19,597.60","19,753.80"
01/08/2023,"1,375",966,1.42,"19,784.00","19,795.60","19,704.60","19,733.55"
02/08/2023,621,"1,742",0.36,"19,655.40","19,678.25","19,423.55","19,526.55"
03/08/2023,"1,135","1,185",0.96,"19,463.75","19,537.65","19,296.45","19,381.65"
04/08/2023,"1,485",852,1.74,"19,462.80","19,538.85","19,436.45","19,517.00"
07/08/2023,"1,283","1,093",1.17,"19,576.85","19,620.45","19,524.80","19,597.30"
08/08/2023,"1,123","1,225",0.92,"19,627.20","19,634.40","19,533.10","19,570.85"
09/08/2023,"1,284","1,064",1.21,"19,578.80","19,645.50","19,467.50","19,632.55"
10/08/2023,971,"1,356",0.72,"19,605.55","19,623.60","19,495.40","19,543.10"
11/08/2023,912,"1,440",0.63,"19,554.25","19,557.75","19,412.75","19,428.30"
14/08/2023,870,"1,485",0.59,"19,383.95","19,465.85","19,257.90","19,434.55"
16/08/2023,"1,208","1,137",1.06,"19,369.00","19,482.75","19,317.20","19,465.00"
17/08/2023,"1,105","1,243",0.89,"19,450.55","19,461.55","19,326.25","19,365.25"
18/08/2023,914,"1,416",0.65,"19,301.75","19,373.80","19,253.60","19,310.15"
21/08/2023,"1,394",990,1.41,"19,320.65","19,425.95","19,296.30","19,393.60"
22/08/2023,"1,476",867,1.7,"19,417.10","19,443.50","19,381.30","19,396.45"
23/08/2023,"1,360",970,1.4,"19,439.20","19,472.05","19,366.60","19,444.00"
24/08/2023,"1,121","1,203",0.93,"19,535.15","19,584.45","19,369.00","19,386.70"
25/08/2023,829,"1,525",0.54,"19,297.40","19,339.55","19,229.70","19,265.80"
28/08/2023,"1,317","1,075",1.23,"19,298.35","19,366.85","19,249.70","19,306.05"
29/08/2023,"1,365",974,1.4,"19,374.85","19,377.90","19,309.10","19,342.65"
30/08/2023,"1,476",855,1.73,"19,433.45","19,452.80","19,334.75","19,347.45"
31/08/2023,"1,116","1,211",0.92,"19,375.55","19,388.20","19,223.65","19,253.80"
01/09/2023,"1,452",927,1.57,"19,258.15","19,458.55","19,255.70","19,435.30"
04/09/2023,"1,503",916,1.64,"19,525.05","19,545.15","19,432.85","19,528.80"
05/09/2023,"1,329","1,059",1.25,"19,564.65","19,587.05","19,525.75","19,574.90"
06/09/2023,"1,189","1,194",1,"19,581.20","19,636.45","19,491.50","19,611.05"
07/09/2023,"1,411",986,1.43,"19,598.65","19,737.00","19,550.05","19,727.05"
08/09/2023,"1,228","1,145",1.07,"19,774.80","19,867.15","19,728.05","19,819.95"
11/09/2023,"1,295","1,125",1.15,"19,890.00","20,008.15","19,865.35","19,996.35"
12/09/2023,325,"2,087",0.16,"20,110.15","20,110.35","19,914.65","19,993.20"
13/09/2023,"1,504",881,1.71,"19,989.50","20,096.90","19,944.10","20,070.00"
14/09/2023,"1,677",700,2.4,"20,127.95","20,167.65","20,043.45","20,103.10"
15/09/2023,"1,276","1,104",1.16,"20,156.45","20,222.45","20,129.70","20,192.35"
18/09/2023,912,"1,499",0.61,"20,155.95","20,195.35","20,115.70","20,133.30"
20/09/2023,774,"1,581",0.49,"19,980.75","20,050.65","19,878.85","19,901.40"
21/09/2023,662,"1,702",0.39,"19,840.55","19,848.75","19,709.95","19,742.35"
22/09/2023,"1,084","1,280",0.85,"19,744.85","19,798.65","19,657.50","19,674.25"
25/09/2023,"1,136","1,260",0.9,"19,678.20","19,734.15","19,601.55","19,674.55"
26/09/2023,"1,113","1,275",0.87,"19,682.80","19,699.35","19,637.45","19,664.70"
27/09/2023,"1,323","1,051",1.26,"19,637.05","19,730.70","19,554.00","19,716.45"
28/09/2023,858,"1,529",0.56,"19,761.80","19,766.65","19,492.10","19,523.55"
29/09/2023,"1,584",783,2.02,"19,581.20","19,726.25","19,551.05","19,638.30"
03/10/2023,"1,114","1,327",0.84,"19,622.40","19,623.20","19,479.65","19,528.75"
04/10/2023,669,"1,746",0.38,"19,446.30","19,457.80","19,333.60","19,436.10"
05/10/2023,"1,497",879,1.7,"19,521.85","19,576.95","19,487.30","19,545.75"
06/10/2023,"1,543",870,1.77,"19,621.20","19,675.75","19,589.40","19,653.50"
09/10/2023,527,"1,910",0.28,"19,539.45","19,588.95","19,480.50","19,512.35"
10/10/2023,"1,795",617,2.91,"19,565.60","19,717.80","19,565.45","19,689.85"
11/10/2023,"1,599",807,1.98,"19,767.00","19,839.20","19,756.95","19,811.35"
12/10/2023,"1,403","1,000",1.4,"19,822.70","19,843.30","19,772.65","19,794.00"
13/10/2023,"1,127","1,257",0.9,"19,654.55","19,805.40","19,635.30","19,751.05"
16/10/2023,"1,299","1,153",1.13,"19,737.25","19,781.30","19,691.85","19,731.75"
17/10/2023,"1,480",926,1.6,"19,843.20","19,849.75","19,775.65","19,811.50"
18/10/2023,806,"1,601",0.5,"19,820.45","19,840.95","19,659.95","19,671.10"
19/10/2023,"1,132","1,254",0.9,"19,545.20","19,681.80","19,512.35","19,624.70"
20/10/2023,751,"1,647",0.46,"19,542.15","19,593.80","19,518.70","19,542.65"
23/10/2023,267,"2,223",0.12,"19,521.60","19,556.85","19,257.85","19,281.75"
25/10/2023,693,"1,737",0.4,"19,286.45","19,347.30","19,074.15","19,122.15"
26/10/2023,924,"1,509",0.61,"19,027.25","19,041.70","18,837.85","18,857.25"
27/10/2023,"1,918",475,4.04,"18,928.75","19,076.15","18,926.65","19,047.25"
30/10/2023,"1,283","1,143",1.12,"19,053.40","19,158.50","18,940.00","19,140.90"
31/10/2023,"1,229","1,169",1.05,"19,232.95","19,233.70","19,056.45","19,079.60"
01/11/2023,938,"1,478",0.63,"19,064.05","19,096.05","18,973.70","18,989.15"
02/11/2023,"1,670",753,2.22,"19,120.00","19,175.25","19,064.15","19,133.25"
03/11/2023,"1,572",850,1.85,"19,241.00","19,276.25","19,210.90","19,230.60"
06/11/2023,"1,635",807,2.03,"19,345.85","19,423.00","19,309.70","19,411.75"
07/11/2023,"1,268","1,155",1.1,"19,404.05","19,423.50","19,329.10","19,406.70"
08/11/2023,"1,344","1,072",1.25,"19,449.60","19,464.40","19,401.50","19,443.50"
09/11/2023,976,"1,436",0.68,"19,457.40","19,463.90","19,378.35","19,395.30"
10/11/2023,"1,263","1,150",1.1,"19,351.85","19,451.30","19,329.45","19,425.35"
12/11/2023,"1,950",398,4.9,"19,547.25","19,547.25","19,510.25","19,525.55"
13/11/2023,924,"1,505",0.61,"19,486.75","19,494.40","19,414.75","19,443.55"
15/11/2023,"1,500",928,1.62,"19,651.40","19,693.20","19,579.65","19,675.45"
16/11/2023,"1,223","1,216",1.01,"19,674.70","19,875.25","19,627.00","19,765.20"
17/11/2023,"1,257","1,199",1.05,"19,674.75","19,806.00","19,667.45","19,731.80"
20/11/2023,"1,156","1,326",0.87,"19,731.15","19,756.45","19,670.50","19,694.00"
21/11/2023,"1,315","1,120",1.17,"19,770.90","19,829.10","19,754.05","19,783.40"
22/11/2023,"1,007","1,455",0.69,"19,784.00","19,825.55","19,703.85","19,811.85"
23/11/2023,"1,316","1,113",1.18,"19,828.45","19,875.15","19,786.75","19,802.00"
24/11/2023,"1,128","1,294",0.87,"19,809.60","19,832.85","19,768.85","19,794.70"
28/11/2023,"1,241","1,236",1,"19,844.65","19,916.85","19,800.00","19,889.70"
29/11/2023,"1,283","1,171",1.1,"19,976.55","20,104.65","19,956.30","20,096.60"
30/11/2023,"1,260","1,201",1.05,"20,108.50","20,158.70","20,015.85","20,133.15"
01/12/2023,"1,383","1,074",1.29,"20,194.10","20,291.55","20,183.70","20,267.90"
04/12/2023,"1,623",870,1.87,"20,601.95","20,702.65","20,507.75","20,686.80"
05/12/2023,"1,144","1,336",0.86,"20,808.90","20,864.05","20,711.15","20,855.10"
06/12/2023,"1,256","1,211",1.04,"20,950.75","20,961.95","20,852.15","20,937.70"
07/12/2023,"1,363","1,079",1.26,"20,932.40","20,941.25","20,850.80","20,901.15"
08/12/2023,994,"1,469",0.68,"20,934.10","21,006.10","20,862.70","20,969.40"
11/12/2023,"1,473","1,042",1.41,"20,965.30","21,026.10","20,923.70","20,997.10"
12/12/2023,911,"1,549",0.59,"21,018.55","21,037.90","20,867.15","20,906.40"
13/12/2023,"1,344","1,113",1.21,"20,929.75","20,950.00","20,769.50","20,926.35"
14/12/2023,"1,371","1,112",1.23,"21,110.40","21,210.90","21,074.45","21,182.70"
15/12/2023,"1,294","1,173",1.1,"21,287.45","21,492.30","21,235.30","21,456.65"
18/12/2023,"1,321","1,186",1.11,"21,434.80","21,482.80","21,365.35","21,418.65"
19/12/2023,"1,175","1,299",0.9,"21,477.65","21,505.05","21,337.75","21,453.10"
20/12/2023,311,"2,163",0.14,"21,543.50","21,593.00","21,087.35","21,150.15"
21/12/2023,"1,876",589,3.19,"21,033.95","21,288.35","20,976.80","21,255.05"
22/12/2023,"1,629",809,2.01,"21,295.85","21,390.50","21,232.45","21,349.40"
26/12/2023,"1,465","1,018",1.44,"21,365.20","21,477.15","21,329.45","21,441.35"
27/12/2023,"1,298","1,170",1.11,"21,497.65","21,675.75","21,495.80","21,654.75"
28/12/2023,"1,143","1,334",0.86,"21,715.00","21,801.45","21,678.00","21,778.70"
29/12/2023,"1,292","1,180",1.09,"21,737.65","21,770.30","21,676.90","21,731.40"
01/01/2024,"1,648",854,1.93,"21,727.75","21,834.35","21,680.85","21,741.90"
02/01/2024,"1,170","1,322",0.89,"21,751.35","21,755.60","21,555.65","21,665.80"
03/01/2024,"1,359","1,146",1.19,"21,661.10","21,677.00","21,500.35","21,517.35"
04/01/2024,"1,608",902,1.78,"21,605.80","21,685.65","21,564.55","21,658.60"
05/01/2024,"1,316","1,183",1.11,"21,705.75","21,749.60","21,629.20","21,710.80"
08/01/2024,936,"1,618",0.58,"21,747.60","21,763.95","21,492.90","21,513.00"
09/01/2024,"1,412","1,098",1.29,"21,653.60","21,724.45","21,517.85","21,544.85"
10/01/2024,"1,311","1,192",1.1,"21,529.30","21,641.85","21,448.65","21,618.70"
11/01/2024,"1,501",988,1.52,"21,688.00","21,726.50","21,593.75","21,647.20"
12/01/2024,"1,328","1,168",1.14,"21,773.55","21,928.25","21,715.15","21,894.55"
15/01/2024,"1,317","1,235",1.07,"22,053.15","22,115.55","21,963.55","22,097.45"
16/01/2024,761,"1,739",0.44,"22,080.50","22,124.15","21,969.80","22,032.30"
17/01/2024,654,"1,852",0.35,"21,647.25","21,851.50","21,550.45","21,571.95"
18/01/2024,"1,159","1,334",0.87,"21,414.20","21,539.40","21,285.55","21,462.25"
19/01/2024,"1,674",804,2.08,"21,615.20","21,670.60","21,575.00","21,622.40"
20/01/2024,"1,252","1,218",1.03,"21,706.15","21,720.30","21,541.80","21,571.80"
23/01/2024,421,"2,126",0.2,"21,716.70","21,750.25","21,192.60","21,238.80"
24/01/2024,"1,723",756,2.28,"21,185.25","21,482.35","21,137.20","21,453.95"
25/01/2024,"1,358","1,117",1.22,"21,454.60","21,459.00","21,247.05","21,352.60"
29/01/2024,"1,480","1,060",1.4,"21,433.10","21,763.25","21,429.60","21,737.60"
30/01/2024,"1,206","1,277",0.94,"21,775.75","21,813.05","21,501.80","21,522.10"
31/01/2024,"1,654",843,1.96,"21,487.25","21,741.35","21,448.85","21,725.70"
01/02/2024,"1,088","1,423",0.76,"21,780.65","21,832.95","21,658.75","21,697.45"
02/02/2024,"1,336","1,211",1.1,"21,812.75","22,126.80","21,805.55","21,853.80"
05/02/2024,"1,048","1,553",0.67,"21,921.05","21,964.30","21,726.95","21,771.70"
06/02/2024,"1,568",955,1.64,"21,825.20","21,951.40","21,737.55","21,929.40"
07/02/2024,"1,436","1,102",1.3,"22,045.05","22,053.30","21,860.15","21,930.50"
08/02/2024,991,"1,544",0.64,"22,009.65","22,011.05","21,665.30","21,717.95"
09/02/2024,798,"1,731",0.46,"21,727.00","21,804.45","21,629.90","21,782.50"
12/02/2024,472,"2,110",0.22,"21,800.80","21,831.70","21,574.75","21,616.05"
13/02/2024,"1,182","1,332",0.89,"21,664.30","21,766.80","21,543.35","21,743.25"
14/02/2024,"1,591",895,1.78,"21,578.15","21,870.85","21,530.20","21,840.05"
15/02/2024,"1,605",908,1.77,"21,906.55","21,953.85","21,794.80","21,910.75"
16/02/2024,"1,508","1,007",1.5,"22,020.30","22,068.65","21,968.95","22,040.70"
19/02/2024,"1,542","1,013",1.52,"22,103.45","22,186.65","22,021.05","22,122.25"
20/02/2024,"1,171","1,340",0.87,"22,099.20","22,215.60","22,045.85","22,196.95"
21/02/2024,810,"1,712",0.47,"22,248.85","22,249.40","21,997.95","22,055.05"
22/02/2024,"1,342","1,149",1.17,"22,081.55","22,252.50","21,875.25","22,217.45"
23/02/2024,"1,307","1,202",1.09,"22,290.00","22,297.50","22,186.10","22,212.70"
26/02/2024,992,"1,569",0.63,"22,169.20","22,202.15","22,075.15","22,122.05"
27/02/2024,947,"1,570",0.6,"22,090.20","22,218.25","22,085.65","22,198.35"
28/02/2024,402,"2,149",0.19,"22,214.10","22,229.15","21,915.85","21,951.15"
29/02/2024,"1,242","1,262",0.98,"21,935.20","22,060.55","21,860.65","21,982.80"
01/03/2024,"1,652",900,1.84,"22,048.30","22,353.30","22,047.75","22,338.75"
04/03/2024,876,"1,711",0.51,"22,403.50","22,440.90","22,358.30","22,405.60"
05/03/2024,825,"1,733",0.48,"22,371.25","22,416.90","22,269.15","22,356.30"
06/03/2024,558,"2,009",0.28,"22,327.50","22,497.20","22,224.35","22,474.05"
07/03/2024,"1,571",989,1.59,"22,505.30","22,525.65","22,430.00","22,493.55"
11/03/2024,523,"2,082",0.25,"22,517.50","22,526.60","22,307.25","22,332.65"
12/03/2024,414,"2,182",0.19,"22,334.45","22,452.55","22,256.00","22,335.70"
13/03/2024,148,"2,443",0.06,"22,432.20","22,446.75","21,905.65","21,997.70"
14/03/2024,"2,022",556,3.64,"21,982.55","22,204.60","21,917.50","22,146.65"
15/03/2024,"1,112","1,426",0.78,"22,064.85","22,120.90","21,931.70","22,023.35"
18/03/2024,"1,278","1,280",1,"21,990.10","22,123.70","21,916.55","22,055.70"
19/03/2024,713,"1,857",0.38,"21,946.45","21,978.30","21,793.10","21,817.45"
20/03/2024,"1,104","1,461",0.76,"21,843.90","21,930.90","21,710.20","21,839.10"
21/03/2024,"2,048",533,3.84,"21,989.90","22,080.95","21,941.30","22,011.95"
22/03/2024,"1,667",885,1.88,"21,932.20","22,180.70","21,883.30","22,096.75"
26/03/2024,859,"1,742",0.49,"21,947.90","22,073.20","21,947.55","22,004.70"
27/03/2024,"1,085","1,493",0.73,"22,053.95","22,193.60","22,052.85","22,123.65"
28/03/2024,"1,348","1,217",1.11,"22,163.60","22,516.00","22,163.60","22,326.90"
01/04/2024,"2,279",331,6.89,"22,455.00","22,529.95","22,427.75","22,462.00"
02/04/2024,"1,960",627,3.13,"22,458.80","22,497.60","22,388.15","22,453.30"
03/04/2024,"1,877",716,2.62,"22,385.70","22,521.10","22,346.50","22,434.65"
04/04/2024,"1,579",984,1.6,"22,592.10","22,619.00","22,303.80","22,514.65"
05/04/2024,"1,530","1,031",1.48,"22,486.40","22,537.60","22,427.60","22,513.70"
08/04/2024,"1,201","1,360",0.88,"22,578.35","22,697.30","22,550.35","22,666.30"
09/04/2024,"1,037","1,513",0.69,"22,765.10","22,768.40","22,612.25","22,642.75"
10/04/2024,"1,334","1,212",1.1,"22,720.25","22,775.70","22,673.70","22,753.80"
12/04/2024,867,"1,717",0.5,"22,677.40","22,726.45","22,503.75","22,519.40"
15/04/2024,475,"2,138",0.22,"22,339.05","22,427.45","22,259.55","22,272.50"
16/04/2024,"1,551","1,002",1.55,"22,125.30","22,213.75","22,079.45","22,147.90"
18/04/2024,"1,168","1,400",0.83,"22,212.35","22,326.50","21,961.70","21,995.85"
19/04/2024,"1,162","1,396",0.83,"21,861.50","22,179.55","21,777.65","22,147.00"
22/04/2024,"1,838",739,2.49,"22,336.90","22,375.65","22,198.15","22,336.40"
23/04/2024,"1,572",997,1.58,"22,447.05","22,447.55","22,349.45","22,368.00"
24/04/2024,"1,564",984,1.59,"22,421.55","22,476.45","22,384.00","22,402.40"
25/04/2024,"1,389","1,166",1.19,"22,316.90","22,625.95","22,305.25","22,570.35"
26/04/2024,"1,288","1,270",1.01,"22,620.40","22,620.40","22,385.55","22,419.95"
29/04/2024,"1,310","1,286",1.02,"22,475.55","22,655.80","22,441.90","22,643.40"
30/04/2024,"1,203","1,377",0.87,"22,679.65","22,783.35","22,568.40","22,604.85"
02/05/2024,"1,302","1,293",1.01,"22,567.85","22,710.50","22,567.85","22,648.20"
03/05/2024,894,"1,694",0.53,"22,766.35","22,794.70","22,348.05","22,475.85"
06/05/2024,770,"1,848",0.42,"22,561.60","22,588.80","22,409.45","22,442.70"
07/05/2024,597,"1,995",0.3,"22,489.75","22,499.05","22,232.05","22,302.50"
08/05/2024,"1,431","1,118",1.28,"22,231.20","22,368.65","22,185.20","22,302.50"
09/05/2024,413,"2,156",0.19,"22,224.80","22,307.75","21,932.40","21,957.50"
10/05/2024,"1,591",965,1.65,"21,990.95","22,131.30","21,950.30","22,055.20"
13/05/2024,"1,075","1,502",0.72,"22,027.95","22,131.65","21,821.05","22,104.05"
14/05/2024,"1,917",638,3,"22,112.90","22,270.05","22,081.25","22,217.85"
15/05/2024,"1,503","1,024",1.47,"22,255.60","22,297.55","22,151.75","22,200.55"
16/05/2024,"1,459","1,092",1.34,"22,319.20","22,432.25","22,054.55","22,403.85"
17/05/2024,"1,671",910,1.84,"22,415.25","22,502.15","22,345.65","22,466.10"
18/05/2024,"1,721",695,2.48,"22,512.85","22,520.25","22,470.05","22,502.00"
21/05/2024,"1,066","1,566",0.68,"22,404.55","22,591.10","22,404.55","22,529.05"
22/05/2024,"1,257","1,313",0.96,"22,576.60","22,629.50","22,483.15","22,597.80"
23/05/2024,"1,177","1,388",0.85,"22,614.10","22,993.60","22,577.45","22,967.65"
24/05/2024,"1,020","1,573",0.65,"22,930.75","23,026.40","22,908.00","22,957.10"
27/05/2024,"1,036","1,592",0.65,"23,038.95","23,110.80","22,871.20","22,932.45"
28/05/2024,749,"1,827",0.41,"22,977.15","22,998.55","22,858.50","22,888.15"
29/05/2024,"1,081","1,500",0.72,"22,762.75","22,825.50","22,685.45","22,704.70"
30/05/2024,606,"1,958",0.31,"22,617.45","22,705.75","22,417.00","22,488.65"
31/05/2024,"1,166","1,406",0.83,"22,568.10","22,653.75","22,465.10","22,530.70"
03/06/2024,"1,661",971,1.71,"23,337.90","23,338.70","23,062.30","23,263.90"
04/06/2024,179,"2,448",0.07,"23,179.50","23,179.50","21,281.45","21,884.50"
05/06/2024,"1,913",709,2.7,"22,128.35","22,670.40","21,791.95","22,620.35"
06/06/2024,"2,174",422,5.15,"22,798.60","22,910.15","22,642.60","22,821.40"
07/06/2024,"2,139",486,4.4,"22,821.85","23,320.20","22,789.05","23,290.15"
10/06/2024,"1,729",932,1.86,"23,319.15","23,411.90","23,227.15","23,259.20"
11/06/2024,"1,645",972,1.69,"23,283.75","23,389.45","23,206.65","23,264.85"
12/06/2024,"1,758",861,2.04,"23,344.45","23,441.95","23,295.95","23,322.95"
13/06/2024,"1,594","1,041",1.53,"23,480.95","23,481.05","23,353.90","23,398.90"
14/06/2024,"1,536","1,085",1.42,"23,464.95","23,490.40","23,334.25","23,465.60"
18/06/2024,"1,494","1,191",1.25,"23,570.80","23,579.05","23,499.70","23,557.90"
19/06/2024,"1,039","1,602",0.65,"23,629.85","23,664.00","23,412.90","23,516.00"
20/06/2024,"1,676",963,1.74,"23,586.15","23,624.00","23,442.60","23,567.00"
21/06/2024,"1,166","1,451",0.8,"23,661.15","23,667.10","23,398.20","23,501.10"
24/06/2024,"1,323","1,319",1,"23,382.30","23,558.10","23,350.00","23,537.85"
25/06/2024,"1,147","1,474",0.78,"23,577.10","23,754.15","23,562.05","23,721.30"
26/06/2024,"1,193","1,409",0.85,"23,723.10","23,889.90","23,670.45","23,868.80"
27/06/2024,882,"1,759",0.5,"23,881.55","24,087.45","23,805.40","24,044.50"
28/06/2024,"1,436","1,206",1.19,"24,085.90","24,174.00","23,985.80","24,010.60"
01/07/2024,"1,913",793,2.41,"23,992.95","24,164.00","23,992.70","24,141.95"
02/07/2024,"1,369","1,296",1.06,"24,228.75","24,236.35","24,056.40","24,123.85"
03/07/2024,"1,674",993,1.69,"24,291.75","24,309.15","24,207.10","24,286.50"
04/07/2024,"1,475","1,192",1.24,"24,369.95","24,401.00","24,281.00","24,302.15"
05/07/2024,"1,543","1,114",1.39,"24,213.35","24,363.00","24,168.85","24,323.85"
08/07/2024,"1,079","1,615",0.67,"24,329.45","24,344.60","24,240.55","24,320.55"
09/07/2024,"1,355","1,314",1.03,"24,351.00","24,443.60","24,331.90","24,433.20"
10/07/2024,837,"1,837",0.46,"24,459.85","24,461.05","24,141.80","24,324.45"
11/07/2024,"1,584","1,053",1.5,"24,396.55","24,402.65","24,193.75","24,315.95"
12/07/2024,"1,070","1,583",0.68,"24,387.95","24,592.20","24,331.15","24,502.15"
15/07/2024,"1,420","1,290",1.1,"24,587.60","24,635.05","24,522.75","24,586.70"
16/07/2024,"1,322","1,327",1,"24,615.90","24,661.25","24,587.65","24,613.00"
18/07/2024,870,"1,813",0.48,"24,543.80","24,837.75","24,504.45","24,800.85"
19/07/2024,459,"2,213",0.21,"24,853.80","24,854.80","24,508.15","24,530.90"
22/07/2024,"1,489","1,208",1.23,"24,445.75","24,595.20","24,362.30","24,509.25"
23/07/2024,"1,061","1,592",0.67,"24,568.90","24,582.55","24,074.20","24,479.05"
24/07/2024,"1,934",726,2.66,"24,444.95","24,504.25","24,307.25","24,413.50"
25/07/2024,"1,288","1,366",0.94,"24,230.95","24,426.15","24,210.80","24,406.10"
26/07/2024,"1,789",875,2.04,"24,423.35","24,861.15","24,410.90","24,834.85"
29/07/2024,"1,552","1,145",1.36,"24,943.30","24,999.75","24,774.60","24,836.10"
30/07/2024,"1,547","1,111",1.39,"24,839.40","24,971.75","24,798.65","24,857.30"
31/07/2024,"1,400","1,280",1.09,"24,886.70","24,984.60","24,856.50","24,951.15"
01/08/2024,926,"1,767",0.52,"25,030.95","25,078.30","24,956.40","25,010.90"
02/08/2024,973,"1,685",0.58,"24,789.00","24,851.90","24,686.85","24,717.70"
05/08/2024,274,"2,456",0.11,"24,302.85","24,350.05","23,893.70","24,055.60"
06/08/2024,930,"1,777",0.52,"24,189.85","24,382.60","23,960.40","23,992.55"
07/08/2024,"2,159",528,4.09,"24,289.40","24,337.70","24,184.90","24,297.50"
08/08/2024,"1,108","1,569",0.71,"24,248.55","24,340.50","24,079.70","24,117.00"
09/08/2024,"1,638","1,039",1.58,"24,386.85","24,419.75","24,311.20","24,367.50"
12/08/2024,"1,291","1,426",0.91,"24,320.05","24,472.80","24,212.10","24,347.00"
13/08/2024,713,"1,984",0.36,"24,342.35","24,359.95","24,116.50","24,139.00"
14/08/2024,952,"1,727",0.55,"24,184.40","24,196.50","24,099.70","24,143.75"
16/08/2024,"1,827",859,2.13,"24,334.85","24,563.90","24,204.50","24,541.15"
19/08/2024,"1,917",788,2.43,"24,636.35","24,638.80","24,522.95","24,572.65"
20/08/2024,"1,679","1,012",1.66,"24,648.90","24,734.30","24,607.20","24,698.85"
21/08/2024,"1,736",969,1.79,"24,680.55","24,787.95","24,654.50","24,770.20"
22/08/2024,"1,672","1,039",1.61,"24,863.40","24,867.35","24,784.45","24,811.50"
23/08/2024,"1,266","1,421",0.89,"24,845.40","24,858.40","24,771.65","24,823.15"
26/08/2024,"1,447","1,298",1.11,"24,906.10","25,043.80","24,874.70","25,010.60"
27/08/2024,"1,482","1,219",1.22,"25,024.80","25,073.10","24,973.65","25,017.75"
28/08/2024,"1,124","1,562",0.72,"25,030.80","25,129.60","24,964.65","25,052.35"
29/08/2024,869,"1,821",0.48,"25,035.30","25,192.90","24,998.50","25,151.95"
30/08/2024,"1,563","1,119",1.4,"25,249.70","25,268.35","25,199.40","25,235.90"
02/09/2024,"1,104","1,652",0.67,25333.6,25333.65,25235.5,25278.7
03/09/2024,"1,347","1,351",1,25313.4,25321.7,25235.8,25279.85
04/09/2024,"1,230","1,455",0.85,25089.95,25216,25083.8,25198.7
05/09/2024,"1,556","1,141",1.36,25250.5,25275.45,25127.75,25145.1
06/09/2024,747,"1,969",0.38,25093.7,25168.75,24801.3,24852.15
09/09/2024,986,"1,751",0.56,24823.4,24957.5,24753.15,24936.4
10/09/2024,"1,843",867,2.13,24999.4,25130.5,24896.8,25041.1
11/09/2024,926,"1,787",0.52,25034,25113.7,24885.15,24918.45
12/09/2024,"1,680","1,006",1.67,25059.65,25433.35,24941.45,25388.9
13/09/2024,"1,700","1,043",1.63,25430.45,25430.5,25292.45,25356.5
16/09/2024,"1,374","1,399",0.98,25406.65,25445.7,25336.2,25383.75
17/09/2024,"1,072","1,674",0.64,25416.9,25441.65,25352.25,25418.55
18/09/2024,891,"1,876",0.47,25402.4,25482.2,25285.55,25377.55
19/09/2024,790,"1,961",0.4,25487.05,25611.95,25376.05,25415.8
20/09/2024,"1,779",959,1.86,25525.95,25849.25,25426.6,25790.95
23/09/2024,"1,723","1,061",1.62,25872.55,25956,25847.35,25939.05
24/09/2024,"1,291","1,477",0.87,25921.45,26011.55,25886.85,25940.4
25/09/2024,"1,131","1,637",0.69,25899.45,26032.8,25871.35,26004.15
26/09/2024,"1,157","1,606",0.72,26005.4,26250.9,25998.4,26216.05
27/09/2024,"1,369","1,390",0.98,26248.25,26277.35,26151.4,26178.95
30/09/2024,"1,088","1,701",0.64,26061.3,26134.7,25794.1,25810.85
01/10/2024,"1,596","1,151",1.39,25788.45,25907.6,25739.2,25796.9
03/10/2024,587,"2,211",0.27,25452.85,25639.45,25230.3,25250.1
04/10/2024,959,"1,831",0.52,25181.9,25485.05,24966.8,25014.6
07/10/2024,334,"2,502",0.13,25084.1,25143,24694.35,24795.75
08/10/2024,"2,178",594,3.67,24832.2,25044,24756.8,25013.15
09/10/2024,"1,831",925,1.98,25065.8,25234.05,24947.7,24981.95
10/10/2024,"1,484","1,257",1.18,25067.05,25134.05,24979.4,24998.45
11/10/2024,"1,420","1,322",1.07,24985.3,25028.65,24920.05,24964.25
14/10/2024,"1,375","1,404",0.98,25023.45,25159.75,25017.5,25127.95
15/10/2024,"1,322","1,438",0.92,25186.3,25212.05,25008.15,25057.35
16/10/2024,"1,378","1,390",0.99,25008.55,25093.4,24908.45,24971.3
17/10/2024,671,"2,065",0.32,25027.4,25029.5,24728.9,24749.85
18/10/2024,"1,303","1,443",0.9,24664.95,24886.2,24567.65,24854.05
21/10/2024,666,"2,130",0.31,24956.15,24978.3,24679.6,24781.1
22/10/2024,281,"2,535",0.11,24798.65,24882,24445.8,24472.1
23/10/2024,"1,557","1,196",1.3,24378.15,24604.25,24378.1,24435.5
24/10/2024,966,"1,771",0.55,24412.7,24480.65,24341.2,24399.4
25/10/2024,419,"2,364",0.18,24418.05,24440.25,24073.9,24180.8
28/10/2024,"1,866",942,1.98,24251.1,24492.6,24134.9,24339.15
29/10/2024,"1,664","1,089",1.53,24328.85,24484.5,24140.85,24466.85
30/10/2024,"2,062",685,3.01,24371.45,24498.2,24307.3,24340.85
31/10/2024,"1,730",995,1.74,24349.85,24372.45,24172.6,24205.35
01/11/2024,"2,289",381,6.01,24302.75,24368.25,24280.2,24304.35
04/11/2024,669,"2,156",0.31,24315.75,24316.75,23816.15,23995.35
05/11/2024,"1,759","1,012",1.74,23916.5,24229.05,23842.75,24213.3
06/11/2024,"2,176",626,3.48,24308.75,24537.6,24204.05,24484.05
07/11/2024,"1,051","1,737",0.61,24489.6,24503.35,24179.05,24199.35
08/11/2024,835,"1,939",0.43,24207.7,24276.15,24066.65,24148.2
11/11/2024,859,"1,960",0.44,24087.25,24336.8,24004.6,24141.3
12/11/2024,648,"2,132",0.3,24225.8,24242,23839.15,23883.45
13/11/2024,321,"2,471",0.13,23822.45,23873.6,23509.6,23559.05
14/11/2024,"1,436","1,343",1.07,23542.15,23675.9,23484.15,23532.7
18/11/2024,"1,045","1,768",0.59,23605.3,23606.8,23350.4,23453.8
19/11/2024,"1,771","1,016",1.74,23529.55,23780.65,23464.8,23518.5
21/11/2024,752,"2,048",0.37,23488.45,23507.3,23263.15,23349.9
22/11/2024,"1,883",892,2.11,23411.8,23956.1,23359,23907.25
25/11/2024,"1,930",883,2.19,24253.55,24351.55,24135.45,24221.9
26/11/2024,"1,578","1,188",1.33,24343.3,24343.3,24125.4,24194.5
27/11/2024,"1,893",862,2.2,24204.8,24354.55,24145.65,24274.9
28/11/2024,"1,477","1,294",1.14,24274.15,24345.75,23873.35,23914.15
29/11/2024,"1,752","1,034",1.69,23927.15,24188.45,23927.15,24131.1
02/12/2024,"1,782","1,047",1.7,24140.85,24301.7,24008.65,24276.05
03/12/2024,"2,044",760,2.69,24367.5,24481.35,24280,24457.15
04/12/2024,"1,655","1,122",1.48,24488.75,24573.2,24366.3,24467.45
05/12/2024,"1,447","1,316",1.1,24539.15,24857.75,24295.55,24708.4
06/12/2024,"1,671","1,119",1.49,24729.45,24751.05,24620.5,24677.8
09/12/2024,"1,496","1,324",1.13,24633.9,24705,24580.05,24619
10/12/2024,"1,381","1,405",0.98,24652.65,24677.8,24510.65,24610.05
11/12/2024,"1,491","1,288",1.16,24620.5,24691.75,24583.85,24641.8
12/12/2024,895,"1,913",0.47,24604.45,24675.25,24527.95,24548.7
13/12/2024,"1,191","1,589",0.75,24498.35,24792.3,24180.8,24768.3
16/12/2024,"1,484","1,332",1.11,24753.4,24781.25,24601.75,24668.25
17/12/2024,908,"1,872",0.49,24584.8,24624.1,24303.45,24336
18/12/2024,827,"1,960",0.42,24297.95,24394.45,24149.85,24198.85
19/12/2024,"1,024","1,761",0.58,23877.15,24004.9,23870.3,23951.7
20/12/2024,478,"2,310",0.21,23960.7,24065.8,23537.35,23587.5
23/12/2024,"1,096","1,713",0.64,23738.2,23869.55,23647.2,23753.45
24/12/2024,"1,396","1,380",1.01,23769.1,23867.65,23685.15,23727.65
26/12/2024,"1,145","1,649",0.69,23775.8,23854.5,23653.6,23750.2
27/12/2024,"1,396","1,401",1,23801.4,23938.85,23800.6,23813.4
30/12/2024,871,"1,972",0.44,23796.9,23915.35,23599.3,23644.9
31/12/2024,"1,710","1,091",1.57,23560.6,23689.85,23460.45,23644.8
01/01/2025,"2,042",755,2.7,23637.65,23822.8,23562.8,23742.9
02/01/2025,"1,791","1,018",1.76,23783,24226.7,23751.55,24188.65
03/01/2025,"1,449","1,360",1.07,24196.4,24196.45,23976,24004.75
06/01/2025,365,"2,513",0.15,24045.8,24089.95,23551.9,23616.05
07/01/2025,"2,033",769,2.64,23679.9,23795.2,23637.8,23707.9
08/01/2025,887,"1,910",0.46,23746.65,23751.85,23496.15,23688.95
09/01/2025,722,"2,066",0.35,23674.75,23689.5,23503.05,23526.5
10/01/2025,481,"2,334",0.21,23551.9,23596.6,23344.35,23431.5
13/01/2025,270,"2,581",0.1,23195.4,23340.95,23047.25,23085.95
14/01/2025,"2,093",712,2.94,23165.9,23264.95,23134.15,23176.05
15/01/2025,"1,498","1,298",1.15,23250.45,23293.65,23146.45,23213.2
16/01/2025,"2,037",741,2.75,23377.25,23391.65,23272.05,23311.8
17/01/2025,"1,433","1,367",1.05,23277.1,23292.1,23100.35,23203.2
20/01/2025,"1,782","1,049",1.7,23290.4,23391.1,23170.65,23344.75
21/01/2025,633,"2,156",0.29,23421.65,23426.3,22976.85,23024.65
22/01/2025,721,"2,088",0.35,23099.15,23169.55,22981.3,23155.35
23/01/2025,"1,535","1,253",1.23,23128.3,23270.8,23090.65,23205.35
24/01/2025,558,"2,251",0.25,23183.9,23347.3,23050,23092.2
27/01/2025,300,"2,571",0.12,22940.15,23007.45,22786.9,22829.15
28/01/2025,840,"2,005",0.42,22960.45,23137.95,22857.65,22957.25
29/01/2025,"2,274",532,4.27,23026.75,23183.35,22976.5,23163.1
30/01/2025,"1,502","1,288",1.17,23169.5,23322.05,23139.2,23249.5
31/01/2025,"2,080",728,2.86,23296.75,23546.8,23277.4,23508.4
01/02/2025,"1,387","1,356",1.02,23528.6,23632.45,23318.3,23482.15
03/02/2025,734,"2,084",0.35,23319.35,23381.6,23222,23361.05
04/02/2025,"1,920",875,2.19,23509.9,23762.75,23423.15,23739.25
05/02/2025,"1,943",867,2.24,23801.75,23807.3,23680.45,23696.3
06/02/2025,"1,287","1,520",0.85,23761.95,23773.55,23556.25,23603.35
07/02/2025,971,"1,826",0.53,23649.5,23694.5,23443.2,23559.95
10/02/2025,559,"2,296",0.24,23543.8,23568.6,23316.3,23381.6
11/02/2025,277,"2,565",0.11,23383.55,23390.05,22986.65,23071.8
12/02/2025,"1,047","1,759",0.6,23050.8,23144.7,22798.35,23045.25
13/02/2025,"1,287","1,507",0.85,23055.75,23235.5,22992.2,23031.4
14/02/2025,387,"2,455",0.16,23096.45,23133.7,22774.85,22929.25
17/02/2025,914,"1,938",0.47,22809.9,22974.2,22725.45,22959.5
18/02/2025,685,"2,141",0.32,22963.65,22992.5,22801.5,22945.3
19/02/2025,"2,127",700,3.04,22847.25,23049.95,22814.85,22932.9
20/02/2025,"1,992",816,2.44,22821.1,22923.85,22812.75,22913.15
21/02/2025,"1,072","1,755",0.61,22857.2,22921,22720.3,22795.9
24/02/2025,727,"2,132",0.34,22609.35,22668.05,22518.8,22553.35
25/02/2025,"1,081","1,732",0.62,22516.45,22625.3,22513.9,22547.55
27/02/2025,534,"2,308",0.23,22568.95,22613.3,22508.4,22545.05
28/02/2025,397,"2,477",0.16,22433.4,22450.35,22104.85,22124.7