Day,Advances,Declines,Advance_Decline_Ratio,Open,High,Low,Close,Today_Close,Gap,5d_Movement,Awosc,Acosc,SMA_5,SMA_20,EMA_12,EMA_26,MACD,RSI_14,Stoch_%K,BB_Upper,BB_Lower,ATR_14,Body_Size,High_Low_Range,Close_Position,AD_Ratio,Advance_Decline_Diff,Return_1d,Volume_1d,Return_2d,Volume_2d,Return_3d,Volume_3d,Return_5d,Volume_5d,Daily_Return,Rolling_Vol_5
2019-02-21,1218.0,571.0,2.13,10744.1,10808.85,10721.5,10789.85,10789.85,0,0,-122.73867647058978,-37.726058823530906,10699.0,10807.3825,10772.809503522969,10808.944268877654,-36.13476535468544,48.60560102961495,38.351018875011825,11071.996757505147,10542.768242494853,117.97330309655437,0.004258150985191873,0.008130043465716101,0.7824842587292511,2.1330998248686517,647.0,0.005067323679957436,1119.0,0.017492821342184994,1024.0,0.013993111517298651,583.0,0.004075916266907509,854.0,0.005067323679957436,0.007928387214069755
2019-02-22,1226.0,589.0,2.08,10782.7,10801.55,10758.4,10791.65,10791.65,1,1,-106.97411764705976,-5.386852941177125,10712.45,10807.9375,10775.708041442513,10807.663211923755,-31.95517048124202,48.73029936976498,38.68907878674049,11072.370816499642,10543.504183500358,112.62878144680046,0.0008300332940728118,0.0040017806300833405,0.770567786790273,2.0814940577249574,637.0,0.00016682344981622244,1218.0,0.005234992478191369,1119.0,0.01766256300480462,1024.0,0.006270747081421835,642.0,0.00016682344981622244,0.007790925471956774
2019-02-25,1111.0,691.0,1.61,10813.25,10887.1,10788.05,10880.1,10880.1,0,1,-80.10455882352835,25.696500000001464,10760.28,10818.865,10791.76834275905,10813.028899929403,-21.260557170353422,54.56412914862431,55.30096722696973,11076.164364748536,10561.565635251463,111.65886848631479,0.006182230134325976,0.00916005826185477,0.929328621908128,1.6078147612156295,420.0,0.00819615165428833,1226.0,0.008364342414398651,1218.0,0.013474050924739966,1119.0,0.022474497107870972,583.0,0.00819615165428833,0.006277266300926714
2019-02-26,610.0,1188.0,0.51,10775.3,10888.75,10729.3,10835.3,10835.3,1,1,-49.12382352941495,47.117647058821234,10806.470000000001,10828.02,10798.465520796119,10814.678611045743,-16.213090249624656,51.375431689592794,46.88703164616383,11073.715511558516,10582.324488441485,115.07252073729236,0.0055682904420294565,0.014797731849693348,0.6647851991219788,0.5134680134680135,-578.0,-0.004117609213150741,1111.0,0.004044793891573528,1226.0,0.004212292107860449,1218.0,0.021778798323329518,1024.0,-0.004117609213150741,0.006494449196513646
2019-02-27,849.0,955.0,0.89,10881.2,10939.7,10751.2,10806.65,10806.65,1,1,-20.38132352941284,55.48317647058829,10820.71,10835.7625,10799.72467144287,10814.08389911643,-14.359227673559872,49.387706938370876,48.51278674130161,11068.156856375108,10603.368143624893,120.31734068462863,0.006851266404440786,0.017323456971657537,0.29416445623341597,0.8890052356020942,-106.0,-0.0026441353723477556,610.0,-0.006750857069328431,1111.0,0.00138996353662324,1226.0,0.006632232463473775,1119.0,-0.0026441353723477556,0.005194582171855793
2019-02-28,1076.0,697.0,1.54,10865.7,10865.7,10784.85,10792.5,10792.5,1,1,-9.258382352942135,43.91005882352947,10821.24,10833.84,10798.613183528581,10812.48509177447,-13.871908245888335,48.39186678310386,58.42395141929099,11066.996706101283,10600.683293898717,117.4982449214409,0.006736795604517033,0.007440845964825125,0.09461966604823255,1.5437589670014347,379.0,-0.0013093789472222728,849.0,-0.003950052144379823,610.0,-0.008051396586428505,1111.0,0.00024560119000716085,1218.0,-0.0013093789472222728,0.004817891843496273
2019-03-01,1432.0,380.0,3.77,10842.65,10877.9,10823.1,10863.5,10863.5,1,1,1.8958823529392248,33.29032352941103,10835.609999999999,10832.3325,10808.595770678032,10816.26397386525,-7.668203187218751,53.462481220453945,78.47761615591004,11064.309773186405,10600.355226813595,115.20551314133796,0.0019229616376070762,0.005054114999561848,0.7372262773722659,3.768421052631579,1052.0,0.006578642575862936,1076.0,0.0052606496925504675,849.0,0.0026026044502691636,610.0,0.006657925340425308,1226.0,0.006578642575862936,0.005637557774517387
2019-03-05,1540.0,336.0,4.58,10864.85,10994.9,10817.0,10987.45,10987.45,1,1,13.550294117649173,26.213764705885477,10857.08,10836.0925,10836.111805958335,10828.944420245602,7.167385712733449,60.718570086698136,98.17959682345781,11075.449620794432,10596.73537920557,119.68369077409952,0.011284095040428571,0.016373902999120983,0.9581225407532382,4.583333333333333,1204.0,0.011409766649790543,1432.0,0.018063470002316562,1076.0,0.0167304391277594,849.0,0.00986663725517234,1111.0,0.011409766649790543,0.0066979741856686235
2019-03-06,1246.0,617.0,2.02,11024.85,11062.3,10998.85,11053.0,11053.0,1,1,54.09411764705874,46.1140000000003,10900.62,10842.025,10869.479220426283,10845.541129857038,23.938090569245105,63.92225368092144,98.04888282807106,11096.249150111667,10587.800849888332,116.48128429023517,0.002553322720944016,0.005755180342589596,0.8534278959810964,2.0194489465153973,629.0,0.005965897455733504,1540.0,0.01744373360335061,1432.0,0.024137132267778583,1076.0,0.020091737192325043,610.0,0.005965897455733504,0.005868407613454077
2019-03-07,871.0,940.0,0.93,11077.95,11089.05,11027.1,11058.2,11058.2,0,1,91.60661764705947,61.228911764706574,10950.93,10841.8125,10898.513186514547,10861.293638756517,37.219547758029876,64.17188645427252,93.87167262614251,11095.305355668557,10588.319644331443,112.58619255521829,0.0017828208287634444,0.0055921898907287815,0.5020177562550591,0.926595744680851,-69.0,0.00047046050845933607,1246.0,0.006439164683343268,1540.0,0.01792240069959039,1432.0,0.023277333863870986,849.0,0.00047046050845933607,0.005102078429227568
2019-03-08,800.0,1006.0,0.8,11038.85,11049.0,11008.95,11035.4,11035.4,1,1,128.26499999999942,70.38261764705821,10999.51,10840.1125,10919.572696281539,10874.190406256033,45.38229002550543,62.141584146735305,89.34247119586816,11087.868585444938,10592.35641455506,108.06217880127413,0.0003125325554745945,0.0036280953178998965,0.6604244694132182,0.7952286282306164,-206.0,-0.0020618183791214495,871.0,-0.0015923278747851377,1246.0,0.0043640699161315855,1540.0,0.022506370164466105,1076.0,-0.0020618183791214495,0.005326945133287918
2019-03-11,1312.0,524.0,2.5,11068.75,11180.9,11059.85,11168.05,11168.05,1,1,176.834852941176,83.96467647058743,11060.420000000002,10851.335,10957.799973776686,10895.9577835704,61.84219020628552,68.40476054720602,97.84124317513644,11134.612193045961,10568.057806954037,110.7363088868974,0.00897120271033308,0.010936194240542001,0.8938455183808307,2.50381679389313,788.0,0.012020407053663584,800.0,0.009933804778354371,871.0,0.010408938749660646,1246.0,0.0280342431076539,1432.0,0.012020407053663584,0.006326865438308426
2019-03-12,1193.0,645.0,1.85,11231.35,11320.4,11227.0,11301.2,11301.2,1,1,239.59882352941167,101.5189411764706,11123.17,10871.955,11010.63074704181,10925.97572552815,84.65502151366127,73.19789592422549,97.15133531157286,11216.542012088381,10527.367987911619,113.70871539497618,0.006219198938685052,0.008316008316008284,0.7944325481798824,1.8496124031007752,548.0,0.011922403642534052,1312.0,0.02408612284103895,800.0,0.02197464325116205,871.0,0.028555306281257353,1540.0,0.011922403642534052,0.006448329038047134
2019-03-13,657.0,1184.0,0.55,11326.2,11352.3,11276.6,11341.7,11341.7,1,1,283.5480882352949,99.57741176470662,11180.91,10897.470000000001,11061.564478266147,10956.770116229767,104.79436203638033,74.46672494607233,98.31959416613847,11297.394092047476,10497.545907952526,110.9938071524778,0.001368508414119475,0.006683618512828566,0.859973579920757,0.5548986486486487,-527.0,0.0035836902275865334,1193.0,0.015548820071543457,1312.0,0.027756130271671342,800.0,0.026119605536958357,1246.0,0.0035836902275865334,0.006508126248773444
2019-03-14,775.0,1056.0,0.73,11382.5,11383.45,11313.75,11343.25,11343.25,1,1,326.4773529411759,95.53252941176433,11237.920000000002,10924.95,11104.900712379047,10985.398255768303,119.50245661074405,74.51644774172063,93.85462049988524,11365.979387909692,10483.920612090309,108.04424949872943,0.0034482758620689655,0.0061234350977378196,0.4232424677187904,0.7339015151515151,-281.0,0.00013666381582999598,657.0,0.003720843804197793,1193.0,0.015687608848456103,1312.0,0.025777251270550305,871.0,0.00013666381582999598,0.006570021212515819
2019-03-15,770.0,1069.0,0.72,11376.85,11487.0,11370.8,11426.85,11426.85,1,-1,389.2616176470601,106.11747058823642,11316.210000000001,10958.99,11154.43137201304,11018.09838497065,136.3329870423895,77.10602826514956,92.06150191368621,11442.572169439689,10475.40783056031,110.59466024882019,0.004394889622347135,0.010213723482334805,0.48235800344234714,0.7202993451824135,-299.0,0.00737002181914348,775.0,0.0075076928502781914,657.0,0.011118288323363812,1193.0,0.03547220762274139,800.0,0.00737002181914348,0.005204512381569442
2019-03-18,777.0,1073.0,0.72,11473.85,11530.15,11412.5,11462.2,11462.2,1,0,437.28617647058854,102.0517647058823,11375.039999999999,10995.880000000001,11201.780391703342,11050.994800898749,150.78559080459308,78.11857010210902,91.5152650309048,11513.61139116727,10478.148608832733,111.09861308819015,0.0010153523011020395,0.010253750920571528,0.42243943901403214,0.7241379310344828,-296.0,0.0030935909721401256,770.0,0.010486412624247876,775.0,0.010624509553241568,657.0,0.02633852821217686,1312.0,0.0030935909721401256,0.004543793351375113
2019-03-19,963.0,882.0,1.09,11500.3,11543.85,11451.25,11532.4,11532.4,1,-1,456.7458823529414,78.08205882352922,11421.28,11040.4525,11252.644946825905,11086.65444527662,165.9905015492859,80.00939037562641,98.55547845833586,11581.261748695872,10499.643251304127,109.77728358189087,0.0027912315330904727,0.008051963861812332,0.8763498920086319,1.0918367346938775,81.0,0.0061244787213623475,777.0,0.009237016325583935,770.0,0.016675115156590925,775.0,0.02045800445970336,1193.0,0.0061244787213623475,0.002818318948909253
2019-03-20,691.0,1160.0,0.6,11553.35,11556.1,11503.1,11521.05,11521.05,1,0,474.2442647058815,57.441205882351994,11457.15,11086.2875,11293.938031929612,11118.831893774646,175.10613815496617,78.82342156700435,95.45542949756873,11626.869563959757,10545.705436040244,105.72176332604151,0.0027957259149944467,0.004587414040083612,0.33867924528299825,0.5956896551724138,-469.0,-0.0009841836911658186,963.0,0.005134267418122063,777.0,0.008243741713595432,770.0,0.015813326044596288,657.0,-0.0009841836911658186,0.0036342448241909135
2019-03-22,644.0,1192.0,0.54,11549.2,11572.8,11434.55,11456.9,11456.9,0,1,483.3364705882359,35.1615882352944,11479.88,11122.36,11319.009103940441,11143.873975717264,175.13512822317716,72.30026672314804,84.6652553585605,11660.762638923688,10583.957361076313,108.04520880275284,0.007991895542548496,0.011970526097045683,0.16166365280289594,0.540268456375839,-548.0,-0.005568068882610522,691.0,-0.00654677257119074,963.0,-0.00046238941913434584,777.0,0.010019174398871566,775.0,-0.005568068882610522,0.005320365643074832
2019-03-25,468.0,1403.0,0.33,11395.65,11395.65,11311.6,11354.25,11354.25,1,1,454.8939705882367,-6.40738235294009,11465.359999999999,11150.58,11324.430780257295,11159.457384923393,164.97339533390186,63.27642779274036,71.08362000529247,11675.302729067447,10625.857270932553,110.70626531684186,0.0036329652104092032,0.007375621399393565,0.5074360499702558,0.33357091945830364,-935.0,-0.008959666227338903,644.0,-0.014477847071230454,691.0,-0.015447781901425484,963.0,-0.006353456989459105,770.0,-0.008959666227338903,0.006152330146339219
2019-03-26,1039.0,809.0,1.28,11375.2,11496.75,11352.45,11483.25,11483.25,1,1,429.2673529411768,-30.430235294117665,11469.57,11185.16,11348.864506371556,11183.442023077216,165.42248329434005,68.58318303063767,84.39759560937374,11701.801610403178,10668.518389596822,113.10581779421025,0.00949873408819179,0.012685491244109929,0.9064449064449059,1.284301606922126,230.0,0.011361384503600025,468.0,0.002299924063228209,644.0,-0.0032809509549910354,691.0,0.0018364711835423542,777.0,0.011361384503600025,0.008337545107136534
2019-03-27,857.0,988.0,0.87,11531.45,11546.2,11413.0,11445.05,11445.05,1,1,409.26852941176367,-40.93358823529525,11452.1,11213.4075,11363.662274622086,11202.820391738162,160.84188288392397,65.56188275455293,77.3432650527622,11721.957507644269,10704.85749235573,114.5411165231953,0.00749255297469108,0.011551019169315283,0.24061561561560885,0.8674089068825911,-131.0,-0.003326584372891017,1039.0,0.007997005526564793,468.0,-0.001034311201110305,644.0,-0.00757431237209949,963.0,-0.003326584372891017,0.007765522973874778
2019-03-28,1174.0,642.0,1.83,11463.65,11588.5,11452.45,11570.0,11570.0,1,0,392.65455882352944,-41.22961764705906,11461.89,11250.1425,11395.406540064841,11230.018881239039,165.38765882580265,70.18807663752298,96.80786817358295,11750.20635119801,10750.07864880199,116.60603677153856,0.009277149947878762,0.011867947817667085,0.864020580668871,1.8286604361370717,532.0,0.010917383497669464,857.0,0.007554481527442203,1039.0,0.019001695400400642,468.0,0.004248744689069106,691.0,0.010917383497669464,0.009574710764719715
2019-03-29,1042.0,792.0,1.32,11625.45,11630.35,11570.15,11623.9,11623.9,1,0,396.69308823529536,-19.86241176470503,11495.289999999999,11291.005,11430.559380054865,11259.195260406517,171.3641196483477,71.93921868827499,98.86941279579304,11772.654970310374,10809.355029689625,112.5877484307144,0.00013332817224288878,0.005178294173558935,0.892857142857132,1.3156565656565657,250.0,0.0046585998271391205,1174.0,0.015626843045683625,857.0,0.012248274660919156,1039.0,0.014576368825773178,644.0,0.0046585998271391205,0.008921653545052094
2019-04-01,1303.0,557.0,2.34,11665.2,11738.1,11644.75,11669.15,11669.15,1,-1,443.42661764705736,29.164588235292854,11558.27,11334.8375,11467.265629277194,11289.562278154182,177.7033511230111,73.35427407551944,86.50948933672458,11785.613301119562,10884.061698880438,112.70290925709199,0.00033861399718812437,0.008002434591777283,0.261381896089979,2.3393177737881508,746.0,0.0038928414731715932,1042.0,0.008569576490924824,1174.0,0.01958051734155819,857.0,0.02773410837351653,468.0,0.0038928414731715932,0.006018790869120932
2019-04-02,835.0,948.0,0.88,11711.55,11729.35,11655.85,11713.2,11713.2,1,0,473.53838235293915,50.422147058822134,11604.26,11377.322499999998,11505.101686311471,11320.942850142761,184.15883616870997,74.69222345861607,94.60455037919834,11801.797175893606,10952.847824106391,109.90270145301399,0.00014088656070302013,0.006275855885856271,0.7802721088435424,0.880801687763713,-113.0,0.0037749107689935,1303.0,0.007682447371364365,1042.0,0.012376836646499578,1174.0,0.020024818757755858,1039.0,0.0037749107689935,0.005050335684043371
2019-04-03,620.0,1219.0,0.51,11735.3,11761.0,11629.15,11643.95,11643.95,1,-1,492.2885294117641,52.56829411764704,11644.039999999999,11410.147500000001,11526.462965340475,11344.869305687742,181.59365965273355,68.84011628812972,73.95416110369395,11809.75575751601,11010.539242483992,111.47036563494159,0.007784206624457709,0.011235332714118971,0.1122487675388779,0.5086136177194421,-599.0,-0.0059121333196735515,835.0,-0.002159540326416187,1303.0,0.0017248943986098997,1042.0,0.01737869209833076,857.0,-0.0059121333196735515,0.006024375775372596
2019-04-04,696.0,1109.0,0.63,11660.2,11662.55,11559.2,11598.0,11598.0,1,0,487.4567647058848,28.77608823529664,11649.64,11437.397500000001,11537.468662980402,11363.61972748865,173.84893549175104,65.19030573808159,63.72941700044501,11809.235306677832,11065.55969332217,110.89033951815995,0.005334385345019873,0.008863484331314946,0.3754233188195435,0.6275924256086565,-413.0,-0.003946255351491623,620.0,-0.009835057883413656,835.0,-0.0060972735803378475,1303.0,0.002420051858254002,1174.0,-0.003946255351491623,0.005010359303991792
2019-04-05,1148.0,641.0,1.79,11638.4,11689.65,11609.5,11665.95,11665.95,1,0,471.03205882352813,-2.516411764706561,11658.050000000001,11467.785,11557.235022521878,11386.014562489492,171.22046003238574,67.90058748155317,78.84957721406334,11808.752526459602,11126.817473540397,109.51602955257707,0.0023671638713226124,0.006886685455045336,0.7043044291952711,1.7909516380655226,507.0,0.005858768753233434,696.0,0.0018893932041961214,620.0,-0.004033910459993906,835.0,0.003617546606560662,1042.0,0.005858768753233434,0.005281206067086521
2019-04-08,700.0,1110.0,0.63,11704.35,11710.3,11549.1,11604.5,11604.5,1,1,431.4333823529432,-39.71644117646866,11645.12,11496.24,11564.50655751851,11402.198668971752,162.30788854675848,63.11470636421968,65.17578994214506,11777.961398903206,11214.518601096794,113.20774172739291,0.008531016246096567,0.013772657174469228,0.34367245657568246,0.6306306306306306,-410.0,-0.005267466430080803,1148.0,0.0005604414554234438,696.0,-0.0033880255411609106,620.0,-0.005540249289794019,1303.0,-0.005267466430080803,0.005495788805539471
2019-04-09,800.0,995.0,0.8,11612.05,11683.9,11569.7,11671.95,11671.95,0,1,390.84249999999884,-63.76814705882498,11636.869999999999,11521.435000000001,11581.03631790028,11422.180249047919,158.8560688523612,65.95152028780669,80.18469069870953,11769.348009138244,11273.521990861758,113.27861731829334,0.005158434557205787,0.009834611459647428,0.8953590192644569,0.8040201005025126,-195.0,0.005812400361928649,700.0,0.0005143173080632835,1148.0,0.006376099327470408,696.0,-0.003521667861899447,835.0,0.005812400361928649,0.005999888592705759
2019-04-10,771.0,1013.0,0.76,11646.85,11680.05,11571.75,11584.3,11584.3,1,1,348.4295588235291,-77.40929411764773,11624.94,11535.59,11581.5384228387,11434.189119488814,147.3493033498853,59.54293068047617,60.68090787716937,11763.074317261604,11308.105682738396,112.92300179555805,0.005370550835633763,0.009298651566732574,0.11588180978762103,0.7611056268509379,-242.0,-0.007509456431873174,800.0,-0.0017407040372270366,700.0,-0.006999001367226976,1148.0,-0.005122832028650159,620.0,-0.007509456431873174,0.006378002819825163
2019-04-11,811.0,976.0,0.83,11592.55,11606.7,11550.55,11596.7,11596.7,1,0,316.12441176470566,-75.44797058823531,11624.68,11548.34,11583.870973171208,11446.226962489642,137.64401068156621,60.133137410447425,63.44014241210516,11758.879983376028,11337.800016623973,108.86778738158974,0.00035798853574075206,0.004843628019719687,0.8219056099732904,0.8309426229508197,-165.0,0.0010704142675863615,771.0,-0.0064470803935932075,800.0,-0.0006721530440776391,700.0,-0.00011208829108455554,696.0,0.0010704142675863615,0.006192593251093133
2019-04-12,982.0,804.0,1.22,11612.85,11657.35,11578.8,11643.45,11643.45,1,-1,284.739117647061,-69.57467647058655,11620.18,11563.35,11593.036977298714,11460.836076379299,132.2009009194153,62.3624729126824,71.22751193244413,11755.242378691748,11371.457621308253,106.7022311400477,0.002635012077138718,0.006764058779713945,0.8230426479949148,1.2213930348258706,178.0,0.0040313192546155285,811.0,0.005106048703849231,771.0,-0.00244175137830438,800.0,-0.001928689905237091,1148.0,0.0040313192546155285,0.005801410637579544
2019-04-15,1033.0,767.0,1.35,11667.0,11704.6,11648.25,11690.35,11690.35,1,0,267.71794117647005,-53.85276470588286,11637.35,11576.525,11608.008211560451,11477.83710775861,130.17110380184022,64.50676930884009,79.69827586206907,11765.278046332971,11387.771953667028,103.44850034432999,0.0020013713893889057,0.004829862003942776,0.7471162377994692,1.3468057366362451,266.0,0.004028015751345038,982.0,0.00807557322341701,811.0,0.009154631699800797,771.0,0.0073979921582145725,700.0,0.004028015751345038,0.0053091708568227605
2019-04-16,896.0,891.0,1.01,11736.2,11810.95,11731.55,11787.15,11787.15,1,-1,269.1469117647066,-28.08467647058785,11660.390000000001,11592.772500000001,11635.568486704997,11500.749173850565,134.8193128544317,68.49622405170194,93.36122733612243,11794.837649085577,11390.707350914425,104.67360746259216,0.004341268894531357,0.006765392546139419,0.7002518891687575,1.005611672278339,5.0,0.00828033377957027,1033.0,0.012341702845805935,982.0,0.01642277544473858,811.0,0.009869816097567208,800.0,0.00828033377957027,0.005894353536109939
2019-04-18,543.0,1288.0,0.42,11856.15,11856.15,11738.5,11752.8,11752.8,0,0,274.3642647058823,-8.054264705882815,11694.09,11603.7925,11653.604104134996,11519.41960541719,134.1844987178065,65.67520813731186,66.3409868099656,11815.304568863636,11392.280431136363,105.60049264383555,0.008716994977290298,0.009923120068487633,0.12154696132596104,0.421583850931677,-745.0,-0.0029141904531629903,896.0,0.0053420128567578384,1033.0,0.009391546320033806,982.0,0.014545548716797807,771.0,-0.0029141904531629903,0.004142839774070669
2019-04-22,418.0,1418.0,0.29,11727.05,11727.05,11583.95,11594.45,11594.45,1,1,265.9142647058816,-6.462235294118727,11693.640000000001,11607.4625,11644.503472729612,11524.977412423324,119.52606030628704,54.52654283359007,14.769581501384293,11815.625109214468,11399.29989078553,110.11831459784719,0.011307191493171645,0.01220255733539113,0.07337526205450809,0.2947813822284908,-1000.0,-0.013473385065686405,543.0,-0.016348311508719182,896.0,-0.008203347205173461,1033.0,-0.00019402071278895594,811.0,-0.013473385065686405,0.008530306639291442
2019-04-23,738.0,1080.0,0.68,11612.95,11645.95,11564.8,11575.95,11575.95,1,1,240.4301470588216,-23.084558823530813,11680.14,11613.414999999999,11633.956784617363,11528.753159651227,105.20362496613598,53.3863199603362,8.744504152418312,11810.531049828458,11416.29895017154,108.04914926942963,0.003186098278215268,0.006987888521004693,0.13739987677142643,0.6833333333333333,-342.0,-0.0015955909939668889,418.0,-0.01504747804778428,543.0,-0.017917817284076265,896.0,-0.0057972508148358415,982.0,-0.0015955909939668889,0.008229803317579318
2019-04-24,991.0,797.0,1.24,11601.5,11740.85,11578.85,11726.15,11726.15,1,0,213.31073529411879,-39.322529411763384,11687.3,11632.01,11648.140356214692,11543.37514782521,104.7652083894809,60.591636630985604,57.6616186288877,11795.044283511092,11468.975716488909,112.1099243216132,0.010744300305994882,0.013963711589018662,0.9092592592592548,1.2434127979924718,194.0,0.012975176983314407,738.0,0.011358882913807822,418.0,-0.002267544755292339,543.0,0.003062354848229365,1033.0,0.012975176983314407,0.010336198764739743
2019-04-25,758.0,1036.0,0.73,11735.7,11796.75,11624.3,11641.8,11641.8,1,0,177.50176470588303,-56.80247058823443,11658.23,11639.9375,11647.164916797046,11550.665877615937,96.49903918110977,55.411519510153035,30.19052271616972,11787.998493766,11491.876506234,116.41992972721232,0.00800122702523083,0.014694479238562737,0.10147868947520977,0.7316602316602316,-278.0,-0.007193324322134709,991.0,0.005688518005001697,738.0,0.0040838504629368,418.0,-0.012331225105305377,896.0,-0.007193324322134709,0.009783854587483853
2019-04-26,736.0,1053.0,0.7,11683.75,11762.9,11661.75,11754.65,11754.65,0,-1,140.450294117647,-67.07114705882341,11658.6,11655.4175,11663.701083443653,11565.77581260735,97.92527083630375,60.301450143431914,66.94349454486232,11781.905049881301,11528.929950118698,116.75422046098289,0.006068257194821837,0.008657323205306485,0.9184379634206621,0.6989553656220323,-317.0,0.009693518184473282,758.0,0.0024304652422151296,991.0,0.01543717794219912,738.0,0.00015740929820973193,543.0,0.009693518184473282,0.011159171247771195
2019-04-30,482.0,1404.0,0.34,11748.75,11756.25,11655.9,11748.15,11748.15,0,-1,131.50647058823233,-49.13341176470823,11689.34,11664.325,11676.693224452321,11579.285011673472,97.4082127788497,59.89401365529414,64.8265754763067,11790.58805675048,11538.061943249522,115.58249042805558,5.106926268755091e-05,0.008541334184487742,0.919282511210759,0.3433048433048433,-922.0,-0.0005529726533755053,736.0,0.009135185280626734,758.0,0.0018761486080256518,991.0,0.013256342474200933,418.0,-0.0005529726533755053,0.008387406611993989
2019-05-02,719.0,1110.0,0.65,11725.55,11789.3,11699.55,11724.75,11724.75,0,-1,138.27382352941095,-21.93479411764747,11719.1,11669.3675,11684.08657453658,11590.060195993956,94.02637854262503,58.36513560182528,57.00261780104729,11796.819656807857,11541.915343192144,113.73731254033733,6.82270767681919e-05,0.00765422517493849,0.2807799442897017,0.6477477477477478,-391.0,-0.0019918029647221225,482.0,-0.0025436742055271466,736.0,0.007125186826779428,758.0,0.012854236585334133,738.0,-0.0019918029647221225,0.008439437578451876
2019-05-03,713.0,1099.0,0.65,11722.6,11770.9,11699.35,11712.25,11712.25,0,-1,135.2479411764707,-9.348117647058103,11716.32,11671.5225,11688.419409223261,11599.111292586997,89.30811663626446,57.52045871796564,52.912303664921644,11800.33728360411,11542.707716395887,110.72393307317033,0.0008829099346561653,0.006103594765666257,0.1802935010482148,0.6487716105550501,-386.0,-0.0010661208128105448,719.0,-0.003055800274936904,482.0,-0.0036070831543261184,736.0,-0.0011853848023434255,991.0,-0.0010661208128105448,0.006141480866821303
2019-05-06,574.0,1237.0,0.46,11605.8,11632.55,11571.35,11598.25,11598.25,1,-1,103.87852941176425,-25.992882352940796,11707.61,11665.775,11674.547192419683,11599.047493136108,75.49969928357496,50.36199890581373,15.608638743455717,11796.876039278772,11534.673960721228,112.8793664250867,0.0006505368005651719,0.005273225456237305,0.4395424836601326,0.46402586903799514,-663.0,-0.00973339879186319,713.0,-0.010789142625642345,719.0,-0.012759455744095871,482.0,-0.003740830455771338,758.0,-0.00973339879186319,0.006918225632896236
2019-05-07,544.0,1260.0,0.43,11651.5,11657.05,11484.45,11497.9,11497.9,0,-1,68.0252941176459,-47.36111764705893,11656.26,11658.4725,11647.370701278192,11591.555086237138,55.815615041054116,45.04746901065581,3.6185095507126577,11808.523536234257,11508.421463765742,117.14512596615182,0.013182851993305614,0.014813543320602373,0.07792584009269422,0.43174603174603177,-716.0,-0.008652167352833473,574.0,-0.01830135114943754,713.0,-0.019347960510885165,719.0,-0.021842419808331126,736.0,-0.008652167352833473,0.004422664642725285
2019-05-08,441.0,1370.0,0.32,11478.7,11479.1,11346.95,11359.45,11359.45,0,-1,7.520441176473469,-83.06876470587959,11578.52,11646.545,11603.075208773855,11574.362116886241,28.7130918876137,38.941740128961555,2.454831107619801,11844.276532386655,11448.813467613345,119.55975982571233,0.010388807094880081,0.011512627736590349,0.09458948164964082,0.3218978102189781,-929.0,-0.012041329286217373,544.0,-0.02058931304291589,574.0,-0.030122307840081852,713.0,-0.033086060358439306,482.0,-0.012041329286217373,0.004884924054560857
2019-05-09,753.0,1044.0,0.72,11322.4,11357.6,11255.05,11301.8,11301.8,1,0,-76.49441176470646,-124.12997058823603,11493.93,11628.3375,11556.7251766548,11554.172330450223,2.552846204576781,36.71048961954891,7.7774080851771705,11876.261316675556,11380.413683324443,118.47691983816155,0.0018194022468734866,0.0090572670105279,0.45587518283763534,0.7212643678160919,-291.0,-0.005075069655661291,441.0,-0.017055288357004317,544.0,-0.02555989050072216,574.0,-0.036073263822256396,719.0,-0.005075069655661291,0.004302343176989337
2019-05-10,861.0,899.0,0.96,11314.15,11345.8,11251.05,11278.9,11278.9,0,1,-158.74911764705757,-147.58526470588149,11407.26,11612.0575,11513.982841784831,11533.78178745391,-19.79894566907933,35.83222061565283,4.602545033878755,11903.113737306428,11321.001262693573,116.78213984972145,0.003115567674107202,0.008374469138203047,0.29393139841689037,0.9577308120133482,-38.0,-0.0020262259109168346,753.0,-0.007091012328942048,441.0,-0.01904695640073406,544.0,-0.03699972251275374,713.0,-0.0020262259109168346,0.003961740856777239
2019-05-13,350.0,1492.0,0.23,11258.7,11300.2,11125.6,11148.2,11148.2,1,1,-228.1870588235306,-150.61008823529556,11317.25,11585.869999999999,11457.708558433318,11505.220173568436,-47.51161513511761,31.23861285937518,3.3673545407137566,11938.4120916713,11233.327908328698,120.9119870033128,0.009814632239956655,0.015508007141144213,0.12943871706758486,0.23458445040214476,-1142.0,-0.011588009469008398,861.0,-0.013590755454883197,753.0,-0.018596851079937804,441.0,-0.038803267734356384,574.0,-0.011588009469008398,0.004295244004637659
2019-05-14,859.0,963.0,0.89,11151.65,11294.75,11108.3,11222.05,11222.05,1,1,-292.382794117646,-142.72420588235255,11262.079999999998,11567.757500000002,11421.453395597424,11484.244605155958,-62.79120955853432,36.21440671948103,16.522623284189102,11954.34019655402,11181.174803445983,125.59327364593337,0.0063129671393918965,0.016719498908233377,0.6100831322070236,0.8920041536863966,-104.0,0.006624387793545017,350.0,-0.005040385143941339,861.0,-0.007056398095878547,753.0,-0.023991337548595837,544.0,0.006624387793545017,0.007694117675014126
2019-05-15,657.0,1159.0,0.57,11271.7,11286.8,11136.95,11157.0,11157.0,1,1,-324.03044117647005,-108.06167647058791,11221.59,11545.772500000001,11380.768257813204,11460.004264033294,-79.23600622008962,33.88820285248522,7.073861573099089,11971.318774187634,11120.226225812368,127.32589695693801,0.010175927322409283,0.013294356663147398,0.13380046713379692,0.5668679896462467,-502.0,-0.005796623611550422,859.0,0.0007893650992985002,350.0,-0.010807791539955147,861.0,-0.01782216568583872,441.0,-0.005796623611550422,0.0066674642388628285
2019-05-16,846.0,959.0,0.88,11180.35,11281.55,11143.35,11257.1,11257.1,1,1,-338.6532352941158,-70.25270588235179,11212.65,11526.454999999998,11361.742371995788,11444.974318549346,-83.23194655355837,40.24862263174063,21.61377006318555,11967.312291989114,11085.597708010882,128.10261860287093,0.006864722481854325,0.01236097259924769,0.8230824891461714,0.8821689259645464,-113.0,0.00897194586358352,657.0,0.003123315258798609,859.0,0.009768393103819495,350.0,-0.003955122192924931,753.0,0.00897194586358352,0.008565287585699466
2019-05-17,1022.0,774.0,1.32,11261.9,11426.15,11259.85,11407.15,11407.15,1,1,-327.3382352941171,-25.219882352941227,11238.3,11512.295000000002,11368.728160919514,11442.17251717532,-73.44435625580627,48.28099099386569,43.883994126284925,11949.361987886272,11075.228012113732,131.02743155980866,0.012897468455589199,0.014766602438309635,0.8857486470234511,1.3204134366925064,248.0,0.013329365467127374,846.0,0.022420901676077687,657.0,0.016494312536479594,859.0,0.01137078970466976,861.0,0.013329365467127374,0.010527272648191054
2019-05-20,1516.0,334.0,4.54,11651.9,11845.2,11591.7,11828.25,11828.25,1,1,-233.25323529411617,69.87835294117684,11374.310000000001,11514.35,11439.423828470359,11470.770849236407,-31.347020766048445,63.22292481553621,97.69982358528964,11956.918772056928,11071.781227943073,152.9576150198224,0.015134870707781595,0.02175610844583287,0.9331360946745534,4.538922155688622,1182.0,0.03691544338419317,1022.0,0.050736868287569514,846.0,0.060164022586716825,657.0,0.06100087906567864,350.0,0.03691544338419317,0.0156311569118231
2019-05-21,605.0,1198.0,0.51,11863.65,11883.55,11682.8,11709.1,11709.1,1,1,-124.64970588235155,144.93526470588256,11471.72,11512.164999999999,11480.91247024415,11488.424860404082,-7.512390159932693,58.10749364094734,77.49758142534681,11950.413620191754,11073.916379808245,156.3713568041208,0.013027188091354624,0.01692143648877032,0.13100871731009262,0.505008347245409,-593.0,-0.010073341364952526,1516.0,0.02647024015639321,1022.0,0.04015243712856775,846.0,0.04340116110692804,859.0,-0.010073341364952526,0.018575534797218546
2019-05-22,983.0,818.0,1.2,11727.95,11784.8,11682.4,11737.9,11737.9,1,1,-24.226764705883397,185.3974705882334,11587.9,11519.3375,11520.44901328351,11506.90450037415,13.544512909360492,58.97161591426987,81.21251209287331,11967.325410411628,11071.349589588372,152.5162598895407,0.0008484006156232682,0.008731278697470542,0.5419921875000019,1.2017114914425429,165.0,0.0024596254195454748,605.0,-0.007638492591888091,1516.0,0.028994972451488854,1022.0,0.052065967554001835,657.0,0.0024596254195454748,0.017290640517321702
2019-05-23,800.0,990.0,0.81,11901.3,12041.15,11614.5,11657.05,11657.05,1,1,94.8364705882359,217.76276470588238,11667.89,11523.3925,11541.464549701432,11518.026389235325,23.438160466106638,55.50997431308134,58.82510585839093,11974.811758865832,11071.973241134168,172.09724132600203,0.02052296807911741,0.03584902489643985,0.09973045822102264,0.8080808080808081,-190.0,-0.0068879441808160635,983.0,-0.004445260523866179,605.0,-0.014473823262105667,1516.0,0.03552868856099689,846.0,-0.0068879441808160635,0.018972830220794074
2019-05-24,1449.0,362.0,4.0,11748.0,11859.0,11658.1,11844.1,11844.1,1,1,176.00676470588223,198.26405882352884,11755.28,11529.29,11588.023849747366,11542.17999003271,45.84385971465599,61.18651875050366,78.87656107627174,11994.03591402182,11064.544085978181,174.22958123128765,0.008180115764385458,0.017100783112019038,0.9258337481334014,4.002762430939226,1087.0,0.01604608370042171,800.0,0.00904761499075657,983.0,0.011529494154119524,605.0,0.03830492278965392,1022.0,0.01604608370042171,0.01923122608921781
2019-05-27,1367.0,485.0,2.82,11855.5,11957.15,11812.4,11924.75,11924.75,1,1,203.6923529411779,138.56052941176569,11774.579999999998,11543.4375,11639.827872863156,11570.518509289544,69.30936357361134,63.35741388466995,87.52210966393315,12037.33443244135,11049.54056755865,172.12389685762426,0.005841170764624014,0.012209523006199654,0.7761658031088108,2.818556701030928,882.0,0.006809297456117358,1449.0,0.022964643713460964,800.0,0.015918520348614296,983.0,0.008158434256969604,1516.0,0.006809297456117358,0.01054575911745727
2019-05-28,976.0,827.0,1.18,11958.35,11958.55,11864.9,11928.75,11928.75,0,1,220.55382352940978,86.3812941176453,11818.509999999998,11552.1425,11684.277430884209,11597.054175268097,87.22325561611251,63.46655469691342,87.95090314627222,12066.342920337222,11037.942079662778,166.51861851065107,0.0024752578742050836,0.007831347970246701,0.6817939135077481,1.1801692865779927,149.0,0.0003354368016101894,1367.0,0.007147018346687295,1449.0,0.023307783701708384,800.0,0.018758914007054317,605.0,0.0003354368016101894,0.008471173307674643
2019-05-29,680.0,1120.0,0.61,11905.8,11931.9,11836.8,11861.1,11861.1,1,0,243.79867647058745,56.02105882352879,11843.15,11557.79,11711.480903055868,11616.613125248237,94.86777780763077,60.20071255300514,80.69893337621278,12082.84395398947,11032.736046010532,161.41728861703317,0.0037544726099883177,0.00798770347225725,0.2555205047318717,0.6071428571428571,-440.0,-0.005671172587236706,976.0,-0.005337638105620601,1367.0,0.001435313784922343,1449.0,0.010495914942195927,983.0,-0.005671172587236706,0.009499410657086352
2019-05-30,866.0,932.0,0.93,11865.3,11968.55,11859.4,11945.9,11945.9,1,-1,252.6676470588227,33.323794117646685,11900.92,11568.8475,11747.545379508812,11641.00474560022,106.54063390859301,62.78578023712392,89.78935520180093,12116.33569848009,11021.35930151991,157.68391085867364,0.006792917161807992,0.009199093153986806,0.7924874026568969,0.9291845493562232,-66.0,0.007149421217256258,680.0,0.001437703028397852,976.0,0.0017736220885133935,1367.0,0.02477899640131942,800.0,0.007149421217256258,0.008147387691836837
2019-05-31,641.0,1195.0,0.54,11999.8,12039.25,11829.45,11922.8,11922.8,1,0,278.78205882352813,38.88314705882294,11916.66,11579.375,11774.507628815149,11661.87846814835,112.62916066679827,61.61179855732255,87.31307284129278,12145.27572760156,11013.47427239844,161.40648865448262,0.006416773612893549,0.017483624727078727,0.44494756911343597,0.5364016736401673,-554.0,-0.0019337178446161563,866.0,0.005201878409253791,680.0,-0.0004987949282196924,976.0,0.006644658521964386,1449.0,-0.0019337178446161563,0.005579997385502881
2019-06-03,892.0,935.0,0.95,11953.75,12103.05,11920.1,12088.55,12088.55,0,-1,292.79867647058563,35.07849999999888,11949.42,11603.890000000001,11822.821839766664,11693.483766804027,129.33807296263694,66.45813413097554,98.49912017389504,12211.854041370849,10995.925958629154,162.94531089344807,0.011276795984523625,0.01530482066297178,0.9207433725061488,0.9540106951871657,-43.0,0.013901935786895692,641.0,0.01194133552097365,866.0,0.019176130375766043,680.0,0.01373613702593346,1367.0,0.013901935786895692,0.007784662023939399
2019-06-04,781.0,1060.0,0.74,12052.65,12095.2,12005.85,12021.65,12021.65,1,-1,306.6792647058828,31.73400000000146,11968.0,11630.077500000001,11853.41078749487,11717.792376670395,135.61841082447427,63.000968345241915,91.51818276544756,12262.16534395444,10997.989656045562,157.6885029724875,0.0025720484706682764,0.007413307446910046,0.17683268047005268,0.7367924528301887,-279.0,-0.005534162492606631,892.0,0.008290837722682687,641.0,0.006341087737215201,866.0,0.007787907366656244,976.0,-0.005534162492606631,0.008636920008113533
2019-06-06,469.0,1382.0,0.34,12039.8,12039.8,11830.25,11843.75,11843.75,1,1,307.4922058823522,19.808235294117935,11964.529999999999,11654.2925,11851.92451249566,11727.122570991105,124.80194150455463,54.832434635121146,69.24810246679321,12280.130271531065,11028.454728468934,161.39289561730976,0.01628349308128036,0.017404774165683756,0.06442376521116701,0.3393632416787265,-913.0,-0.01479830139789462,781.0,-0.020250567685950682,892.0,-0.006630153990673238,641.0,-0.0014627648363136903,680.0,-0.01479830139789462,0.011151668328095832
2019-06-07,710.0,1125.0,0.63,11865.2,11897.5,11769.5,11870.65,11870.65,1,0,286.777352941177,-7.728558823528147,11949.48,11682.735,11854.805356727096,11737.754232399171,117.05112432792521,55.76635663991572,54.55167693360706,12293.43045118657,11072.03954881343,159.0076887875019,0.0004593264336040613,0.010787850183730572,0.7902343749999972,0.6311111111111111,-415.0,0.002271240105540917,469.0,-0.01256067178798248,781.0,-0.01802532148189817,892.0,-0.006299232372613206,866.0,0.002271240105540917,0.010539845227282643
2019-06-10,701.0,1143.0,0.61,11934.9,11975.05,11871.75,11922.7,11922.7,1,-1,280.11235294117796,-14.659617647057189,11949.46,11714.925,11865.25068646139,11751.45391888812,113.79676757326888,57.59348737307526,63.08463821512664,12304.589521995316,11125.260478004682,155.1071395883946,0.0010222121676762193,0.008655288272210012,0.4932236205227598,0.6132983377077865,-442.0,0.00438476410306099,710.0,0.006665963060686009,469.0,-0.008230983267687786,781.0,-8.387291575706612e-06,641.0,0.00438476410306099,0.01080804118864977
2019-06-11,815.0,1020.0,0.8,11959.85,12000.35,11904.35,11965.6,11965.6,0,-1,263.7077941176485,-25.245999999999185,11924.87,11755.795,11880.689042390406,11767.316591563076,113.37245082732989,59.093285317406306,71.86572510490244,12293.712249119197,11217.877750880803,150.8852010463664,0.0004807752605592879,0.008026856524120286,0.6380208333333334,0.7990196078431373,-205.0,0.003598178264990315,701.0,0.00799871953094411,710.0,0.010288126649076634,469.0,-0.010170781441942944,892.0,0.003598178264990315,0.008164464192109908
2019-06-12,694.0,1124.0,0.62,11962.45,11962.45,11866.35,11906.2,11906.2,0,-1,228.86808823529464,-44.523470588235455,11901.78,11790.002499999999,11884.613805099574,11777.604251447294,107.00955365228037,56.13300832942945,59.70729710367438,12271.896619568772,11308.108380431226,147.19697240019738,0.00470221401134383,0.008033471404269223,0.4146722164412093,0.6174377224199288,-430.0,-0.004964230794945457,815.0,-0.0013839147173039246,701.0,0.0029947812461827983,710.0,-0.00960350700610968,781.0,-0.004964230794945457,0.00810683574915128
2019-06-13,590.0,1226.0,0.48,11873.9,11931.35,11817.05,11914.05,11914.05,0,-1,208.79647058823684,-44.85594117647014,11915.84,11827.855,11889.14245046887,11787.711343932679,101.43110653619078,56.44354623701484,57.52331722665458,12214.41653313536,11441.29346686464,144.8471886573262,0.003381365852836864,0.009626154843817203,0.8486439195100531,0.4812398042414356,-636.0,0.0006593203541012116,694.0,-0.004308183459249992,815.0,-0.0007255068063443115,701.0,0.005935620052770485,469.0,0.0006593203541012116,0.003719243802644825
2019-06-14,520.0,1289.0,0.4,11910.1,11911.85,11797.7,11823.3,11823.3,1,-1,207.31838235294163,-30.44223529411829,11906.369999999999,11856.165,11879.012842704427,11790.347540678405,88.66530202602189,51.871919638248485,16.12951581472025,12140.903283516564,11571.426716483438,142.8116751818028,0.007287932091250375,0.009584302398804345,0.2242663162505355,0.4034134988363072,-769.0,-0.007617057171994457,590.0,-0.006962758898725108,694.0,-0.011892424951527758,815.0,-0.003988829592313836,710.0,-0.007617057171994457,0.005295462910987467
2019-06-17,413.0,1444.0,0.29,11844.0,11844.05,11657.75,11672.15,11672.15,1,0,171.63088235294344,-44.43344117646956,11856.26,11869.414999999999,11847.18778998067,11781.59216729482,65.59562268584887,45.29195278099105,3.2337749831573457,12085.801344532085,11653.028655467913,145.91798409738826,0.014509456264775445,0.01572948328267471,0.07729468599033651,0.28601108033240996,-1031.0,-0.012784078895063056,520.0,-0.020303759007222588,590.0,-0.01965782533469962,694.0,-0.021014535298212733,701.0,-0.012784078895063056,0.0065262736371162165
2019-06-18,649.0,1193.0,0.54,11677.05,11727.2,11641.15,11691.5,11691.5,1,1,118.82382352941204,-68.26370588235369,11801.439999999999,11862.5775,11823.235822291337,11774.918673421129,48.31714887020826,46.232261912951095,10.900627841524226,12091.98517745426,11633.169822545738,141.64169951900345,0.0012374700802001129,0.007369155737108353,0.5851249273678062,0.5440067057837384,-544.0,0.001657792266206437,413.0,-0.011147479975979535,520.0,-0.018679626155673312,590.0,-0.022907334358494347,815.0,0.001657792266206437,0.005979849378357583
2019-06-19,462.0,1390.0,0.33,11744.45,11802.5,11625.1,11691.45,11691.45,0,1,78.47661764705845,-78.53261764706002,11758.49,11861.695000000002,11802.961080400362,11768.735808723268,34.2252716770945,46.23005076639183,13.882205251595463,12093.579934611887,11629.810065388116,144.1958638390746,0.004512769861509053,0.015105007045881214,0.37401352874859356,0.33237410071942447,-928.0,-4.276611213160919e-06,649.0,0.0016535085652600312,413.0,-0.011151708913754943,520.0,-0.01803682115200489,694.0,-4.276611213160919e-06,0.00630868271067497
2019-06-20,1132.0,701.0,1.61,11653.65,11843.5,11635.05,11831.75,11831.75,0,0,51.64308823529427,-73.93547058823569,11742.029999999999,11866.3875,11807.390144954152,11773.403526595617,33.98661835853454,53.01988010498591,43.236740244795506,12091.769053981152,11641.00594601885,148.78544499342647,0.015282765485491701,0.01788709974986384,0.9436315663228594,1.6148359486447932,431.0,0.012000222384733972,462.0,0.011995894453235234,649.0,0.013673573420492469,413.0,-0.006907810526227354,590.0,0.012000222384733972,0.009474972135831749
2019-06-21,899.0,920.0,0.98,11827.6,11827.95,11705.1,11724.1,11724.1,1,1,33.069558823528496,-57.659235294118844,11722.189999999999,11869.74,11794.576276499667,11769.751413514461,24.824862985205982,48.01036922175924,20.713463751438482,12084.301405196642,11655.178594803358,147.20434177961027,0.008750718658054043,0.01038672258108157,0.1546601546601542,0.9771739130434782,-21.0,-0.009098400490206382,1132.0,0.002792639065299918,462.0,0.002788350511055082,649.0,-0.008390212546412479,520.0,-0.009098400490206382,0.009739414235714906
2019-06-24,761.0,1058.0,0.72,11725.8,11754.0,11670.2,11699.65,11699.65,0,1,22.069852941176578,-38.746735294117386,11727.689999999999,11862.5175,11779.972233961258,11764.558716217094,15.413517744163983,46.92589639818048,15.858328015315724,12089.41522646494,11635.61977353506,142.67546022392378,0.0022301250234525267,0.007146633918367982,0.35143198090691125,0.719281663516068,-297.0,-0.002085447923508066,899.0,-0.011164874173304917,1132.0,0.0007013672384519332,462.0,0.002356035520448163,413.0,-0.002085447923508066,0.007626656284691248
2019-06-25,966.0,830.0,1.16,11681.0,11814.4,11651.0,11796.45,11796.45,0,1,27.01161764706012,-15.44252941176346,11748.68,11856.102499999999,11782.507274890295,11766.921033534345,15.586241355949824,51.58835162963078,41.31902580178462,12082.854292660959,11629.35070733904,144.1557844936435,0.009883571612019582,0.01398852837941954,0.8901468788249758,1.163855421686747,136.0,0.008273751778899552,761.0,0.006171049376924476,899.0,-0.0029834977919580563,1132.0,0.008976606936663467,649.0,0.008273751778899552,0.00841248740978113
2019-06-26,1083.0,705.0,1.54,11768.15,11871.85,11757.55,11847.55,11847.55,1,1,35.37764705882364,1.5432941176470223,11779.9,11852.0425,11792.513847984097,11772.893549568838,19.62029841525873,53.89110258084197,59.2804796802129,12076.34037844507,11627.74462155493,142.02322845838333,0.006747024808487285,0.009712656619774654,0.7874015748031421,1.5361702127659576,378.0,0.004331811689109788,966.0,0.012641403802677864,761.0,0.010529592889859218,899.0,0.013351637307605024,462.0,0.004331811689109788,0.008401267789599265
2019-06-27,1062.0,737.0,1.44,11860.85,11911.15,11821.05,11841.55,11841.55,1,1,44.278676470588834,11.9172058823533,11781.86,11851.064999999999,11800.057871371158,11777.97921256374,22.078658807418833,53.568903062284306,57.68154563624221,12075.366866019787,11626.76313398021,138.3144264256417,0.001627202097657511,0.007596420155385184,0.22752497225305124,1.440976933514247,325.0,-0.0005064338196504314,1083.0,0.0038231840935194494,966.0,0.012128567948613833,761.0,0.0008282798402603486,1132.0,-0.0005064338196504314,0.006603757884655344
2019-06-28,822.0,974.0,0.84,11861.15,11871.7,11775.5,11788.85,11788.85,1,0,40.24735294117636,6.45032352941125,11794.81,11843.2125,11798.333583467902,11778.784456077537,19.549127390364447,50.70160042259527,43.63757495003331,12064.662462463217,11621.762537536782,135.30625310952448,0.006095530365942533,0.008110512049843458,0.13877338877339152,0.8439425051334702,-152.0,-0.004450430897982027,1062.0,-0.004954610868913689,1083.0,-0.0006442616210809993,966.0,0.0055228119855681435,899.0,-0.004450430897982027,0.00513423588495121
2019-07-01,909.0,908.0,1.0,11839.9,11884.65,11830.8,11865.6,11865.6,1,-1,50.40691176470682,10.942470588235665,11828.0,11840.3525,11808.682262934379,11785.21523710883,23.467025825548262,54.519613245475306,71.29094412331399,12059.077837981133,11621.627162018869,132.48437788741552,0.00217062644110176,0.004548180305576936,0.6462395543175646,1.001101321585903,1.0,0.00651038905406387,822.0,0.0020309841194776634,1062.0,0.0015235217407818524,1083.0,0.014184184996987259,761.0,0.00651038905406387,0.005233822301737331
2019-07-02,836.0,951.0,0.88,11890.3,11917.45,11814.7,11910.3,11910.3,1,-1,57.536323529409856,11.966941176468751,11850.77,11831.439999999999,11824.315760944475,11794.480775100768,29.834985843706818,56.62650768144205,93.12653061224454,12021.653494789303,11641.226505210694,130.36049375260012,0.001682043346257033,0.008641497691395508,0.9304136253041221,0.879074658254469,-115.0,0.003767192556634269,909.0,0.01030210749988325,822.0,0.005805827784369555,1062.0,0.009651208626323848,966.0,0.003767192556634269,0.004380925892131681
2019-07-03,958.0,813.0,1.18,11932.15,11945.2,11887.05,11916.75,11916.75,1,-1,57.1080882352926,7.192617647057702,11864.61,11826.195,11838.536413106864,11803.537754722935,34.99865838392907,56.9365098465084,91.11215245235842,12000.237304914526,11652.152695085473,125.20260134170022,0.001290630774839374,0.004873388282916445,0.510748065348237,1.1783517835178352,145.0,0.0005415480718371501,836.0,0.004310780744336551,909.0,0.01084923465817278,822.0,0.0058408700533021385,1083.0,0.0005415480718371501,0.004185085423136512
2019-07-04,920.0,863.0,1.07,11928.8,11969.25,11923.65,11946.75,11946.75,1,-1,51.589852941177014,0.2121470588244847,11885.65,11831.345,11855.18465724427,11814.146069187904,41.03858805636628,58.424910167193836,93.46215313090221,12013.08574914548,11649.604250854518,120.00955838872163,0.0015047615854068077,0.0038226812420361113,0.506578947368425,1.0660486674391656,57.0,0.0025174649128327786,958.0,0.003060376312939317,836.0,0.006839097896440105,909.0,0.008883972115137029,1062.0,0.0025174649128327786,0.004099431772265956
2019-07-05,468.0,1317.0,0.36,11964.75,11981.75,11797.9,11811.15,11811.15,0,-1,48.751764705881214,-4.326823529412287,11890.11,11828.369999999999,11848.410094591305,11813.924138136948,34.48595645435671,50.01097817918758,52.165989064909425,12009.386265567382,11647.353734432616,124.56958993238439,0.012837710775402775,0.015365970872772132,0.07206962197443553,0.3553530751708428,-849.0,-0.01135036725469274,920.0,-0.008861476493171372,958.0,-0.008324727336842863,836.0,0.0018916179271091238,822.0,-0.01135036725469274,0.006914651587428711
2019-07-08,351.0,1488.0,0.24,11770.4,11771.9,11523.3,11558.6,11558.6,0,0,8.810588235293835,-35.94873529411707,11828.710000000001,11810.164999999999,11803.823926192643,11795.011239015694,8.812687176949112,38.80277297877718,7.699858217908394,12020.442771293025,11599.887228706973,136.23247636578554,0.017994290763270516,0.021120777543668895,0.14199517296862849,0.23588709677419356,-1137.0,-0.021382337875651358,468.0,-0.03249000774269151,920.0,-0.030054335284368627,958.0,-0.02587311218985977,909.0,-0.021382337875651358,0.010870010456684781
2019-07-09,882.0,919.0,0.96,11531.6,11582.55,11461.0,11555.9,11555.9,0,1,-52.36117647058927,-75.14100000000035,11757.829999999998,11789.68,11765.681783701468,11777.299295384903,-11.617511683434714,38.702907499418394,18.223715794527056,12014.70517725793,11564.65482274207,135.18372805394367,0.0021072531131845775,0.010540601477678662,0.780748663101606,0.9597388465723613,-37.0,-0.0002335923035662324,351.0,-0.02161093542965753,468.0,-0.03271601063050622,920.0,-0.02975575762155447,836.0,-0.0002335923035662324,0.010171425004456116
2019-07-10,593.0,1192.0,0.5,11536.15,11593.7,11475.65,11498.9,11498.9,1,1,-122.8004411764723,-109.5985588235304,11674.259999999998,11769.314999999999,11724.638432362779,11756.677125356391,-32.03869299361213,36.56348766461712,7.27796447431582,12020.656634235085,11517.973365764912,133.95989033580491,0.003228980205701209,0.010233050021020974,0.19695044472680887,0.4974832214765101,-599.0,-0.00493254527990028,882.0,-0.005164985378852127,351.0,-0.026436883792010146,468.0,-0.03506409046090586,958.0,-0.00493254527990028,0.009570645598857298
2019-07-11,931.0,841.0,1.11,11561.45,11599.0,11519.5,11582.9,11582.9,1,0,-192.34117647058883,-130.35308823529377,11601.49,11752.757500000002,11702.832519691583,11743.804745700363,-40.972226008780126,41.67983785669692,23.408545367258693,12007.387585172522,11498.12741482748,131.5413267403903,0.001855303616760779,0.006876300118064775,0.7974842767295551,1.1070154577883473,90.0,0.0073050465696717914,593.0,0.0023364688167948344,882.0,0.0021023307320955364,351.0,-0.030455981752359418,920.0,0.0073050465696717914,0.010915441024424028
2019-07-12,898.0,895.0,1.0,11601.15,11639.55,11538.6,11552.5,11552.5,1,-1,-247.5066176470591,-126.26685294117597,11549.76,11739.217499999999,11679.704439739031,11729.634023796632,-49.92958405760146,40.40960157354934,17.57081132981277,12005.916803101762,11472.518196898236,129.35623197321948,0.004193549777392727,0.008701723536028662,0.13769192669638222,1.0033519553072625,3.0,-0.002624558616581285,931.0,0.004661315430171564,593.0,-0.0002942219991519668,882.0,-0.021898799016183856,468.0,-0.002624558616581285,0.010561713629133024
2019-07-15,605.0,1241.0,0.49,11614.75,11618.4,11532.3,11588.35,11588.35,1,-1,-252.855882352942,-79.2828235294117,11555.71,11735.0275,11665.64991054841,11719.168540552437,-53.51863000402591,42.630062471707404,24.455112818050956,12008.360418754706,11461.694581245294,126.26650111798953,0.0022729718676682354,0.0074129877956908554,0.6509872241579658,0.48751007252215955,-636.0,0.0031032244103008644,898.0,0.00047052119935431236,931.0,0.007779004948299528,593.0,0.002573841122627263,351.0,0.0031032244103008644,0.004819134876056165
2019-07-16,871.0,952.0,0.91,11596.65,11670.05,11573.95,11662.6,11662.6,1,-1,-224.28955882352966,-16.330823529411276,11577.05,11733.5825,11665.180693540962,11714.978278289293,-49.79758474833034,47.03226691979215,38.71339414306296,12008.12348469075,11459.04151530925,124.11175103813302,0.005686987190266217,0.008286875951244416,0.9224765868886678,0.9149159663865546,-81.0,0.006407296983608646,605.0,0.009530404674312987,898.0,0.006880832952024241,931.0,0.009233378620445043,882.0,0.006407296983608646,0.005434189020813107
2019-07-17,876.0,931.0,0.94,11670.75,11706.65,11651.15,11687.5,11687.5,0,-1,-189.40191176470762,31.877117647057815,11614.77,11733.384999999998,11668.614432996199,11712.942850267864,-44.328417271664875,48.46054645439214,43.494959193470955,12008.052592008897,11458.7174079911,119.21091167826637,0.001435211961527751,0.004755478439688966,0.6549549549549615,0.9409237379162191,-55.0,0.0021350299247164806,871.0,0.008556006679121708,605.0,0.01168578229820394,898.0,0.016401568845715753,593.0,0.0021350299247164806,0.003942902192957006
2019-07-18,438.0,1372.0,0.32,11675.6,11677.15,11582.4,11596.9,11596.9,1,-1,-166.93808823529434,49.260323529412204,11617.57,11721.642499999998,11657.581443304476,11704.347083581355,-46.76564027687891,43.82947357603556,26.0969755160825,11998.556272273909,11444.728727726088,118.20298941553308,0.006740552948028429,0.008115214635650417,0.15303430079155672,0.31924198250728864,-934.0,-0.007751871657754039,876.0,-0.005633392210999344,871.0,0.0007378099556882844,605.0,0.00120867831026783,931.0,-0.007751871657754039,0.005520405275915689
2019-07-19,403.0,1449.0,0.28,11627.95,11640.35,11399.3,11419.25,11419.25,0,-1,-168.59617647058803,31.82014705882429,11590.92,11706.4,11620.915067411479,11683.228781093847,-62.31371368236796,36.46994333128488,3.425186711305812,12013.057690267126,11399.742309732874,126.97777588585222,0.017948133591905772,0.02073022329817389,0.0827629122588701,0.2781228433402346,-1046.0,-0.01531874897601937,438.0,-0.02295187165775403,876.0,-0.02086584466585495,871.0,-0.01153429993507904,898.0,-0.01531874897601937,0.008998485313841467
2019-07-22,541.0,1283.0,0.42,11392.85,11398.15,11301.25,11346.2,11346.2,1,-1,-194.25926470588274,-5.5622647058822565,11542.490000000002,11688.727499999999,11578.651210886637,11658.263686198006,-79.61247531136905,33.945823978401506,6.605437178545294,12033.298777785842,11344.156222214157,126.33650617971992,0.004094673413588315,0.008505334486103093,0.46388028895769756,0.421667965705378,-742.0,-0.006397092628675161,403.0,-0.021617846148539566,438.0,-0.029202139037433072,876.0,-0.020895986054960347,605.0,-0.006397092628675161,0.008569069772883207
2019-07-23,925.0,913.0,1.01,11372.25,11398.15,11302.8,11331.05,11331.05,0,-1,-227.97455882353097,-38.54055882353023,11476.18,11665.4575,11540.558716904077,11634.025635368525,-93.4669184644481,33.429078952284556,4.379132990448093,12039.394934974049,11291.520065025952,124.12318430973995,0.0036228538767614786,0.008384444591000054,0.29627687467225894,1.013143483023001,12.0,-0.0013352488057677414,541.0,-0.007723799724150049,403.0,-0.022924229751054237,438.0,-0.028428480784730814,871.0,-0.0013352488057677414,0.006664262036495703
2019-07-24,566.0,1260.0,0.45,11322.45,11359.75,11229.8,11271.3,11271.3,1,-1,-285.9686764705875,-77.2213235294108,11392.939999999999,11636.645,11499.134298918834,11607.157069785671,-108.02277086683716,31.3989877124436,5.518983974998332,12037.829565879561,11235.46043412044,124.53938543047286,0.004517573493369496,0.011477197956272778,0.31935359753751263,0.4492063492063492,-694.0,-0.005273121202359898,925.0,-0.006601329079339413,541.0,-0.012956192394421806,403.0,-0.035610695187165864,876.0,-0.005273121202359898,0.005122751171182496
2019-07-25,809.0,1021.0,0.79,11290.4,11361.4,11239.35,11252.15,11252.15,0,-1,-336.1685294117633,-93.57508823529278,11323.99,11607.175,11461.136714469783,11580.860249801548,-119.72353533176465,30.75435357372244,4.122855561704547,12029.839407656917,11184.510592343082,124.36157218543904,0.0033878339119960323,0.010810068730957209,0.10487505120851576,0.7923604309500489,-212.0,-0.0016990054385918052,566.0,-0.00696316757935056,925.0,-0.00828911882392347,541.0,-0.029727772077020598,438.0,-0.0016990054385918052,0.00565206749639739
2019-07-26,994.0,816.0,1.22,11247.45,11307.6,11210.05,11284.3,11284.3,1,-1,-368.8222058823558,-86.18355882353171,11297.0,11581.947499999998,11433.931066089815,11558.892823890323,-124.96175780050726,33.232679852746244,14.95167136528392,12018.236379614153,11145.658620385844,122.44645988647919,0.0032762981831436053,0.008673077008566482,0.7611481291645225,1.2181372549019607,178.0,0.0028572317290473936,809.0,0.0011533718382086278,566.0,-0.004125831233645627,925.0,-0.01181776386365141,403.0,0.0028572317290473936,0.003656859359906015
2019-07-29,488.0,1341.0,0.36,11307.5,11310.95,11152.4,11189.2,11189.2,1,-1,-371.23088235294017,-53.1979117647046,11265.6,11548.127499999999,11396.280132845228,11531.508170268819,-135.22803742359065,29.831530055888564,6.639603067208135,11995.934588459946,11100.320411540051,125.02528418030218,0.010462082688481032,0.014021667035153756,0.23210343740145592,0.3639075316927666,-853.0,-0.008427638400255066,994.0,-0.0055944863870459605,809.0,-0.0072839867628400334,566.0,-0.013837231848548459,541.0,-0.008427638400255066,0.0042762603675654265
2019-07-30,346.0,1514.0,0.23,11213.7,11267.45,11072.65,11085.4,11085.4,0,-1,-385.42323529411806,-35.90052941176509,11216.47,11506.8825,11348.45242009981,11498.463120619277,-150.01070051946772,26.628186583716555,2.0110410094637223,11965.484890175821,11048.280109824178,130.0091924531378,0.011441361905526373,0.01737160794385449,0.06545174537987643,0.2285336856010568,-1168.0,-0.009276802631108638,488.0,-0.01762625949327823,994.0,-0.01481939007211952,809.0,-0.021679367754974144,925.0,-0.009276802631108638,0.005018059179343574
2019-07-31,853.0,988.0,0.86,11034.05,11145.3,10999.4,11118.0,11118.0,0,-1,-406.3244117647064,-32.730558823529634,11185.81,11466.945,11312.998201622917,11470.280667240071,-157.28246561715423,29.199581228344627,16.7691763874161,11914.8108090321,11019.0791909679,131.14425013505652,0.007608267136726835,0.013222706078003965,0.8128855380397578,0.8633603238866396,-135.0,0.00294080502282279,346.0,-0.006363278876059142,488.0,-0.014737289862906788,994.0,-0.013600915599797703,566.0,0.00294080502282279,0.005911037306571132
2019-08-01,531.0,1291.0,0.41,11060.2,11076.75,10881.0,10980.0,10980.0,0,0,-444.8626470588224,-49.52997058823382,11131.38,11418.6075,11261.767709065545,11433.963580777845,-172.19587171229978,25.17712131826731,11.990552897716956,11857.490452818834,10979.724547181166,138.70537512540963,0.007251225113469984,0.017698594962116416,0.5057471264367817,0.4113090627420604,-760.0,-0.012412304371289817,853.0,-0.009508001515506903,346.0,-0.01869660029313991,488.0,-0.024186488804361805,809.0,-0.012412304371289817,0.00724019414648074
2019-08-02,793.0,1013.0,0.78,10930.3,11080.15,10848.95,10997.35,10997.35,0,1,-480.5897058823539,-62.9035294117657,11073.99,11377.9175,11221.088061516999,11401.62183405356,-180.53377253656072,26.54714742808015,17.302086976798392,11814.574339262801,10941.260660737198,145.31213404502316,0.006134323852044417,0.02115220991189619,0.6418685121107282,0.7828232971372162,-220.0,0.0015801457194899449,531.0,-0.010851771901421059,853.0,-0.007942879823912508,346.0,-0.02542913605629049,994.0,0.0015801457194899449,0.006914942329581535
2019-08-05,497.0,1354.0,0.37,10895.8,10895.8,10782.6,10862.6,10862.6,0,1,-534.2325000000001,-83.94599999999991,11008.670000000002,11343.1175,11165.936052052844,11361.694290790332,-195.75823873748777,23.021477847476277,8.657540176397388,11825.20279045697,10861.032209543031,150.27198161323577,0.0030470456506175693,0.010389324326804724,0.7067137809187347,0.3670605612998523,-857.0,-0.012252951847490534,793.0,-0.010692167577413425,531.0,-0.022971757510343527,853.0,-0.029188860687091145,488.0,-0.012252951847490534,0.007554536221048749
2019-08-06,1329.0,498.0,2.67,10815.4,11018.55,10813.8,10948.25,10948.25,1,1,-561.54794117647,-76.03649999999942,10981.240000000002,11312.735,11132.445890198562,11331.068787768827,-198.6228975702652,29.43635075190045,18.51769045888992,11813.576923265198,10811.893076734803,154.1632686408618,0.012283410692161212,0.01893133864674446,0.6566544566544602,2.6686746987951806,831.0,0.00788485261355465,497.0,-0.0044647119533341995,793.0,-0.0028916211293260607,531.0,-0.012372129106753005,346.0,0.00788485261355465,0.00932010444278156
2019-08-07,854.0,974.0,0.88,10958.1,10975.65,10835.9,10855.5,10855.5,1,1,-570.3482352941173,-52.0320294117646,10928.740000000002,11280.565,11089.838830168015,11295.841470156322,-206.00263998830633,26.82902873432505,8.498979889245076,11811.210158368549,10749.919841631452,153.13374945222878,0.009362937005502812,0.012753123260419233,0.14025044722719401,0.8767967145790554,-120.0,-0.00847167355513434,1329.0,-0.0006536188389519859,497.0,-0.012898561926282248,793.0,-0.02361036157582297,853.0,-0.00847167355513434,0.009063182046214167
2019-08-08,1057.0,742.0,1.42,10899.2,11058.05,10842.95,11032.45,11032.45,1,0,-552.0224999999991,-12.274323529411049,10939.23,11253.0425,11081.009779372936,11276.330990885483,-195.32121151254614,38.09476130154544,40.58971651368705,11775.139475929744,10730.945524070255,157.55991020564093,0.012225667938931296,0.019735393423370388,0.8809855880985648,1.4245283018867925,315.0,0.01630049283773216,854.0,0.007690726828488703,1329.0,0.01563621968957718,497.0,0.004776867030965359,531.0,0.01630049283773216,0.011696108800028731
2019-08-09,1170.0,633.0,1.85,11087.9,11181.45,11062.8,11109.65,11109.65,1,-1,-503.1552941176469,41.10599999999977,10961.69,11230.9,11085.415967161714,11263.98425081989,-178.56828365817637,42.27082743014957,53.131345950775675,11737.655773524075,10724.144226475924,156.94848804809516,0.001961597777757736,0.010700854084181987,0.3948588284871453,1.8483412322274881,537.0,0.006997539077902015,1057.0,0.023412095251255094,854.0,0.014742082067910278,1329.0,0.010211550964550398,793.0,0.006997539077902015,0.012009075377055626
2019-08-13,546.0,1277.0,0.43,11139.4,11145.9,10901.6,10925.85,10925.85,1,0,-445.39382352941357,81.09973529411582,10974.34,11197.775,11060.867356829143,11238.937269277678,-178.06991244853452,36.03765210033429,24.74948168624744,11693.223636591105,10702.326363408894,163.18788175894545,0.019170691419645516,0.02193116325834419,0.09926320098239899,0.42756460454189504,-731.0,-0.01654417555908594,1170.0,-0.009662404996170437,1057.0,0.006480585878126277,854.0,0.00582273120615695,497.0,-0.01654417555908594,0.013367077590389066
2019-08-14,988.0,817.0,1.21,11003.25,11078.15,10935.6,11029.4,11029.4,1,-1,-403.4942647058815,91.38855882353016,10990.57,11166.115,11056.026225009276,11223.415990071924,-167.3897650626477,41.290182826470094,42.639944713199654,11617.687254572827,10714.542745427172,162.41017591902073,0.0023765705586985333,0.012955263217685618,0.6580147316730954,1.2093023255813953,171.0,0.009477523487875006,546.0,-0.007223449883659749,1170.0,-0.00027645717859592356,1057.0,0.0074121434932523655,1329.0,0.009477523487875006,0.013582446951657482
2019-08-16,870.0,944.0,0.92,11043.65,11068.65,10924.3,11047.8,11047.8,1,-1,-359.77705882352893,92.9915294117651,11029.029999999999,11134.130000000001,11054.760651930925,11210.407398214746,-155.6467462838209,42.1984962749588,50.19400018926824,11519.170990545148,10749.089009454854,161.12016335337643,0.0003757815577277111,0.013070859724819273,0.8555594042258378,0.9216101694915254,-74.0,0.0016682684461530872,988.0,0.011161602987410424,546.0,-0.005567232091019947,1170.0,0.017714522592234383,854.0,0.0016682684461530872,0.012418820939565534
2019-08-19,955.0,889.0,1.07,11094.8,11146.9,11037.85,11053.9,11053.9,1,0,-309.89544117646983,94.44773529411833,11033.32,11106.98,11054.628243941552,11198.814257606246,-144.18601366469375,42.51601444534032,51.34853790101241,11429.104557275581,10784.855442724418,157.40086597099233,0.003686411652305552,0.009828928867577538,0.14718019257220888,1.0742407199100112,66.0,0.0005521461286410734,870.0,0.002221335702758065,988.0,0.01171991195193045,546.0,0.0019442644199609838,1057.0,0.0005521461286410734,0.010181614739283102
2019-08-20,641.0,1185.0,0.54,11063.9,11076.3,10985.3,11017.0,11017.0,1,1,-303.83911764706136,60.64082352940966,11014.789999999999,11086.8675,11048.839283335159,11185.3465348206,-136.50725148544007,41.04711097604048,48.344848922347005,11377.148311069195,10796.586688930805,152.6579469730643,0.004239011560118913,0.008224947803215865,0.34835164835165633,0.5409282700421941,-544.0,-0.003338188331719949,955.0,-0.0027878853708429574,870.0,-0.0011242678658857086,988.0,-0.00833959665696038,1170.0,-0.003338188331719949,0.009544209205843862
2019-08-21,452.0,1398.0,0.32,11018.15,11034.2,10906.65,10918.7,10918.7,0,1,-288.1614705882366,44.87199999999905,11013.36,11065.4925,11028.81785512975,11165.594939648703,-136.77708451895342,37.34549961409872,34.12310392378093,11338.697147242669,10792.287852757332,150.86452218927408,0.009026016164238,0.011576353562077217,0.09447275578205401,0.32331902718168815,-946.0,-0.00892257420350362,641.0,-0.01223097730212852,955.0,-0.011685584460254361,870.0,-0.0006544113272650698,546.0,-0.00892257420350362,0.006775026086604828
2019-08-22,348.0,1521.0,0.23,10905.3,10908.25,10718.3,10741.35,10741.35,0,1,-294.44470588235345,16.77885294117658,10955.75,11036.007500000002,10984.592031263634,11134.169388563614,-149.57735729998058,31.777596947386044,4.976789377091875,11315.422662929632,10756.592337070371,154.40277060432604,0.01503397430607126,0.017418136135640538,0.12134772308502766,0.22879684418145957,-1173.0,-0.016242776154670513,452.0,-0.02502042298266316,641.0,-0.028275088430327666,955.0,-0.02611656119099859,988.0,-0.016242776154670513,0.00740795301131909
2019-08-23,1044.0,802.0,1.3,10699.6,10862.55,10637.15,10829.35,10829.35,1,1,-308.5755882352969,-7.59232352941325,10912.06,11013.91,10960.70864183846,11111.590174595938,-150.88153275747754,36.81174394558663,35.31140914936622,11285.18216517732,10742.637834822679,159.47400127544557,0.012126621555946016,0.021066208082545106,0.8527062999112734,1.3017456359102244,242.0,0.008192638727906543,348.0,-0.008183208623737337,452.0,-0.017032767541072857,641.0,-0.01977316750846314,870.0,0.008192638727906543,0.009272622782009994
2019-08-26,1344.0,490.0,2.74,11000.3,11070.3,10756.55,11057.85,11057.85,1,-1,-315.64794117647034,-13.51417647058662,10912.85,11004.195,10975.653466171005,11107.609420922165,-131.95595475115988,47.61993738620576,77.2919345948925,11253.685576775943,10754.704423224057,170.49371547005663,0.0052316754997591974,0.028521949401379965,0.960318725099605,2.742857142857143,854.0,0.02110006602427661,1044.0,0.029465569970255068,348.0,0.012744191158287954,452.0,0.0003573399433685065,955.0,0.02110006602427661,0.014720658680115545
2019-08-27,1297.0,516.0,2.51,11106.55,11141.75,11049.5,11105.35,11105.35,0,-1,-286.4483823529408,12.207235294118789,10930.52,10995.247500000001,10995.606779067773,11107.442056409413,-111.83527734163908,49.55170688630665,86.01873966562553,11214.974652338971,10775.520347661031,164.90487865076688,0.00010804435220648254,0.0083059095758809,0.6054200542005459,2.5135658914728682,781.0,0.004295590915051273,1344.0,0.025486294191248815,1044.0,0.033887732919977376,348.0,0.00801942452573301,641.0,0.004295590915051273,0.01466317771627431
2019-08-28,691.0,1145.0,0.6,11101.3,11129.65,10987.65,11046.1,11046.1,0,-1,-255.1820588235296,36.87767647058865,10956.0,10988.0925,11003.3749669035,11102.898200379086,-99.52323347558558,47.21272023234507,75.13319860371116,11190.747197145152,10785.437802854849,163.2688158899978,0.004972390620918173,0.012791294713231784,0.41161971830986427,0.6034934497816594,-454.0,-0.005335266335595001,1297.0,-0.001062593542144219,1344.0,0.02001505168823603,1044.0,0.011668055720919224,452.0,-0.005335266335595001,0.014091023957397353
2019-08-29,640.0,1188.0,0.54,10996.05,11021.1,10922.4,10948.3,10948.3,1,0,-206.93044117646969,67.62644117647176,10997.39,10981.2375,10994.901895072193,11091.446481832487,-96.5445867602939,43.557859461082955,57.165166268601695,11179.489614427546,10782.985385572452,160.44247189785514,0.004342468431845981,0.008975950454936158,0.2624113475177249,0.5387205387205387,-548.0,-0.008853803604892296,691.0,-0.014141832540172206,1297.0,-0.009906989152502654,1344.0,0.019266665735684807,348.0,-0.008853803604892296,0.011857203825634611
2019-08-30,1038.0,762.0,1.36,10987.8,11042.6,10874.8,11023.25,11023.25,0,0,-147.49720588235323,94.84399999999951,11036.170000000002,10976.5,10999.263141984164,11086.394890585636,-87.13174860147228,46.94736419920851,70.93514605915848,11165.778469457024,10787.221530542976,160.968009619437,0.00322630553887045,0.0152714829174176,0.8846841477949926,1.3622047244094488,276.0,0.006845811678525493,640.0,-0.002068603398484581,691.0,-0.007392833184005965,1297.0,0.01790504508580848,1044.0,0.006845811678525493,0.011749543721146814
2019-09-03,544.0,1259.0,0.43,10960.95,10967.5,10772.7,10797.9,10797.9,0,1,-135.01588235294003,71.19891176470665,10984.179999999998,10967.395,10968.284197063524,11065.024898690404,-96.74070162688076,39.304654536239255,31.535066208925944,11172.021188206676,10762.768811793325,167.36672321804858,0.014875535423480728,0.01777218215574373,0.12936344969198665,0.43208895949166004,-715.0,-0.020443154242170025,1038.0,-0.013737292547701396,640.0,-0.02246946886231349,691.0,-0.02350818649194919,1344.0,-0.020443154242170025,0.010951380730028925
2019-09-04,936.0,852.0,1.1,10790.4,10858.75,10746.35,10844.65,10844.65,1,1,-170.9014705882346,12.203941176470835,10932.039999999999,10959.76,10949.263551361442,11048.700832120743,-99.43728075930085,41.43468288056433,40.70622854340363,11170.645064905018,10748.874935094982,163.44052870247364,0.005027617141162515,0.010416666666666633,0.8745551601423451,1.0985915492957747,84.0,0.004329545559784709,544.0,-0.016202118250062347,1038.0,-0.009467223221869991,640.0,-0.023475171876618073,1297.0,0.004329545559784709,0.010958360295204042
2019-09-05,1161.0,640.0,1.81,10860.95,10920.1,10816.0,10847.9,10847.9,1,1,-186.8464705882343,-17.408176470587932,10892.4,10959.025,10933.669158844297,11033.826696408094,-100.15753756379672,41.58815072035541,41.34379597842079,11171.356977101881,10746.693022898118,159.20191950943985,0.001201552350393022,0.009584796910030923,0.3064361191162298,1.8140625,521.0,0.0002996869424094495,936.0,0.004630530010464984,544.0,-0.015907286870931903,1038.0,-0.017942984401734585,691.0,0.0002996869424094495,0.011163424506536755
2019-09-06,1195.0,618.0,1.93,10883.8,10957.05,10867.45,10946.2,10946.2,0,1,-176.19794117647143,-12.906147058824729,10891.98,10958.922499999999,10935.596980560558,11027.335830007496,-91.73884944693782,46.181829773564665,60.627758705247885,11171.277162004377,10746.56783799562,155.62678240162268,0.005733291681214416,0.008232418824307553,0.8789062500000143,1.9336569579288025,577.0,0.009061661704108825,1161.0,0.009364064308207354,936.0,0.013734152011039225,544.0,-0.00019181060073236722,640.0,0.009061661704108825,0.011892586266057057
2019-09-09,1187.0,639.0,1.86,10936.7,11028.85,10889.8,11003.05,11003.05,1,-1,-156.3538235294127,8.709294117645925,10887.939999999999,10966.3,10945.974368166626,11025.53687963657,-79.56251146994327,48.694774457597944,72.51288149028922,11173.970404728245,10758.629595271754,154.44272651579257,0.006066729452211228,0.012714072800753526,0.8144552319309537,1.8575899843505477,548.0,0.005193583161279491,1195.0,0.014302307359028044,1161.0,0.014606280516199277,936.0,-0.0018324904179802814,1038.0,0.005193583161279491,0.011676455546952376
2019-09-11,1378.0,484.0,2.85,11028.5,11054.8,11011.65,11035.7,11035.7,1,-1,-109.41705882352835,50.52629411764792,10935.5,10966.4625,10959.778311525606,11026.289703367194,-66.51139184158819,50.13486049343296,78.98335315101086,11174.344675462433,10758.580324537566,147.10753176466454,0.0006528539692615249,0.00391259010744885,0.5573580533024634,2.847107438016529,894.0,0.0029673590504453173,1187.0,0.008176353437722605,1195.0,0.017312106490657175,1161.0,0.022022800729771586,544.0,0.0029673590504453173,0.0032103919027414184
2019-09-12,990.0,871.0,1.14,11058.3,11081.75,10964.95,10982.8,10982.8,1,-1,-55.6585294117649,81.23623529411742,10963.130000000001,10960.119999999999,10963.320109752436,11023.068243858514,-59.74813410607749,47.79409323428786,68.49980182322619,11157.62174784035,10762.618252159647,144.94270806718845,0.006827450874004142,0.010562202146803694,0.15282534246574192,1.1366245694603903,119.0,-0.00479353371331237,1378.0,-0.0018403987985149417,1187.0,0.003343626098554653,1195.0,0.012739000336571493,936.0,-0.00479353371331237,0.0052095048867499315
2019-09-13,1157.0,678.0,1.71,10986.8,11084.45,10945.75,11075.9,11075.9,0,1,-16.384558823529005,86.41782352941227,11008.73,10967.622500000001,10980.640092867447,11026.9817072764,-46.34161440895332,52.03825646215509,86.95005945303204,11170.669059869882,10764.57594013012,144.49680034810362,0.00810973167801365,0.012624239997087481,0.9383561643835541,1.7064896755162242,479.0,0.008476891138871734,990.0,0.0036427231621010137,1378.0,0.006620891480089597,1187.0,0.02101789286405653,1161.0,0.008476891138871734,0.005597232430998338
2019-09-16,985.0,860.0,1.15,10994.85,11052.7,10968.2,11003.5,11003.5,0,1,11.617941176469685,76.85714705882273,11020.189999999999,10966.3275,10984.157001657071,11025.242321552223,-41.08531989515177,48.72112051088002,65.03540718259987,11168.107936303903,10764.547063696096,141.86845746609615,0.0007867319699677246,0.007685416354020291,0.4177514792899322,1.1453488372093024,125.0,-0.006536714849357583,1157.0,0.0018847652693303463,990.0,-0.0029178031298423557,1378.0,0.005234693318229011,1195.0,-0.006536714849357583,0.006475120160930135
2019-09-17,516.0,1328.0,0.39,11000.1,11000.1,10796.5,10817.6,10817.6,1,1,11.23867647058978,42.95938235294234,10983.1,10954.817500000001,10958.532847555984,11009.86140884465,-51.328561288666606,41.42019124518522,18.019726858877103,11162.860390469716,10746.774609530286,146.52071050423214,0.016590758265833946,0.018508922646157795,0.10363457760314503,0.3885542168674699,-812.0,-0.016894624437678862,985.0,-0.023320903944600402,1157.0,-0.015041701569727062,990.0,-0.01685441763874551,1187.0,-0.016894624437678862,0.009688652952062112
2019-09-18,921.0,889.0,1.04,10872.8,10885.15,10804.85,10840.65,10840.65,1,1,-14.235000000000582,-1.5507058823535775,10944.09,10944.155,10940.397024855063,10997.327230411713,-56.930205556649526,42.569352069897576,24.602139316462157,11152.65071674256,10735.65928325744,141.7906597539298,0.002956920020601836,0.007385402104333684,0.4458281444582764,1.0359955005624297,32.0,0.002130786865848222,516.0,-0.01479983641568594,985.0,-0.02123980895457711,1157.0,-0.01767445653651345,1378.0,0.002130786865848222,0.009558501000651736
2019-09-19,408.0,1405.0,0.29,10845.2,10845.2,10670.25,10704.8,10704.8,1,1,-53.420294117646336,-41.18364705882304,10888.49,10928.545,10904.151328723514,10975.658546677512,-71.5072179539984,37.85589286042616,8.341380975374024,11158.529042707303,10698.560957292697,144.15918405722056,0.012945819348652072,0.016131560506030384,0.1974849957130559,0.29039145907473307,-997.0,-0.012531536393112996,921.0,-0.010427451560420131,516.0,-0.027145908120143614,985.0,-0.025312306515642646,990.0,-0.012531536393112996,0.010404531542792727
2019-09-20,1389.0,488.0,2.85,10746.8,11381.9,10691.0,11274.2,11274.2,1,1,-45.22088235293995,-27.21697058823447,10928.15,10946.32,10961.081893535282,10997.772728405103,-36.69083486982163,58.56471972655052,84.86615611606844,11221.101637668884,10671.538362331115,183.21209948170477,0.049075073510254356,0.06428890460416121,0.8441163699522377,2.846311475409836,901.0,0.053191091846648275,408.0,0.039992989350269736,921.0,0.04220899275255152,516.0,0.017903736942370463,1157.0,0.053191091846648275,0.028478389548519514
2019-09-23,1236.0,630.0,1.96,11542.7,11694.85,11471.35,11600.2,11600.2,0,-1,54.28705882352915,63.75714705882274,11047.490000000002,10989.2625,11059.407756068314,11042.396970745465,17.010785322849188,65.62717340501734,90.76224868241269,11370.363517940117,10608.161482059884,200.17194951872582,0.00498150346106197,0.019362887366040873,0.5765100671140956,1.9619047619047618,606.0,0.02891557715846793,1389.0,0.08364472012555124,408.0,0.07006498687809315,921.0,0.05422820011814422,985.0,0.02891557715846793,0.02962918845235015
2019-09-24,811.0,1026.0,0.79,11590.7,11655.05,11539.2,11588.2,11588.2,0,-1,175.86823529411595,152.4124117647043,11201.61,11027.205,11140.760408980881,11082.82682476432,57.93358421656194,65.1867272345423,89.59105992582475,11481.198696982668,10573.211303017331,194.14895312453103,0.0002156901653912188,0.009995082264228954,0.422960725075534,0.7904483430799221,-215.0,-0.0010344649230186187,1236.0,0.027851200085150074,1389.0,0.08252372767356708,408.0,0.07123576394024567,516.0,-0.0010344649230186187,0.02659493246458462
2019-09-25,497.0,1343.0,0.37,11564.85,11564.95,11416.1,11440.2,11440.2,1,-1,289.50338235294294,205.29988235294257,11321.52,11046.3225,11186.828038368438,11109.298911818812,77.52912654962529,59.851540498690234,75.14639859457354,11534.762376008288,10557.882623991713,192.57402790135026,0.010778349913747228,0.01287089759054379,0.16190796103460064,0.37006701414743115,-846.0,-0.01277161250237313,811.0,-0.01379286564024762,1236.0,0.01472388284756354,1389.0,0.05530572428775038,921.0,-0.01277161250237313,0.02900253850494844
2019-09-26,986.0,836.0,1.18,11469.85,11610.85,11466.35,11571.2,11571.2,0,-1,425.10779411764634,245.19867647058746,11494.8,11069.615,11245.962186311755,11143.513807239642,102.44837907211331,62.75709024587553,87.93187585399184,11608.879108855754,10530.350891144246,191.00802590839663,0.008836209715035537,0.012598246707672725,0.7256055363321825,1.1794258373205742,150.0,0.011450848761385357,497.0,-0.0014670095441915443,811.0,-0.002499956897294875,1236.0,0.08093565503325628,408.0,0.011450848761385357,0.0259260995325821
2019-09-27,651.0,1181.0,0.55,11556.35,11593.6,11499.75,11512.4,11512.4,0,-1,508.60867647058876,217.93364705882414,11542.44,11092.93,11286.95261918687,11170.838710407075,116.11390877979466,60.63589834822677,82.19305094671085,11665.409294298046,10520.450705701955,184.06816691493978,0.0038031039212208634,0.008121076291389613,0.1347895578050036,0.5512277730736664,-530.0,-0.005081581858407125,986.0,0.006311078477649001,497.0,-0.0065411366735128595,811.0,0.021127884905359107,1389.0,-0.005081581858407125,0.016316952337167918
2019-09-30,518.0,1369.0,0.38,11491.15,11508.25,11390.8,11474.45,11474.45,1,-1,465.9010294117652,92.90320588235335,11517.29,11119.2375,11315.798370081196,11193.328435562107,122.46993451908929,59.244084070025494,78.4891665040016,11710.754311996909,10527.72068800309,179.60615499244412,0.0014532923162606797,0.0102209091344209,0.7122179650915363,0.3783783783783784,-851.0,-0.0032964455717312546,651.0,-0.008361276272123908,986.0,0.002993828779217056,497.0,-0.01084033033913212,1236.0,-0.0032964455717312546,0.008788552373093509
2019-10-01,389.0,1472.0,0.26,11515.4,11554.2,11247.9,11359.9,11359.9,0,-1,413.4345588235283,-7.076529411766046,11471.63,11136.07,11322.583236222552,11205.667069964915,116.91616625763709,55.130579135676975,67.30919383173917,11734.818506803973,10537.321493196026,188.65571535012674,0.013503655973739514,0.026599162860169955,0.3656545870062018,0.2642663043478261,-1083.0,-0.009983049296480528,518.0,-0.013246586289565987,651.0,-0.018260854535398274,986.0,-0.01970107523170128,811.0,-0.009983049296480528,0.009395628708014567
2019-10-03,702.0,1133.0,0.62,11322.25,11370.4,11257.35,11314.0,11314.0,1,0,372.464852941177,-64.63852941176413,11446.39,11161.875,11321.262738342159,11213.691731448997,107.57100689316212,53.52681423448387,62.829396837790334,11744.366381481294,10579.383618518706,183.25530711083192,0.0007286537569829319,0.009984764512353929,0.5011057054400708,0.6195939982347749,-431.0,-0.004040528525779297,389.0,-0.01398324102680304,518.0,-0.01723359160557314,651.0,-0.011031275676998686,497.0,-0.004040528525779297,0.00805937800679594
2019-10-04,671.0,1178.0,0.57,11388.45,11400.3,11158.35,11174.75,11174.75,1,1,313.09294117647005,-101.6074705882358,11367.1,11178.38,11298.72231705875,11210.80715874907,87.9151583096791,48.881062585590975,49.238727308217825,11742.395391988537,10614.364608011461,187.44778517434384,0.018764625563619342,0.02124520896171111,0.06778259971068283,0.5696095076400679,-507.0,-0.012307760296977222,702.0,-0.016298558966188037,389.0,-0.026118898945047486,518.0,-0.03426178788716816,986.0,-0.012307760296977222,0.003975208289338145
2019-10-07,608.0,1245.0,0.49,11196.2,11233.85,11112.65,11126.4,11126.4,1,1,233.51455882353002,-126.16702941176408,11289.9,11192.305,11272.211191357403,11204.554776619509,67.65641473789401,47.344534844826825,44.5198126097989,11736.395725798542,10648.214274201458,182.71580051903362,0.006234258051839114,0.01082510137368042,0.11344884488448777,0.4883534136546185,-637.0,-0.004326718718539624,671.0,-0.01658122679865659,702.0,-0.020554758404563445,389.0,-0.03352906431326219,651.0,-0.004326718718539624,0.004076564394583311
2019-10-09,986.0,862.0,1.14,11152.95,11321.6,11090.15,11313.3,11313.3,0,1,178.62573529411566,-123.60079411764855,11257.67,11210.66,11278.532546533186,11212.609978351396,65.92256818178976,53.43756041016849,62.76107749365597,11744.983420411254,10676.336579588746,186.19681476767414,0.014377362043226101,0.020752356999717628,0.9641391229207126,1.1438515081206497,124.0,0.016797886108714355,608.0,0.012398487661916313,671.0,-6.187024924875217e-05,702.0,-0.014044246129444216,518.0,0.016797886108714355,0.011510177166473094
2019-10-10,644.0,1188.0,0.54,11280.5,11293.35,11208.55,11234.55,11234.55,1,1,143.94176470588172,-104.38620588235318,11232.599999999999,11222.234999999999,11271.766000912696,11214.23516514018,57.530835772515275,50.7717012174729,55.07515127854764,11748.029027257804,10696.440972742193,180.3791851414117,0.004073401001728711,0.007517397278489525,0.3066037735849017,0.5420875420875421,-544.0,-0.00696083370899736,986.0,0.009720125107851585,608.0,0.005351350142061229,671.0,-0.011034428119965911,389.0,-0.00696083370899736,0.011109199549026052
2019-10-11,879.0,952.0,0.92,11257.7,11362.9,11189.4,11305.05,11305.05,1,1,129.18058823529282,-70.49052941176524,11230.810000000001,11235.702500000001,11276.886616156897,11220.962189944612,55.92442621228474,53.03075912112615,61.16949743487563,11755.458662517562,10715.94633748244,179.88781477416802,0.004206010108636625,0.015411673787718627,0.6665706051873178,0.9233193277310925,-73.0,0.0062752847243547905,644.0,-0.0007292301980854621,986.0,0.016056406384814537,608.0,-0.000791055329680157,702.0,0.0062752847243547905,0.011620545533489629
2019-10-14,919.0,914.0,1.01,11335.9,11420.45,11290.05,11341.15,11341.15,1,1,133.0472058823525,-30.61476470588204,11264.09,11253.619999999999,11286.773290594296,11229.864990689457,56.908299904838714,54.19000496615825,41.50818587729447,11761.846545351556,10745.393454648442,176.35297086172756,0.0004631304087015588,0.011503277198987416,0.3918711656441702,1.0054704595185995,5.0,0.0031932631876905315,879.0,0.009488586547747868,644.0,0.0024617043656580684,986.0,0.014890713438779457,671.0,0.0031932631876905315,0.009408047458370905
2019-10-15,855.0,955.0,0.9,11360.85,11462.35,11342.1,11428.3,11428.3,1,1,161.52014705882357,12.257058823530315,11324.47,11271.24,11308.546630502866,11244.563880268015,63.982750234850755,56.9522209241748,59.86015223933437,11778.031973693327,10764.448026306673,172.4134729430328,0.005937055766073745,0.01058459534277805,0.7168399168399078,0.8952879581151832,-100.0,0.007684405902399716,919.0,0.01090220742057757,879.0,0.01724590660062031,644.0,0.02713366407822826,608.0,0.007684405902399716,0.008566742653832426
2019-10-16,833.0,996.0,0.84,11464.95,11481.05,11411.1,11464.0,11464.0,1,1,189.08294117647165,37.728411764707204,11354.609999999999,11294.265,11332.462533502425,11260.818407655568,71.6441258468567,58.06762531824658,71.79758018052618,11792.072035004505,10796.457964995494,165.0946534471018,8.286124230814156e-05,0.006101204104684181,0.7562544674767757,0.8363453815261044,-163.0,0.0031238241908246867,855.0,0.010832234826274156,919.0,0.014060088190675835,879.0,0.01332060495169407,986.0,0.0031238241908246867,0.0057309430120536355
2019-10-17,1125.0,707.0,1.59,11466.3,11599.1,11439.65,11586.35,11586.35,0,0,224.94588235294032,57.390529411764135,11424.97,11332.7025,11371.52214373282,11284.931858940341,86.590284792479,61.72767428551142,95.29479546763972,11794.787885480839,10870.61711451916,164.691463915166,0.010469811534671263,0.013905967923392963,0.9200376293508941,1.5912305516265912,418.0,0.010672540125610697,833.0,0.013829703455457087,855.0,0.021620382412718353,919.0,0.03131411583018462,644.0,0.010672540125610697,0.003190437038443125
2019-10-18,1304.0,517.0,2.52,11580.3,11684.7,11553.15,11661.85,11661.85,0,0,278.1097058823543,80.76852941176585,11496.329999999998,11373.7625,11416.187967773925,11312.851721241057,103.33624653286824,63.82594853775132,96.15675721133626,11798.054488935653,10949.470511064348,162.32421649265422,0.0070421318964103774,0.011359809331364568,0.8263017863930051,2.5222437137330753,787.0,0.006516288563697792,1125.0,0.01725837404047459,833.0,0.020436110357621162,855.0,0.03156111649218718,879.0,0.006516288563697792,0.003193868887837498
2019-10-22,912.0,942.0,0.97,11657.15,11714.35,11573.65,11588.35,11588.35,1,1,318.6435294117673,84.18308823529588,11545.77,11417.94,11442.674434270246,11333.259001149127,109.41543312111935,60.35675634456904,79.81416212752325,11721.130500510768,11114.749499489233,160.77962960032184,0.00590195716791834,0.012069845545437842,0.10447761194030314,0.9681528662420382,-30.0,-0.006302602074284902,1304.0,0.00017261691559466996,1125.0,0.010846999302163374,833.0,0.02179673137203908,919.0,-0.006302602074284902,0.006533880997533881
2019-10-23,911.0,910.0,1.0,11596.2,11651.6,11554.4,11604.1,11604.1,1,1,340.23235294117694,70.02947058823486,11580.93,11434.435000000001,11467.509136690209,11353.321297360304,114.18783932990482,60.84785031001214,82.33739186158284,11740.43338414601,11128.436615853992,156.2382274860132,0.0006812576533691757,0.008382056190821193,0.5113168724279872,1.001098901098901,1.0,0.0013591236025836118,912.0,-0.004952044486938201,1304.0,0.0015319751259024184,1125.0,0.015382865343051888,855.0,0.0013591236025836118,0.006333464936901668
2019-10-24,775.0,1030.0,0.75,11661.65,11679.6,11534.65,11582.6,11582.6,1,1,353.37102941176454,50.310529411763866,11604.65,11433.554999999998,11485.215423353255,11370.304904963245,114.91051839001011,59.75955844984663,78.89298301826341,11737.73731358836,11129.372686411636,155.43192552272657,0.006778629096225601,0.01242963045538159,0.33080372542256287,0.7524271844660194,-255.0,-0.0018527934092260612,911.0,-0.0004961879818956572,912.0,-0.00679566278077659,1304.0,0.010345429169574372,833.0,-0.0018527934092260612,0.006703859620886597
2019-10-25,746.0,1018.0,0.73,11646.15,11646.9,11490.75,11583.9,11583.9,1,1,342.7102941176472,16.09691176470517,11604.16,11433.34,11500.397665914292,11386.126763854856,114.27090205943568,59.80636934589031,79.10124959948725,11737.09056148091,11129.58943851909,155.4832165568175,0.005345114050566067,0.013407864401540393,0.5965417867435149,0.7328094302554028,-272.0,0.0001122373214994532,775.0,-0.0017407640402962166,911.0,-0.0003840063512062786,912.0,-0.00021145572160352621,1125.0,0.0001122373214994532,0.004676319049451483
2019-10-27,1329.0,380.0,3.5,11662.25,11672.4,11604.6,11627.15,11627.15,1,1,322.0385294117641,-13.36061764705994,11597.22,11442.6875,11519.8980250044,11403.980336902645,115.91768810175563,61.41455140733245,86.03011855174614,11757.993624068291,11127.381375931709,150.69870108847337,0.0030097108190958316,0.005813629445432852,0.3325958702064825,3.4973684210526317,949.0,0.0037336302972228452,746.0,0.003846286671386423,775.0,0.0019863668875654827,911.0,-0.0029755141765672732,1304.0,0.0037336302972228452,0.003782012316272322
2019-10-29,1076.0,773.0,1.39,11643.95,11809.4,11627.35,11786.85,11786.85,1,1,311.9039705882351,-22.147264705882492,11636.92,11453.470000000001,11560.967559619108,11432.341052687634,128.62650693147407,66.71097318658455,96.86478971150514,11798.925316068471,11108.014683931531,152.95236529643958,0.012272467676346913,0.015634728764723247,0.8761329305135986,1.391979301423027,303.0,0.01373509415462948,1329.0,0.01752000621552341,746.0,0.01763420993559306,775.0,0.017129272070657064,912.0,0.01373509415462948,0.006113312418044581
2019-10-30,1030.0,792.0,1.3,11883.9,11883.95,11784.45,11844.1,11844.1,1,1,331.0277941176464,-1.1825294117650742,11684.92,11470.054999999998,11604.526396600784,11462.841715451514,141.68468114927055,68.38626356968713,94.26247210424012,11854.84447087981,11085.265529120186,149.13433920383676,0.00334906890835494,0.008372672270887503,0.5994974874371822,1.3005050505050506,238.0,0.0048571077090147075,1076.0,0.01865891469534664,1329.0,0.022462210481789535,746.0,0.020682345033220972,911.0,0.0048571077090147075,0.006018285145329499
2019-10-31,1138.0,690.0,1.65,11890.45,11945.0,11855.1,11877.45,11877.45,1,1,361.94441176470536,28.01941176470575,11743.890000000001,11490.205,11646.514643277587,11493.553440232885,152.96120304470242,69.35380719654572,91.06008470090006,11914.031758121717,11066.378241878283,145.68902926070555,0.0010933143825507024,0.0075606894608698265,0.24860956618465466,1.6492753623188405,448.0,0.0028157479251273987,1030.0,0.007686532025095838,1076.0,0.021527201420812547,1329.0,0.02545628788009613,775.0,0.0028157479251273987,0.005161740907722797
2019-11-01,1074.0,791.0,1.36,11886.6,11918.3,11843.35,11890.6,11890.6,1,0,399.41499999999905,54.14905882352906,11805.23,11516.740000000002,11684.066236619497,11522.96429651193,161.10194010756823,69.74697516662187,91.69402244446147,11970.039071916062,11063.44092808394,140.63624145636936,0.0003365133848198812,0.006305419548062432,0.6304202801868004,1.3577749683944373,283.0,0.0011071400005893128,1138.0,0.003926005352876016,1030.0,0.008802182092755961,1076.0,0.026476402593254456,746.0,0.0011071400005893128,0.004938102774645507
2019-11-04,1075.0,774.0,1.39,11928.9,11989.15,11905.35,11941.3,11941.3,1,0,433.99147058823473,66.33494117647058,11868.060000000001,11548.105,11723.64066175496,11553.952126399934,169.68853535502603,71.2769993613334,92.60489915771572,12027.035613867978,11069.174386132021,137.63008135234293,0.0010394923253610674,0.007024956198811229,0.42899761336514586,1.3888888888888888,301.0,0.004263872302491034,1074.0,0.005375733006663719,1138.0,0.008206617640850622,1030.0,0.027018658914695237,1329.0,0.004263872302491034,0.004902972235309233
2019-11-05,690.0,1147.0,0.6,11974.6,11978.95,11861.9,11917.2,11917.2,0,-1,447.77426470588216,52.94367647058863,11894.130000000001,11585.2275,11753.419021484966,11580.859376296235,172.55964518873043,69.47824402684402,87.55297984603425,12057.69934622468,11112.755653775323,136.16007554146137,0.004793479531675349,0.009774856780184814,0.4724476719350754,0.6015693112467306,-457.0,-0.002018205722994826,1075.0,0.002237061208013147,1074.0,0.0033466779485495923,1138.0,0.011058934320874458,1076.0,-0.002018205722994826,0.002769765628873872
2019-11-06,891.0,940.0,0.95,11911.5,12002.9,11850.25,11966.05,11966.05,1,-1,439.30441176470595,22.818500000000483,11918.52,11627.21,11786.13147971805,11609.392015089106,176.7394646289431,71.0718312449771,93.45761207279178,12077.854144087052,11176.565855912946,137.3379272884998,0.004579607941904821,0.012815346513873118,0.7585981002292798,0.9478723404255319,-49.0,0.00409911724230505,690.0,0.0020726386574325684,1075.0,0.006345348426488151,1074.0,0.010296265651252412,1030.0,0.00409911724230505,0.0026041170410645137
2019-11-07,945.0,884.0,1.07,12021.1,12021.4,11946.85,12012.05,12012.05,0,-1,424.1833823529414,-4.750323529411276,11945.439999999999,11662.147500000001,11820.888175146041,11639.218532489913,181.66964265612842,72.52648138562724,98.2380099877508,12118.338355317104,11205.956644682898,132.85307533932118,0.0007528429178695037,0.006201595527863446,0.874580818242784,1.0690045248868778,61.0,0.0038442092419803675,891.0,0.007959084348672318,690.0,0.005924815556095142,1075.0,0.011332398789302367,1138.0,0.0038442092419803675,0.002717521975710559
2019-11-08,684.0,1134.0,0.6,11987.15,12034.15,11888.75,11908.15,11908.15,0,0,407.4716176470574,-23.07341176470692,11948.95,11695.827500000001,11834.313071277418,11659.139381935105,175.17368934231308,64.62221042840956,76.81266102318732,12119.03932459254,11272.615675407462,133.74928424365535,0.006590390543206684,0.012129655506104424,0.1334250343878933,0.6031746031746031,-450.0,-0.008649647645489256,945.0,-0.004838689458927514,891.0,-0.0007594065720136767,690.0,0.001475955797016093,1074.0,-0.008649647645489256,0.005660763105410868
2019-11-11,882.0,954.0,0.92,11879.2,11932.65,11853.95,11913.45,11913.45,0,0,363.2823529411762,-53.120852941176395,11943.38,11726.2475,11846.487983388584,11677.977205495468,168.51077789311603,64.83275717584604,77.78800147221219,12119.105289123423,11333.389710876576,129.8171925119656,0.002883190787258401,0.006625025254225782,0.7560355781448643,0.9245283018867925,-72.0,0.00044507333212973066,684.0,-0.008208424040858864,945.0,-0.0043957696984383565,891.0,-0.002332241883211905,1075.0,0.00044507333212973066,0.0052351975646937636
2019-11-13,679.0,1175.0,0.58,11908.3,11946.8,11823.2,11840.45,11840.45,1,1,331.2399999999998,-61.8563529411764,11928.03,11751.2125,11845.559062867263,11690.012227310619,155.5468355566445,59.573742306674774,64.35406698564611,12104.47254992773,11397.95245007227,129.37310733253938,0.005697706641585999,0.010379315267502376,0.13956310679611814,0.5778723404255319,-496.0,-0.00612752812997075,882.0,-0.00568518199720347,684.0,-0.014285654821616478,945.0,-0.006440271204645409,690.0,-0.00612752812997075,0.00583049120694367
2019-11-14,711.0,1133.0,0.63,11858.75,11895.65,11802.65,11872.1,11872.1,1,1,307.9299999999985,-58.89147058823619,11909.240000000002,11773.4025,11849.642283964607,11703.500210472796,146.14207349181197,61.048987460309185,70.1785057048216,12097.271824689666,11449.533175310335,126.775028237358,0.0011257510277221767,0.00784231053019922,0.7467741935483949,0.6275375110326566,-422.0,0.0026730402982995116,679.0,-0.0034708669612917298,882.0,-0.00302733841948577,684.0,-0.00785137952791426,891.0,0.0026730402982995116,0.005528783763154227
2019-11-15,844.0,1042.0,0.81,11904.2,11973.65,11879.25,11895.45,11895.45,1,0,286.7089705882354,-52.61761764705807,11885.920000000002,11794.975,11856.68962489313,11717.718713400736,138.9709114923935,62.14648786982249,67.71039459899916,12089.700271227186,11500.249728772815,124.9732405061181,0.0007350346936375396,0.007929974294786682,0.1716101694915338,0.8099808061420346,-198.0,0.001966796101784851,711.0,0.004645093725322846,679.0,-0.0015108973471160692,882.0,-0.009706919301867623,945.0,0.001966796101784851,0.005118264422081756
2019-11-18,847.0,1019.0,0.83,11915.15,11946.2,11867.6,11884.5,11884.5,1,1,263.5526470588229,-46.99014705882365,11881.189999999999,11809.8825,11860.96814414034,11730.07288277846,130.89526136188033,61.27456495116299,63.21288102261556,12090.724302933497,11529.040697066503,121.66086618425255,0.0025723553627104686,0.006596643768647509,0.2150127226463048,0.831207065750736,-172.0,-0.000920520030768146,844.0,0.001044465595808619,711.0,0.0037202977927357495,679.0,-0.001986034774503098,684.0,-0.000920520030768146,0.0034940913420380307
2019-11-19,855.0,987.0,0.87,11919.45,11958.85,11881.75,11940.1,11940.1,1,1,257.72617647058905,-31.70538235294009,11886.52,11823.795,11873.142275811058,11745.630447017094,127.51182879396401,64.03387503430275,62.334801762114665,12101.475541089821,11546.114458910179,118.47794717109169,0.0017324624877825432,0.006468419264311722,0.756809338521402,0.8662613981762918,-132.0,0.004678362573099504,847.0,0.0037535360158715836,844.0,0.005727714557660413,711.0,0.002236967461146877,882.0,0.004678362573099504,0.004191173728088794
2019-11-20,886.0,967.0,0.92,12004.75,12038.6,11966.05,11999.1,11999.1,1,1,267.7897058823546,-8.951794117645477,11918.25,11844.3325,11892.520387224742,11764.405969460273,128.11441776446918,66.74196271670134,83.25916507734695,12109.810985521774,11578.854014478227,117.05095094458514,0.00047064703554839846,0.006043441137883012,0.45554789800138656,0.9162357807652534,-81.0,0.004941332149646982,855.0,0.009642812066136486,847.0,0.008713415633708754,844.0,0.013398983991317781,679.0,0.004941332149646982,0.0023758569435602304
2019-11-21,730.0,1099.0,0.66,12025.65,12028.2,11956.9,11968.4,11968.4,0,1,280.4983823529419,9.243205882353152,11937.51,11862.547499999999,11904.19417380555,11779.516638389141,124.67753541640923,64.03992781862192,70.24793388429731,12108.89664141302,11616.198358586978,113.78302587711485,0.004760657428080811,0.005928993443181956,0.1612903225806427,0.6642402183803457,-369.0,-0.00255852522272515,886.0,0.002370164403983077,855.0,0.007059615465522251,847.0,0.0081114545868044,711.0,-0.00255852522272515,0.0033323940489311354
2019-11-22,846.0,961.0,0.88,11967.3,11968.1,11883.5,11914.4,11914.4,1,1,264.9345588235319,-1.9657352941161435,11941.3,11879.1375,11905.76430091239,11789.507998508463,116.25630240392638,59.47858537369551,47.36172917991085,12089.97061617232,11668.30438382768,111.71995260017806,0.004420378865742452,0.007069263743701618,0.36524822695034875,0.8803329864724245,-115.0,-0.004511881287390107,730.0,-0.007058862748039463,886.0,-0.0021524107838293283,855.0,0.0015930460806441449,844.0,-0.004511881287390107,0.004287299377648197
2019-11-25,1105.0,768.0,1.44,11922.45,12084.5,11919.75,12073.75,12073.75,1,0,263.73691176470675,-3.2002352941181016,11979.15,11903.63,11931.608254618175,11810.56296158191,121.04529303626441,66.95776904206002,96.18591449352493,12083.053636681258,11724.20636331874,115.88995598587965,0.01269034468586568,0.013818468519473765,0.9347496206373292,1.4388020833333333,337.0,0.013374571946552116,846.0,0.008802346178269582,730.0,0.006221299930828206,886.0,0.015924102823004826,847.0,0.013374571946552116,0.007095284950673026
2019-11-26,753.0,1098.0,0.69,12110.2,12132.45,12006.35,12037.7,12037.7,1,0,270.3194117647072,0.8636176470587316,11998.67,11924.1575,11947.930061599995,11827.387927390657,120.54213420933775,64.076357443425,71.27046694966656,12061.321793002684,11786.993206997315,116.61924484403114,0.005986688906871893,0.010412709946986867,0.24861221252974047,0.6857923497267759,-345.0,-0.0029858163370948265,1105.0,0.010348821594037494,846.0,0.0057902476521507484,730.0,0.008174135895009371,855.0,-0.0029858163370948265,0.00750782416158866
2019-11-27,932.0,894.0,1.04,12068.5,12114.9,12055.15,12100.7,12100.7,1,0,260.04249999999956,-7.8638529411779245,12018.99,11939.85,11971.433129046149,11847.63326610246,123.79986294368791,66.767790062232,90.37295330503339,12082.299310282378,11797.400689717622,113.80358449802884,0.002668102912540973,0.00495090524920247,0.7623430962343279,1.0425055928411633,38.0,0.00523355790558,753.0,0.00223211512578958,1105.0,0.015636540656684517,846.0,0.008467301714295328,886.0,0.00523355790558,0.007540896891054723
2019-11-28,971.0,869.0,1.12,12132.1,12158.8,12099.95,12151.15,12151.15,0,-1,260.2457352941183,-3.6100882352944836,12055.539999999999,11955.202500000001,11999.081878423664,11870.115987131909,128.96589129175482,68.78465400868117,97.85202863961824,12117.821485591856,11792.583514408147,109.87832846245524,0.0015702145547761123,0.004850767797825483,0.8700084961767235,1.1173762945914845,102.0,0.004169180295354735,932.0,0.009424557847429238,753.0,0.006410601511543712,1105.0,0.015269376023528736,730.0,0.004169180295354735,0.007180359106957674
2019-11-29,876.0,934.0,0.94,12146.2,12147.4,12017.4,12056.05,12056.05,1,-1,267.1113235294106,2.8201470588221014,12083.87,11964.1325,12007.846204820022,11883.88887697399,123.95732784603206,61.239732987850054,71.14979643408674,12128.299817925716,11799.965182074284,111.58344785799416,0.007422074393637635,0.010702935897647,0.2973076923076895,0.9379014989293362,-58.0,-0.00782641972159015,971.0,-0.0036898691811219075,932.0,0.001524377580434777,753.0,0.011888974686094178,846.0,-0.00782641972159015,0.00814227721075293
2019-12-02,711.0,1134.0,0.63,12137.05,12137.15,12023.7,12048.2,12048.2,1,-1,259.1161764705903,-4.250852941174912,12078.76,11972.0125,12014.054481001558,11896.060071272213,117.99440972934462,60.64836735990722,68.94566895970837,12136.434499364204,11807.590500635797,111.7167730109945,0.007320559773585719,0.009347411438529043,0.2159541648303238,0.626984126984127,-423.0,-0.0006511253685907992,876.0,-0.008472449109754976,971.0,-0.004338591982282036,932.0,-0.002116161093280833,1105.0,-0.0006511253685907992,0.005350581000532235
2019-12-03,573.0,1264.0,0.45,12067.65,12068.6,11956.4,11994.2,11994.2,0,-1,228.40529411764692,-26.57891176470622,12070.060000000001,11974.6575,12010.999945462856,11903.32969562242,107.67024984043564,56.59940758800539,53.783518180542266,12138.719729885253,11810.595270114745,111.75128922449494,0.006086520573599575,0.009297584865321808,0.3368983957219327,0.45332278481012656,-691.0,-0.0044819973108015665,711.0,-0.0051302043372413175,876.0,-0.012916472926430722,971.0,-0.0036136471252814495,753.0,-0.0044819973108015665,0.005567924462061423
2019-12-04,992.0,839.0,1.18,11969.95,12054.7,11935.3,12043.2,12043.2,1,-1,192.9657352941158,-48.60311764706057,12058.560000000001,11980.9575,12015.953800007032,11913.690458909648,102.26334109738309,59.25743651012048,60.30219780219815,12145.386807834466,11816.528192165535,112.29762570845969,0.006119490891774819,0.009974979009937506,0.9036850921273043,1.1823599523241954,153.0,0.004085307898817669,573.0,-0.00041499975100012243,711.0,-0.0010658549027250386,876.0,-0.004751791218689849,932.0,0.004085307898817669,0.005277532750814113
2019-12-05,791.0,1033.0,0.77,12071.25,12081.2,11998.75,12018.4,12018.4,1,0,157.61808823529282,-63.425235294118465,12032.01,11983.575,12016.330138467489,11921.446721212638,94.88341725485043,57.343239844706964,51.78571428571423,12148.637210999132,11818.51278900087,110.16565244356977,0.004378171274723029,0.006830278554416546,0.2383262583383804,0.7657308809293321,-242.0,-0.002059253354590229,992.0,0.0020176418602324553,573.0,-0.002473398515960956,711.0,-0.010924891882661325,971.0,-0.002059253354590229,0.0044381061124628765
2019-12-06,527.0,1316.0,0.4,12047.35,12057.05,11888.85,11921.5,11921.5,1,1,122.38764705882386,-69.71094117647007,12005.1,11979.0475,12001.740886395568,11921.45066778948,80.29021860608736,50.48152117221333,14.347590687601553,12145.696941868018,11812.398058131983,114.3109629833147,0.010446280717336208,0.013961576612283939,0.19411414982164,0.4004559270516717,-789.0,-0.008062637289489416,791.0,-0.010105287631194448,992.0,-0.006061262943756196,573.0,-0.011160371763554333,876.0,-0.008062637289489416,0.004513761883211802
2019-12-09,735.0,1116.0,0.66,11939.1,11981.95,11888.05,11937.5,11937.5,1,1,84.00632352941102,-73.07029411764705,11982.960000000001,11980.515,11991.857673103941,11922.639507212481,69.21816589145965,51.51322459899983,19.61496549219039,12145.146011962877,11815.883988037122,112.85303705593518,0.00013401345160023485,0.007864914440787116,0.5266240681576141,0.6586021505376344,-381.0,0.001342112989137334,527.0,-0.006731345270585054,791.0,-0.008776737079845942,992.0,-0.009188094487143417,711.0,0.001342112989137334,0.004769288276880679
2019-12-10,500.0,1357.0,0.37,11950.5,11953.2,11844.7,11856.8,11856.8,1,1,53.797794117646845,-68.35732352941122,11955.48,11977.6825,11971.079569549489,11917.762506678224,53.31706287126508,46.27621203508263,3.852276345112576,12148.65856638042,11806.706433619582,112.54210583765409,0.007840676122338039,0.009079118028534372,0.11152073732717553,0.36845983787767134,-857.0,-0.006760209424083841,735.0,-0.005427169399823906,527.0,-0.013446049390933967,791.0,-0.011455536842807423,573.0,-0.006760209424083841,0.005176778650309025
2019-12-11,696.0,1123.0,0.62,11867.35,11923.2,11832.3,11910.15,11910.15,1,1,22.266911764705583,-65.74844117647044,11928.869999999999,11981.1675,11961.705789618798,11917.198617294653,44.50717232414536,49.902221395592484,23.843797856049115,12143.432130387899,11818.9028696121,110.99624113496462,0.0036065338934133796,0.0076596712829739965,0.8564356435643468,0.6197684772929652,-427.0,0.004499527697186423,500.0,-0.002291099476439795,735.0,-0.0009520614016692575,527.0,-0.011047728178557259,992.0,0.004499527697186423,0.00530602826977667
2019-12-12,1081.0,744.0,1.45,11944.3,12005.5,11934.0,11971.8,11971.8,1,1,-2.4435294117629383,-58.44655882352781,11919.55,11986.1525,11963.25874506206,11921.243164161715,42.0155809003445,53.784059596298604,42.725880551301685,12140.647857454265,11831.657142545735,109.87865248246717,0.002302353423808846,0.0059861189019030005,0.5286713286713185,1.4529569892473118,337.0,0.005176257225979475,696.0,0.009699075635922094,500.0,0.002873298429319382,735.0,-0.0038773880050589904,791.0,0.005176257225979475,0.006258028445248227
2019-12-13,1197.0,629.0,1.9,12026.4,12098.85,12023.6,12086.7,12086.7,1,1,0.7291176470571372,-30.942205882354394,11952.59,11995.715,11982.249707360204,11933.499226075663,48.75048128454182,60.00425939173395,77.9173047473205,12150.245324208296,11841.184675791705,111.10517730514816,0.005013969267611346,0.006257067784208076,0.8385382059800712,1.90302066772655,568.0,0.009597554252493534,1081.0,0.01482349088802426,696.0,0.019389717293030184,500.0,0.013857316612842396,527.0,0.009597554252493534,0.0060881151526781425
2019-12-16,831.0,1035.0,0.8,12131.35,12134.65,12046.3,12053.95,12053.95,1,1,18.53073529411813,-0.04547058823482075,11975.880000000001,12004.1875,11993.280521612482,11942.421505625613,50.85901598686905,57.62364410178645,67.88667687595756,12151.825557000626,11856.549442999374,109.4798074976376,0.006380163790509682,0.007282783861647744,0.08658743633278351,0.8028985507246377,-204.0,-0.0027095898797852014,1197.0,0.006861958936835055,1081.0,0.012073735427345689,696.0,0.009754973821989532,735.0,-0.0027095898797852014,0.00657595745818354
2019-12-17,1073.0,755.0,1.42,12082.45,12182.75,12070.35,12165.0,12165.0,1,0,52.04558823529442,33.81982352941195,12037.52,12015.432499999999,12019.698902902868,11958.908801505197,60.790101397671606,62.9861020982261,94.93508346411757,12175.563341111008,11855.30165888899,110.85982124780628,0.0068322235970353085,0.009302749028549643,0.8420818505338074,1.4211920529801325,318.0,0.009212747688516876,831.0,0.006478195040829915,1197.0,0.01613792412168613,1081.0,0.025993522704271133,500.0,0.009212747688516876,0.004961942007129164
2019-12-18,856.0,966.0,0.89,12197.0,12237.7,12163.45,12221.65,12221.65,1,-1,105.83485294117781,70.89550000000091,12099.820000000002,12026.560000000001,12050.768302456272,11978.37111250481,72.39718995146177,65.39202921077133,96.04094721262925,12209.858615924722,11843.26138407528,108.24483401582013,0.0020209887677297396,0.006087562515372633,0.7838383838383691,0.8861283643892339,-110.0,0.004656802301685081,1073.0,0.013912451934842807,831.0,0.011165165016091994,1197.0,0.02615416262599557,696.0,0.004656802301685081,0.0049572419171351545
2019-12-19,930.0,863.0,1.08,12223.4,12268.35,12191.15,12259.7,12259.7,1,0,148.137794117647,83.0821764705881,12157.4,12041.125,12082.911640539922,11999.210289356306,83.70135118361577,66.94613070940702,98.01628253640646,12248.35472880337,11833.89527119663,106.02734587183303,0.0029697138275767048,0.006315755027242889,0.8879533678756535,1.0776361529548089,67.0,0.0031133275785184544,856.0,0.007784628031237251,1073.0,0.017069093533655044,831.0,0.024048179889406995,1081.0,0.0031133275785184544,0.005043432417710992
2019-12-20,888.0,938.0,0.95,12266.45,12293.9,12252.75,12271.8,12271.8,0,0,179.0136764705876,78.30114705882261,12194.420000000002,12058.995,12111.971388149164,12019.402119774357,92.5692683748075,67.44675614100106,95.21230502599646,12280.57378711627,11837.416212883732,101.39324973813065,0.0004361490080665999,0.003354678819055198,0.4629404617253813,0.9466950959488273,-50.0,0.0009869735801038004,930.0,0.004103373930688603,856.0,0.008779284833538847,1073.0,0.015314353793839386,1197.0,0.0009869735801038004,0.004415716692254132
2019-12-23,826.0,1020.0,0.81,12235.45,12287.15,12213.25,12262.75,12262.75,1,-1,202.0483823529412,64.6323235294116,12236.179999999998,12068.445000000002,12135.168097664678,12037.42788867996,97.74020898471827,66.63386294967788,93.25173310225311,12307.190946352846,11829.699053647157,99.429446185407,0.0022312215733789336,0.006039826896436145,0.6698240866035216,0.8098039215686275,-194.0,-0.0007374631268436405,888.0,0.00024878259663774216,930.0,0.003362884716875403,856.0,0.01732212262370414,831.0,-0.0007374631268436405,0.0038203489887598365
2019-12-24,828.0,999.0,0.83,12269.25,12283.7,12202.1,12214.55,12214.55,0,0,215.83382352941044,45.66011764705763,12246.09,12077.2875,12147.380698023959,12050.548045074036,96.8326529499227,62.32541602359878,82.80979202772957,12323.797440722306,11830.777559277694,98.15591431502081,0.004458300222100024,0.00665077327465007,0.15257352941175065,0.8288288288288288,-171.0,-0.003930602841940134,826.0,-0.004665167294121475,888.0,-0.0036827981108837893,930.0,0.004073160706946188,1073.0,-0.003930602841940134,0.0033541831412085593
2019-12-26,987.0,852.0,1.16,12211.85,12221.55,12118.85,12126.55,12126.55,1,1,202.59338235294308,13.067970588237216,12227.070000000002,12078.579999999998,12144.175975251042,12056.177819512995,87.99815573804699,55.295704992591155,63.74566724436737,12325.837352569977,11831.322647430019,98.48049186394782,0.006985018649917997,0.008409864189291459,0.07497565725412844,1.158450704225352,135.0,-0.0072045224752447234,828.0,-0.0111068072006687,826.0,-0.01183607946674492,888.0,-0.00778127339598178,856.0,-0.0072045224752447234,0.004076882086547185
2019-12-27,1137.0,703.0,1.62,12172.9,12258.45,12157.9,12245.8,12245.8,1,0,191.6886764705887,-6.546911764705499,12224.289999999999,12083.3125,12159.810440597037,12070.223906956478,89.58653364055863,61.61407051929706,89.57972270363945,12339.409819148237,11827.215180851763,100.86759958795164,0.0059887126321582895,0.008260151648333684,0.8741919443063022,1.6173541963015647,434.0,0.009833794442772215,987.0,0.0025584241744476266,828.0,-0.0013822348168233134,826.0,-0.0011337960961526061,930.0,0.009833794442772215,0.006429521743716212
2019-12-30,1089.0,778.0,1.4,12274.9,12286.45,12213.8,12255.85,12255.85,0,-1,178.55823529411646,-19.586264705883508,12221.099999999999,12093.302500000002,12174.585757428262,12083.973987922665,90.61176950559638,62.100236265515775,91.7569324090123,12359.745412224955,11826.859587775049,98.85205676024091,0.0015519474700404299,0.0059185818214406195,0.5788024776324879,1.3997429305912596,311.0,0.0008206895425371119,1137.0,0.010662554477572028,987.0,0.003381213388950144,828.0,-0.0012997278312879557,888.0,0.0008206895425371119,0.006422206074128373
2019-12-31,962.0,854.0,1.13,12247.1,12247.1,12151.8,12168.45,12168.45,1,-1,159.40382352941378,-30.21176470588071,12202.240000000002,12099.314999999999,12173.64179474699,12090.231470298764,83.41032444822667,55.51525303560715,72.82279029462764,12366.84033917353,11831.789660826467,99.22333842022378,0.006421928456532537,0.007781433972124102,0.17471143756559565,1.126463700234192,108.0,-0.0071312883235352675,1089.0,-0.006316451354750119,1137.0,0.0034552284037918657,987.0,-0.007689955352592093,826.0,-0.0071312883235352675,0.007141407525882201
2020-01-01,1021.0,759.0,1.35,12202.15,12222.2,12165.3,12182.5,12182.5,1,-1,140.4929411764715,-34.054470588235205,12195.83,12108.73,12175.004595555147,12097.06617620256,77.93841935258752,56.31715614953234,69.04695748819124,12374.03992141251,11843.42007858749,96.20024281877933,0.0016103719426494214,0.004663112648180973,0.3022847100175797,1.3451910408432148,262.0,0.0011546252809520041,962.0,-0.005984897008367462,1089.0,-0.005169119208218276,1137.0,-0.0026239198333134484,828.0,0.0011546252809520041,0.007074492510600168
2020-01-02,1356.0,482.0,2.81,12198.55,12289.9,12195.25,12282.2,12282.2,0,-1,143.39661764705852,-19.311441176471277,12226.960000000001,12120.68,12191.496196238972,12110.779792780148,80.71640345882406,61.606180982722414,95.67147613762525,12394.500518588202,11846.859481411799,97.00022547458079,0.006857372392620554,0.007759118911673899,0.9186476492340313,2.8132780082987554,874.0,0.008183870305766616,1021.0,0.009347944890269577,962.0,0.00214999367648927,1089.0,0.012835472578763163,987.0,0.008183870305766616,0.0067723073982954565
2020-01-03,879.0,973.0,0.9,12261.1,12265.6,12191.35,12226.65,12226.65,0,0,138.57352941176214,-13.511500000002343,12223.130000000001,12131.0925,12196.904473740668,12119.362771092729,77.54170264793902,57.43360398455364,72.8392568659128,12404.401270943985,11857.783729056016,96.56092365496791,0.002809698966650686,0.006055737250328274,0.47542087542086564,0.9033915724563206,-94.0,-0.004522805360603233,1356.0,0.0036240508926739246,1021.0,0.004782860594406024,962.0,-0.0015638014666252698,1137.0,-0.004522805360603233,0.00591283593574292
2020-01-06,360.0,1502.0,0.24,12170.6,12179.1,11974.2,11993.05,11993.05,1,1,98.88588235294264,-37.26467647058706,12170.570000000002,12134.67,12165.542247011335,12110.006269530304,55.535977481031296,43.95222313524048,5.896152643102474,12398.624225955773,11870.715774044227,107.69585767961298,0.014588434423939747,0.016835653131316422,0.09199609565641083,0.2396804260985353,-1142.0,-0.0191058057603678,879.0,-0.023542199280259357,1356.0,-0.015550995280114943,1021.0,-0.02144282118335339,1089.0,-0.0191058057603678,0.010159680596720662
2020-01-07,1248.0,578.0,2.16,12079.1,12152.15,12005.35,12052.95,12052.95,0,1,70.08558823529347,-48.20132352941218,12147.47,12140.442500000001,12148.220362855744,12105.779879194724,42.44048366101924,47.36406812654339,24.63246793869261,12391.63759604073,11889.247403959273,111.36758213106923,0.0021648963912874,0.012153223336175648,0.32425068119891415,2.1591695501730106,670.0,0.004994559348956429,360.0,-0.014206671492191125,879.0,-0.018665222842813134,1356.0,-0.009491759427042834,962.0,0.004994559348956429,0.010740817298223586
2020-01-08,725.0,1109.0,0.65,11939.1,12044.95,11929.6,12025.35,12025.35,1,1,29.23323529411755,-66.80173529411732,12116.039999999999,12148.869999999999,12129.317230108707,12099.822110365485,29.49511974322195,45.97532273592458,26.28328300850952,12371.071549049302,11926.668450950696,112.22346912170715,0.007224162625323517,0.009661532276302265,0.8300823580407429,0.6537421100090172,-384.0,-0.002289895834629685,1248.0,0.0026932264936776473,360.0,-0.01646403552894693,879.0,-0.01289965113892877,1021.0,-0.002289895834629685,0.010608848280582207
2020-01-09,1372.0,475.0,2.89,12153.15,12224.05,12132.55,12215.9,12215.9,1,1,10.915000000000873,-58.623647058822456,12102.78,12164.1575,12142.637656245828,12108.420472560634,34.21718368519396,55.64479512020407,78.58907493823767,12358.939055273871,11969.375944726127,118.40036418444228,0.0051632704278314675,0.007528912257316005,0.9109289617486379,2.888421052631579,897.0,0.015845692640962472,725.0,0.01351951182075739,1248.0,0.01858159517387148,360.0,-0.005398055722916184,1356.0,0.015845692640962472,0.012860842397361313
2020-01-10,1024.0,811.0,1.26,12271.0,12311.2,12213.2,12256.8,12256.8,1,1,7.765882352940025,-35.611235294118885,12108.810000000001,12178.4075,12160.20109374647,12119.411548667253,40.78954507921662,57.4069667455085,85.7442348008382,12355.731636188246,12001.083363811753,116.94319531412498,0.0011571999022085182,0.007986309184255563,0.4448979591836586,1.2626387176325524,213.0,0.003348095514861704,1372.0,0.019246841048285335,725.0,0.016912871952509345,1248.0,0.0024659248444995896,879.0,0.003348095514861704,0.012805828793850182
2020-01-13,1207.0,665.0,1.82,12296.7,12337.75,12285.8,12329.55,12329.55,1,-1,45.68352941176454,12.946882352941245,12176.109999999999,12190.55,12186.254771631628,12134.977359877084,51.27741175454321,60.41916104677023,97.99093470537774,12374.236814986558,12006.86318501344,114.37225279168753,0.0026714484373855213,0.004224710694739298,0.84215591915302,1.8150375939849623,542.0,0.005935480712747188,1024.0,0.009303448783961832,1372.0,0.02529656101485611,725.0,0.02805791687685777,360.0,0.005935480712747188,0.0065720875257492765
2020-01-14,1072.0,755.0,1.42,12333.1,12374.25,12308.7,12362.3,12362.3,0,-1,90.22632352941218,53.46152941176515,12237.98,12205.9675,12213.338652919068,12151.816073960264,61.52257895880393,61.73121611897295,97.31249297200029,12392.937415427337,12018.997584572664,110.88494902085266,0.0023676123602337537,0.005314965418264611,0.8176964149504065,1.4198675496688742,317.0,0.002656220218904881,1207.0,0.008607466875530267,1024.0,0.011984381011632461,1372.0,0.02566591581314115,1248.0,0.002656220218904881,0.006704843843478716
2020-01-15,1090.0,742.0,1.47,12349.4,12355.15,12278.75,12343.3,12343.3,1,-1,149.33999999999833,88.55385294117514,12301.57,12214.882500000002,12233.332706316136,12166.000068481728,67.33263783440816,60.478662779100766,93.0394692454738,12410.013779591216,12019.751220408787,108.93245266222027,0.0004939511231315176,0.00618653537823697,0.8448952879581096,1.4690026954177897,348.0,-0.0015369308300234863,1072.0,0.0011152069621356286,1207.0,0.007057306964297405,1024.0,0.026439978877953463,725.0,-0.0015369308300234863,0.006502806129827738
2020-01-16,1083.0,750.0,1.44,12347.1,12389.05,12315.8,12355.5,12355.5,0,-1,177.6047058823533,83.48061764705963,12329.49,12221.575,12252.127674575193,12180.037100446045,72.09057412914808,61.025505953507256,92.69779083687031,12426.129526960183,12017.020473039818,106.38370604349026,0.0006803216949728792,0.005932567161519709,0.5419795221843102,1.444,333.0,0.0009883904628422702,1090.0,-0.0005500594549557869,1072.0,0.002104699684903455,1207.0,0.011427729434589473,1372.0,0.0009883904628422702,0.0027785837125088664
2020-01-17,946.0,886.0,1.07,12328.4,12385.45,12321.4,12352.35,12352.35,1,-1,187.87838235294112,57.73179411764721,12348.599999999999,12226.2075,12267.546493871318,12192.801018931523,74.7454749397948,60.7916167016414,92.01218848623375,12438.071681198484,12014.343318801517,103.35986989752675,0.0019426689594757413,0.005195321371792049,0.4832162373146011,1.0677200902934538,60.0,-0.0002549471895106903,1083.0,0.0007331912859609435,1090.0,-0.00080486640835431,1072.0,0.007795672606226933,1024.0,-0.0002549471895106903,0.0028964743128795855
2020-01-20,626.0,1225.0,0.51,12430.5,12430.5,12216.9,12224.55,12224.55,0,-1,183.10823529411755,25.47670588235306,12327.6,12223.845,12260.931648660346,12195.152795306965,65.77885335338033,52.071815580521324,58.88400878418829,12434.674124885305,12013.015875114694,111.23416490484628,0.016568118740195547,0.017183540485097168,0.03581460674157127,0.5110204081632653,-599.0,-0.01034620942573694,946.0,-0.010598518878232377,1083.0,-0.009620603890369672,1090.0,-0.008516125892672477,1207.0,-0.01034620942573694,0.0050763125391069175
2020-01-21,787.0,1055.0,0.75,12195.3,12230.05,12162.3,12169.85,12169.85,1,-1,148.64602941176418,-20.669441176470713,12289.109999999999,12219.2,12246.919087327984,12193.278514173116,53.640573154867525,48.84255970468773,47.963665402275936,12430.488873346196,12007.911126653806,108.12815312592868,0.002086869531704748,0.005555418890884193,0.11143911439116003,0.7459715639810427,-268.0,-0.004474602337100286,626.0,-0.014774516589960651,946.0,-0.015025697057990284,1083.0,-0.01556749148621206,1072.0,-0.004474602337100286,0.004517920978279095
2020-01-22,737.0,1097.0,0.67,12218.35,12225.05,12087.9,12106.9,12106.9,1,0,111.80176470588049,-50.00605882353085,12241.83,12213.817500000001,12225.377689277526,12186.880105715847,38.497583561678766,45.356518315401246,35.39628668396874,12430.716177439272,11996.91882256073,110.20114218836231,0.009121526228991698,0.011224919895075819,0.13853445133066022,0.6718322698268003,-360.0,-0.005172619218807184,787.0,-0.009624076141862004,626.0,-0.01987071286030595,946.0,-0.01915209060786016,1090.0,-0.005172619218807184,0.004490951837048843
2020-01-23,1078.0,752.0,1.43,12123.75,12189.0,12094.1,12180.35,12180.35,0,-1,66.63926470588194,-72.97547058823511,12206.8,12216.507500000002,12218.450352465597,12186.39639418134,32.05395828425753,49.85382670736501,50.05989219405075,12430.32280177914,12002.692198220862,109.10820346062212,0.00466852252809571,0.007827611093927178,0.9088514225500561,1.4335106382978724,326.0,0.0060667883603564565,737.0,0.0008627879554801154,787.0,-0.0036156750146221217,626.0,-0.014175873092954538,1083.0,0.0060667883603564565,0.006133301034223154
2020-01-24,1064.0,766.0,1.39,12174.55,12272.15,12149.65,12248.25,12248.25,0,-1,31.135735294115875,-77.13047058823614,12185.98,12216.63,12223.034913624737,12190.9781427605,32.05677086423748,53.65145996565545,63.615492114194424,12430.515086903935,12002.744913096063,110.06476035629196,0.006053611837809261,0.010061973543169974,0.8048979591836765,1.3890339425587468,298.0,0.005574552455389181,1078.0,0.011675160445696386,737.0,0.006442150067585084,787.0,-0.008427546175424183,946.0,0.005574552455389181,0.007206805450380674
2020-01-27,761.0,1100.0,0.69,12197.1,12216.6,12107.0,12119.0,12119.0,1,-1,-7.914852941175923,-77.97644117646924,12164.869999999999,12209.7875,12207.029542297854,12185.646428481945,21.383113815909383,46.441585202216615,37.81193851068073,12426.946964161489,11992.628035838512,112.29227747369967,0.006403161407219779,0.008985742512564492,0.10948905109489014,0.6918181818181818,-339.0,-0.010552527912150667,1064.0,-0.00503680107714477,1078.0,0.00099943007706349,737.0,-0.008634264655958623,626.0,-0.010552527912150667,0.007269219100940666
2020-01-28,619.0,1234.0,0.5,12148.1,12163.55,12024.5,12055.8,12055.8,1,-1,-34.082352941175486,-67.59826470588087,12142.060000000001,12204.155,12183.763458867415,12176.02817452032,7.73528434709624,43.37234888132979,7.709359605911151,12430.941253771929,11977.368746228072,114.20354336843536,0.007597895967270692,0.011446234390563073,0.225098885293056,0.5016207455429498,-615.0,-0.0052149517286905755,761.0,-0.015712448717163707,1064.0,-0.010225486131350991,1078.0,-0.009371520602143857,787.0,-0.0052149517286905755,0.0073466953847886275
2020-01-29,994.0,842.0,1.18,12114.9,12169.6,12103.8,12129.5,12129.5,1,-1,-45.6535294117657,-47.678382352941846,12146.579999999998,12201.505000000001,12175.415234426275,12172.58164307437,2.833591351904033,47.71205167777147,25.862068965517242,12430.469628054,11972.540371946003,114.17471884211864,0.0012051275701822025,0.005431328364245772,0.3905775075987888,1.180522565320665,152.0,0.006113240100200867,619.0,0.0008664081194817985,761.0,-0.009695262588533038,1064.0,0.0018667041108788585,737.0,0.006113240100200867,0.007794471008088569
2020-01-30,532.0,1314.0,0.4,12147.75,12150.3,12010.6,12035.8,12035.8,1,0,-61.12941176470849,-37.600529411766544,12117.67,12189.185,12153.935967591462,12162.449669513306,-8.513701921843676,43.18117083860223,6.001428911645375,12425.842905213214,11952.527094786785,115.99795321053865,0.009215698380358562,0.011500072029799668,0.1803865425912606,0.4048706240487062,-782.0,-0.00772496805309375,994.0,-0.0016589525373679193,619.0,-0.006865252908655917,761.0,-0.011867475072555478,1078.0,-0.00772496805309375,0.00772664321203182
2020-01-31,670.0,1127.0,0.59,12100.4,12103.55,11945.85,11962.1,11962.1,0,1,-97.2951470588232,-48.080088235293445,12060.439999999999,12175.9575,12124.422741808161,12147.608953253062,-23.186211444901346,39.966316831065384,3.352935107809762,12431.574188177647,11920.340811822354,118.97667083835724,0.0114293742355624,0.01303262702059427,0.10304375396322202,0.5944986690328306,-457.0,-0.0061233985277254765,532.0,-0.013801063522816293,994.0,-0.007772192637568565,619.0,-0.02336252117649462,1064.0,-0.0061233985277254765,0.006376125654395687
2020-02-01,371.0,1426.0,0.26,11939.0,12017.35,11633.3,11661.85,11661.85,0,1,-156.79161764705896,-77.80120588235259,11969.01,12159.397500000001,12053.257704606905,12111.626808567651,-58.36910396074563,30.126009507511085,3.5812844957352064,12491.682363445372,11827.11263655463,137.91048006418893,0.023213837004774238,0.03216768573582386,0.07433927873975006,0.2601683029453015,-1055.0,-0.025100107840596575,670.0,-0.031069808404925237,532.0,-0.03855476318067519,994.0,-0.037721759221057805,761.0,-0.025100107840596575,0.011204805318802278
2020-02-03,710.0,1151.0,0.62,11627.45,11749.85,11614.5,11707.9,11707.9,1,1,-226.09176470588136,-108.69947058823382,11899.429999999998,12142.145,12000.125750051997,12081.721119044121,-81.59536899212435,32.85655524661908,11.446078431372504,12526.496947959044,11757.793052040957,137.7275886310326,0.006918971915596189,0.011640557473908755,0.6900628001477606,0.6168549087749783,-441.0,0.00394877313633768,371.0,-0.02125044933581899,670.0,-0.027243722893368072,532.0,-0.028857479387514706,619.0,0.00394877313633768,0.012382099381850895
2020-02-04,1262.0,558.0,2.26,11786.25,11986.15,11783.4,11979.65,11979.65,1,1,-267.18852941176556,-105.48923529411803,11869.46,12139.859999999999,11996.975634659382,12074.160295411224,-77.18466075184188,46.2141077130208,44.74877450980388,12527.491584884294,11752.228415115704,147.764903728816,0.016408951108282926,0.017202248382649273,0.967940813810111,2.261648745519713,704.0,0.023210823461081942,710.0,0.02725125087357494,371.0,0.001467133697260481,670.0,-0.012354177830908197,994.0,0.023210823461081942,0.017703997864283366
2020-02-05,1032.0,791.0,1.3,12005.85,12098.15,11953.35,12089.15,12089.15,1,1,-272.12852941176425,-68.22941176470559,11880.130000000001,12133.5225,12011.156306250246,12075.270643899281,-64.1143376490345,50.488357091714505,58.1678921568627,12520.117216046288,11746.92778395371,147.55312489104335,0.006938284253093223,0.012060787032988024,0.9378453038674031,1.3046776232616941,241.0,0.009140500765882242,1262.0,0.03256348277658683,710.0,0.03664084171893811,371.0,0.0044326093820103996,532.0,0.009140500765882242,0.018029427037400098
2020-02-06,1063.0,764.0,1.39,12120.0,12160.6,12084.65,12137.95,12137.95,1,0,-248.11117647058745,-14.048852941175937,11915.3,12127.58,12030.663028365592,12079.913559166002,-49.25053080040925,52.307359336080836,79.59400897133749,12510.043950457963,11745.116049542037,142.4386159702546,0.001481023102310291,0.006266501650165076,0.7017774851876311,1.3913612565445026,299.0,0.004036677516616294,1032.0,0.013214075536430725,1262.0,0.03673160857198998,710.0,0.014700596049188608,670.0,0.004036677516616294,0.017590927091573172
2020-02-07,923.0,892.0,1.03,12151.15,12154.7,12073.95,12098.35,12098.35,1,0,-186.3148529411792,53.65211764705637,12002.6,12116.02,12041.076408617038,12081.27922145,-40.20281283296208,50.680221118212124,73.57256899566649,12487.175818221825,11744.864181778175,138.03228625809356,0.004345267731860711,0.00664546154067722,0.3021671826625342,1.0347533632286996,31.0,-0.0032624949023517535,1063.0,0.0007610129744441974,1032.0,0.009908469780002038,1262.0,0.03742973884932499,371.0,-0.0032624949023517535,0.009873222377533322
2020-02-10,672.0,1197.0,0.56,12102.35,12103.55,11990.75,12031.5,12031.5,1,0,-107.5625,108.69861764705928,12067.320000000002,12099.48,12039.603114983647,12077.591871712964,-37.988756729317174,47.96753254548797,63.40758762259564,12454.3888804185,11744.571119581498,136.2299800968011,0.005854234921316964,0.009320503869083218,0.36125886524822926,0.5614035087719298,-525.0,-0.005525546872094167,923.0,-0.008770014705942963,1063.0,-0.0047687389105106615,1032.0,0.027639457118697752,710.0,-0.005525546872094167,0.011482702518677567
2020-02-11,800.0,1022.0,0.78,12108.4,12172.3,12099.0,12107.9,12107.9,1,-1,-56.37132352941262,117.72635294117609,12092.97,12087.71,12050.110328063085,12079.836918252744,-29.726590189658964,51.1834517907024,75.02470919181934,12424.65320381915,11750.766796180847,136.5564100898867,4.129364738528625e-05,0.006053648706682904,0.12141882673942325,0.7827788649706457,-222.0,0.006349997922121098,672.0,0.000789363838870516,923.0,-0.002475706358981644,1063.0,0.010705655006615356,1262.0,0.006349997922121098,0.006290384185344017
2020-02-12,722.0,1109.0,0.65,12151.0,12231.75,12144.3,12201.2,12201.2,1,-1,-23.323676470588907,101.01302941176473,12115.380000000001,12079.995,12073.354892976457,12088.826776159947,-15.471883183490718,54.853156142004295,95.05062778452827,12398.626977208685,11761.363022791316,135.64880936918053,0.004131347214221112,0.007196938523578366,0.6506575185820581,0.6510369702434626,-387.0,0.00770571279908161,800.0,0.014104641981465438,672.0,0.008501159248988532,923.0,0.009268641715918902,1032.0,0.00770571279908161,0.005913049495131774
2020-02-13,805.0,1018.0,0.79,12219.55,12225.65,12139.8,12174.65,12174.65,1,-1,-9.32132352940971,67.25741176470838,12122.720000000001,12071.11,12088.938755595464,12095.184051999951,-6.245296404487817,53.61794350195378,90.74929121101654,12368.039332670109,11774.180667329892,132.09175155709622,0.0036744397297772536,0.007025626966623187,0.40594059405940847,0.7907662082514735,-213.0,-0.0021760154738879045,722.0,0.005512929574905678,800.0,0.011897934588372072,672.0,0.003023574821118702,1063.0,-0.0021760154738879045,0.005993734305084619
2020-02-14,639.0,1204.0,0.53,12190.15,12246.7,12091.2,12113.45,12113.45,1,-1,2.500735294117476,41.31635294117623,12125.74,12065.554999999998,12092.709716273084,12096.53708518514,-3.827368912056045,50.77937711638422,78.92280923758307,12354.85305547206,11776.256944527937,133.7637693030179,0.006291965234225904,0.012756200703026624,0.14308681672025725,0.5307308970099668,-565.0,-0.005026838553880308,805.0,-0.007191915549290218,722.0,0.00045837841409346325,800.0,0.0012481040803085097,923.0,-0.005026838553880308,0.006322261274765427
2020-02-17,548.0,1324.0,0.41,12131.8,12159.6,12037.0,12045.8,12045.8,0,-1,15.53808823529289,29.733588235293062,12128.6,12059.3525,12085.492836846457,12092.778782578833,-7.285945732375694,47.768900813393856,68.2220816197404,12344.733023993698,11773.971976006304,132.96635720994522,0.007088807926276398,0.010105672694901034,0.07177814029363169,0.41389728096676737,-776.0,-0.005584701303097073,639.0,-0.010583466465155067,805.0,-0.01273645215224739,722.0,0.001188546731496487,672.0,-0.005584701303097073,0.0063358479615647275
2020-02-18,631.0,1236.0,0.51,12028.25,12030.75,11908.05,11992.5,11992.5,1,-1,-9.67735294117847,-4.820647058825125,12105.52,12053.6325,12071.186246562387,12085.35072461003,-14.16447804764357,45.48107650186176,59.791205314773734,12339.557084943159,11767.70791505684,133.30804598066342,0.0029721696838692245,0.010200985180720448,0.6882640586797084,0.5105177993527508,-605.0,-0.004424778761061843,548.0,-0.00998476899644618,639.0,-0.01496141572858356,805.0,-0.009530967384930422,800.0,-0.004424778761061843,0.005524367497264935
2020-02-19,1188.0,634.0,1.87,12090.6,12134.7,12042.1,12125.9,12125.9,0,-1,-25.482499999998254,-20.19402941176304,12090.46,12050.91,12079.60374709125,12088.354374638919,-8.750627547668046,51.71425626124406,80.89212274596632,12332.967216890329,11768.85278310967,133.94318555347323,0.0029196235091723545,0.007658842406497639,0.9049676025917812,1.8738170347003154,554.0,0.011123618928496892,631.0,0.006649620614654017,548.0,0.001027783166645202,639.0,-0.0061715241123825315,722.0,0.011123618928496892,0.007019474918337426
2020-02-20,929.0,906.0,1.03,12119.0,12152.0,12071.45,12080.85,12080.85,0,-1,-40.71411764705772,-29.147088235292905,12071.7,12042.54,12079.795478307982,12087.798495036035,-8.003016728052899,49.649809829275526,73.76621322366337,12310.246390659466,11774.833609340536,130.12938658536794,0.003147949500783863,0.006646588002310361,0.1166977032898786,1.0253863134657837,23.0,-0.0037151881509825957,1188.0,0.007367104440275218,631.0,0.0029097278719554254,548.0,-0.00770453360055523,805.0,-0.0037151881509825957,0.007105231313230171
2020-02-24,478.0,1382.0,0.35,12012.55,12012.55,11813.4,11829.4,11829.4,1,-1,-87.03338235294177,-57.559529411765105,12014.89,12028.06,12041.27309702983,12068.657865774107,-27.38476874427579,40.04153207042436,9.928771854090199,12308.674567690132,11747.445432309867,139.9380018292703,0.01524655464493381,0.016578494990655578,0.08034145116746186,0.3458755426917511,-904.0,-0.020813932794463974,929.0,-0.024451793268953192,1188.0,-0.01360016677089848,631.0,-0.023449141243824134,639.0,-0.020813932794463974,0.011312300804804363
2020-02-25,683.0,1153.0,0.59,11877.5,11883.05,11779.9,11797.9,11797.9,0,-1,-135.81602941176607,-76.07135294117761,11965.31,12015.164999999999,12003.831082102166,12048.601727568617,-44.77064546645124,39.02273140083275,3.8560411311053895,12312.68850344119,11717.641496558808,137.3102874128938,0.006701747000631477,0.008684487476320744,0.17450315075133363,0.5923677363399826,-470.0,-0.002662856949633974,478.0,-0.023421365218507018,929.0,-0.02704953859094994,1188.0,-0.020579787145727058,548.0,-0.002662856949633974,0.011329530604462254
2020-02-26,557.0,1289.0,0.43,11738.55,11783.25,11639.6,11678.5,11678.5,0,-1,-173.67941176470595,-81.134323529412,11902.51,11992.615,11953.780146394141,12021.186784785757,-67.40663839161607,35.35109350065996,6.407511118431826,12319.020255931828,11666.209744068172,138.80955259768706,0.005115623309522835,0.012237456926110946,0.27079707622693866,0.4321179208688906,-732.0,-0.010120445163969816,683.0,-0.012756352815865513,478.0,-0.0333047757401177,929.0,-0.026183031061079887,631.0,-0.010120445163969816,0.011652262060749343
2020-02-27,589.0,1240.0,0.48,11661.25,11663.85,11536.7,11633.3,11633.3,0,-1,-251.83602941176287,-114.02023529411599,11803.99,11972.490000000002,11904.47550848735,11992.454430357184,-87.97892186983336,34.045173646549216,13.605633802816696,12333.556190053743,11611.42380994626,139.0231559835665,0.0023968270982956995,0.010903633829992465,0.7597325992921653,0.475,-651.0,-0.0038703600633643864,557.0,-0.013951635460548117,683.0,-0.016577341200737172,478.0,-0.04062378874970107,1188.0,-0.0038703600633643864,0.007620892347673511
2020-02-28,233.0,1654.0,0.14,11382.0,11384.8,11175.05,11201.75,11201.75,1,-1,-387.84749999999985,-180.60502941176455,11628.169999999998,11934.4725,11796.36389179699,11933.883731812208,-137.5198400152185,24.67342735732157,2.491485093080828,12427.801914767584,11441.143085232416,161.82507341331174,0.01583640836408364,0.018428219996485678,0.1272943980929713,0.14087061668681983,-1421.0,-0.03709609483121723,589.0,-0.04082287965064002,557.0,-0.05053017909967028,683.0,-0.07276805853892732,929.0,-0.03709609483121723,0.014334270012571277
2020-03-02,671.0,1178.0,0.57,11387.35,11433.0,11036.25,11132.75,11132.75,1,-1,-490.96308823529034,-202.93467647058532,11488.84,11908.0175,11694.269446905146,11874.540492418711,-180.2710455135657,23.556859763887985,7.9722417282828655,12503.216316594027,11312.818683405972,178.6054253123609,0.022358143027131013,0.034841293189372416,0.2432262129804663,0.5696095076400679,-507.0,-0.006159751824491688,233.0,-0.04302734391789087,589.0,-0.04673117266772275,557.0,-0.05889140615753963,478.0,-0.006159751824491688,0.014324165324921095
2020-03-03,1007.0,829.0,1.21,11217.55,11342.25,11152.55,11303.3,11303.3,1,-1,-576.3207352941172,-200.19138235294196,11389.92,11887.7875,11634.12030122743,11832.226381869177,-198.1060806417463,31.775217035079677,22.062043041843868,12534.124770993196,11241.450229006805,180.81218064719226,0.0076442716992569685,0.016911001065295073,0.7946758039008931,1.2147165259348613,178.0,0.015319664952504919,671.0,0.009065547793871476,233.0,-0.02836684345800422,589.0,-0.04192271505945977,683.0,0.015319664952504919,0.018805475128571596
2020-03-04,511.0,1384.0,0.37,11351.35,11356.6,11082.15,11251.0,11251.0,1,-1,-641.4057352941181,-171.73111764706044,11304.42,11851.355,11575.17871642321,11789.172575804794,-213.99385938158412,30.68574080665499,17.741335866826375,12552.67837755128,11150.03162244872,187.50059631525002,0.008840358195280769,0.024177740973540654,0.6152304609218434,0.36921965317919075,-873.0,-0.004626967345819244,1007.0,0.010621814017201414,671.0,0.004396634454437942,233.0,-0.036605728475403554,557.0,-0.004626967345819244,0.01883920994305411
2020-03-05,968.0,872.0,1.11,11306.05,11389.5,11244.6,11269.0,11269.0,0,-1,-667.5691176470591,-114.74788235294216,11231.560000000001,11810.3475,11528.074298511947,11750.641273893329,-222.56697538138178,31.55554797702601,19.22838613738691,12546.31366530581,11074.38133469419,184.45769657844644,0.003277006558435464,0.012816147107079807,0.16839199447894893,1.110091743119266,96.0,0.0015998577904186018,511.0,-0.0030345120451549246,1007.0,0.01223866519952388,671.0,-0.03131527597500272,589.0,0.0015998577904186018,0.019241739910795502
2020-03-06,378.0,1535.0,0.25,10942.65,11035.1,10827.4,10989.45,10989.45,0,-1,-696.3497058823541,-81.82802941176635,11189.1,11752.9225,11445.209021817802,11694.256735086416,-249.04771326861373,26.081541277230542,12.164089476054722,12554.025199705191,10951.81980029481,202.8250039657003,0.0042768433606120175,0.018980777051262786,0.78021184400578,0.24625407166123778,-1157.0,-0.02480699263466135,968.0,-0.023246822504666143,511.0,-0.02776622756186231,1007.0,-0.018952395831008495,233.0,-0.02480699263466135,0.014510727624039835
2020-03-09,260.0,1690.0,0.15,10742.05,10751.55,10294.45,10451.45,10451.45,0,-1,-789.4636764705883,-115.24188235294093,11052.84,11670.5775,11292.323018461217,11602.196976931866,-309.8739584706491,19.184211226695723,8.451993216871688,12634.706558516,10706.448441483999,237.9803608252931,0.027052564454643067,0.04255239921616438,0.34346970028440277,0.15384615384615385,-1430.0,-0.048956044206033944,378.0,-0.07254858461265412,968.0,-0.07106479424051193,511.0,-0.061197817250903785,671.0,-0.048956044206033944,0.025074975753347033
2020-03-11,785.0,1097.0,0.72,10334.3,10545.1,10334.0,10458.4,10458.4,0,-1,-900.5358823529405,-161.47105882352844,10883.86,11591.922499999999,11164.027169467183,11517.471274936914,-353.44410546973086,19.480446198772995,8.826141961185376,12674.798417857146,10509.046582142852,236.06033505205792,0.01200855403849321,0.020427121333810746,0.5892941733775434,0.715587967183227,-312.0,0.0006649795004520787,260.0,-0.04832361947140218,378.0,-0.07193184843375633,968.0,-0.0747480824184088,1007.0,0.0006649795004520787,0.021664968903775443
2020-03-12,141.0,1835.0,0.08,10039.95,10040.75,9508.0,9590.15,9590.15,0,-1,-1119.913088235293,-285.14679411764587,10551.689999999999,11466.035,10921.892220318385,11374.706736052698,-452.8145157343133,13.046486345032491,3.10703479576398,12828.900244659197,10103.169755340803,287.08459683405374,0.04480101992539814,0.05306301326201823,0.154199906147348,0.0768392370572207,-1694.0,-0.08301939111145107,785.0,-0.08240961780422817,260.0,-0.12733121311803608,378.0,-0.1476179895120434,511.0,-0.08301939111145107,0.035819565276283875
2020-03-13,952.0,932.0,1.02,9107.6,10159.4,8555.15,9955.2,9955.2,0,-1,-1427.9379411764712,-441.09788235294184,10288.93,11353.734999999999,10773.170340269404,11269.558088937683,-496.3877486682795,24.358316524835516,40.494302076705075,12821.85879556357,9885.611204436427,381.1678399173356,0.09306513241688263,0.1761440994334402,0.8727131058126857,1.0214592274678111,20.0,0.038065098043305046,141.0,-0.04811443433029894,785.0,-0.04748144994235248,260.0,-0.11658532256633236,968.0,0.038065098043305046,0.04627748601585007
2020-03-16,309.0,1640.0,0.19,9587.8,9602.2,9165.1,9197.4,9197.4,1,-1,-1655.7476470588244,-477.02800000000093,9930.52,11204.8725,10530.744134074112,11116.06489716452,-585.320763090409,18.87033850684925,19.298957300399653,12896.594445969551,9513.150554030448,410.3772799232402,0.04071841298316607,0.045589186257535656,0.07389613360786833,0.18841463414634146,-1331.0,-0.07612102217936367,952.0,-0.040953478308472735,141.0,-0.12057293658685841,785.0,-0.16307003535208775,378.0,-0.07612102217936367,0.051951235157476905
2020-03-17,583.0,1314.0,0.44,9285.4,9403.8,8915.6,8967.05,8967.05,1,-1,-1842.103970588234,-452.85626470588136,9633.64,11047.552500000002,10290.175805755016,10956.878608485667,-666.7028027306515,17.574179031972392,12.759827762460878,12944.758895328414,9150.34610467159,415.9360456430087,0.03428500656945316,0.05257716415017112,0.1053871364194982,0.4436834094368341,-731.0,-0.025045121447365593,309.0,-0.09925968338154945,952.0,-0.06497291491791057,141.0,-0.14202813963612715,260.0,-0.025045121447365593,0.05131233601122458
2020-03-18,248.0,1674.0,0.15,9088.45,9127.55,8407.05,8468.8,8468.8,0,-1,-2077.4539705882326,-452.82264705882153,9235.72,10868.7025,10009.964143331166,10772.576489338582,-762.6123460074159,15.150142118569121,1.8960329157455165,13013.961480513786,8723.443519486213,437.69061381136527,0.06817994267449361,0.07927644427817725,0.08570437196391395,0.14814814814814814,-1426.0,-0.0555645390624564,583.0,-0.07921803988083598,309.0,-0.14930890388942475,952.0,-0.1902394247686071,785.0,-0.0555645390624564,0.049282073889709434
2020-03-19,401.0,1515.0,0.26,8063.3,8575.45,7832.55,8263.45,8263.45,1,1,-2277.515735294117,-421.3638823529411,8970.38,10682.25,9741.269659741756,10586.715267906095,-845.4456081643384,14.276150280628954,11.9679484508881,13041.9029210882,8322.5970789118,459.4912842534107,0.02482234320935604,0.09213349373085468,0.5800242293713828,0.2646864686468647,-1114.0,-0.02424782731910058,248.0,-0.07846504703330515,583.0,-0.10154500184834836,309.0,-0.13833985912629088,141.0,-0.02424782731910058,0.04318896352662498
2020-03-20,1156.0,725.0,1.59,8284.45,8883.0,8178.2,8745.45,8745.45,0,-1,-2340.083088235295,-301.50220588235425,8728.43,10513.227499999999,9588.066635166102,10450.325248061199,-862.258612895097,25.185820038432823,25.35516393784112,12918.86697204794,8107.588027952059,477.0133353781671,0.05564642191092951,0.08507505024473563,0.8048382519863801,1.5944827586206896,431.0,0.058329148237116435,401.0,0.032666965803892056,248.0,-0.024712698156026613,583.0,-0.12151940694310515,952.0,0.058329148237116435,0.051212204605828766
2020-03-23,107.0,1777.0,0.06,7945.7,8159.25,7583.6,7610.25,7610.25,1,1,-2526.2369117647067,-313.55817647058984,8411.0,10289.697499999998,9283.787152832856,10239.94930376037,-956.1621509275137,19.039924356934506,0.7002285924485572,12893.772429504741,7685.622570495256,525.9302399940124,0.04221780334017139,0.07244799073712821,0.046295492052461834,0.06021384355655599,-1670.0,-0.12980464127060365,1156.0,-0.07904688719602593,401.0,-0.10137799924428481,248.0,-0.17256507273794763,309.0,-0.12980464127060365,0.06770432711564023
2020-03-24,783.0,1053.0,0.74,7848.3,8036.95,7511.1,7801.05,7801.05,0,1,-2688.426323529413,-306.4831176470602,8177.8,10088.28,9055.673744704724,10059.290096074417,-1003.6163513696938,22.464602617355894,7.476021039603957,12805.533525050647,7371.026474949355,525.9245085658686,0.00602041206375903,0.06700177108418376,0.5513929827897692,0.7435897435897436,-270.0,0.02507144968956343,107.0,-0.10798758211412796,1156.0,-0.055957257561914275,401.0,-0.13003161574876898,583.0,0.02507144968956343,0.07309133110895571
2020-03-25,1070.0,718.0,1.49,7735.15,8376.75,7714.75,8317.85,8317.85,1,-1,-2719.823823529411,-209.40664705882273,8147.610000000001,9914.2775,8942.162399365536,9930.294533402239,-988.1321340367031,30.980833026762255,20.801103547854787,12616.995318691988,7211.559681308011,535.6441865254494,0.07533144153636333,0.08558334356799804,0.9110271903323268,1.49025069637883,352.0,0.06624749232475113,783.0,0.09297986268519431,107.0,-0.04889399630665092,1156.0,-0.01782424900812385,248.0,0.06624749232475113,0.08039421570968192
2020-03-26,1268.0,548.0,2.31,8451.0,8749.05,8304.9,8641.45,8641.45,1,-1,-2552.323676470589,13.055088235294079,8223.210000000001,9762.425,8895.898953309299,9834.824567965035,-938.9256146557364,35.740284218844366,32.07576617480137,12391.867648832676,7132.982351167322,529.1088874879173,0.0225357945805231,0.05255591054313095,0.7577395024203566,2.3138686131386863,720.0,0.03890428415996916,1070.0,0.10772908775100798,783.0,0.1355014618442234,107.0,0.04574360587890047,401.0,0.03890428415996916,0.08076528702740284
2020-03-27,1028.0,811.0,1.27,8949.1,9038.9,8522.9,8660.25,8660.25,0,1,-2403.977647058826,174.18002941176292,8206.17,9613.7725,8859.645268184791,9747.81904441207,-888.1737762272787,36.01633583319324,35.46266722214508,12137.361546076088,7090.18345392391,528.1725383816375,0.032276988747471855,0.05765942943983193,0.2661821705426364,1.2675709001233046,217.0,0.0021755608144464755,1268.0,0.04116448361054825,1070.0,0.11013901974734175,783.0,-0.009742208805721964,1156.0,0.0021755608144464755,0.07645829450867313
2020-03-30,667.0,1171.0,0.57,8385.95,8576.0,8244.0,8281.1,8281.1,1,1,-2187.3119117647075,323.0607647058814,8340.34,9467.74,8770.63830384867,9639.173189270436,-868.5348854217664,32.94272481901912,25.379037574159526,11944.445149911924,6991.0348500880755,520.1780713543777,0.01250305570627065,0.039590028559674216,0.11174698795180832,0.569598633646456,-504.0,-0.043780491325308146,1028.0,-0.04170017763222611,1268.0,-0.004418209032382214,1070.0,0.08815084918366689,107.0,-0.043780491325308146,0.041477931406769496
2020-03-31,1341.0,497.0,2.7,8529.35,8678.3,8358.0,8597.75,8597.75,0,1,-1934.6927941176473,424.9331764705885,8499.68,9340.99,8744.040103256566,9562.030730805958,-817.9906275493922,37.722767730038306,41.03198278140694,11721.479657528522,6960.500342471477,511.3939234004935,0.008019368416116075,0.03755268572634483,0.7485170152981597,2.698189134808853,844.0,0.038237673738996,667.0,-0.007216881729742219,1028.0,-0.005057021680389351,1268.0,0.10212727773825314,783.0,0.038237673738996,0.04246716394225936
2020-04-01,938.0,864.0,1.09,8584.1,8588.1,8198.35,8253.8,8253.8,1,1,-1755.1264705882368,411.5600294117644,8486.87,9188.515,8668.618548909402,9465.124750746258,-796.5062018368553,34.819365224147234,28.04440584525919,11433.50961449249,6943.520385507509,503.3943574433154,0.03847811651774805,0.0454037115131464,0.14227068633739295,1.0856481481481481,74.0,-0.040004652379983185,1341.0,-0.003296663486734963,667.0,-0.046932825264859646,1028.0,-0.007700307170723342,1070.0,-0.040004652379983185,0.040291152198534706
2020-04-03,944.0,877.0,1.08,8356.55,8356.55,8055.8,8083.8,8083.8,1,1,-1702.173235294118,294.48317647058934,8375.34,9030.155,8578.646464461803,9362.804398839127,-784.1579343773246,33.44903395419915,27.38749940222848,11111.740797391092,6948.569202608908,488.9197604830785,0.03263906755778391,0.035989732604962466,0.09310058187863703,1.0763968072976056,67.0,-0.020596573699386833,938.0,-0.05977726730830735,1341.0,-0.023825337213655207,667.0,-0.06453199405192422,1268.0,-0.020596573699386833,0.03387396448252125
2020-04-07,1555.0,337.0,4.61,8446.3,8819.4,8360.95,8792.2,8792.2,0,1,-1634.6549999999988,208.13688235294285,8401.73,8906.314999999999,8611.500854544602,9320.537406332525,-709.0365517879236,43.43845457779879,67.68637396312153,10717.528178811463,7095.101821188535,506.53977759143,0.04095284325681085,0.054278204657660624,0.9406696477260356,4.614243323442136,1218.0,0.08763205423192066,944.0,0.06523056046911746,938.0,0.02261638219301565,1341.0,0.015236280707831895,1028.0,0.08763205423192066,0.05698787630527257
2020-04-08,1217.0,627.0,1.94,8688.9,9131.7,8653.9,8748.75,8748.75,1,1,-1441.7376470588224,251.93938235294218,8495.26,8794.279999999999,8632.616107691587,9278.182783641227,-645.5666759496398,43.01200125978823,76.36986301369859,10332.903044933468,7255.65695506653,504.4869363348993,0.006888098608569596,0.05498969950166317,0.19851402260360015,1.940988835725678,590.0,-0.004941880302995916,1555.0,0.08225710680620502,944.0,0.05996631854418588,938.0,0.056471966284672215,667.0,-0.004941880302995916,0.051143547023415524
2020-04-09,1522.0,322.0,4.73,8973.05,9128.35,8904.55,9111.9,9111.9,0,1,-1251.4349999999995,305.5904705882356,8598.09,8727.302500000002,8706.35209112365,9265.865540408544,-559.5134492848938,47.63886916116683,98.77823028507954,10076.506318359314,7378.0986816406885,495.56644088240654,0.015474114152935778,0.024941352160079474,0.9264968722073251,4.726708074534161,1200.0,0.041508786969566946,1217.0,0.03636177520984507,1555.0,0.12718028649892377,944.0,0.0598005292082231,1341.0,0.041508786969566946,0.05158108953602381
2020-04-13,928.0,917.0,1.01,9103.95,9112.05,8912.4,8993.85,8993.85,1,0,-1040.6592647058824,373.4727647058819,8746.1,8654.075,8750.582538643088,9245.716241119022,-495.1337024759341,46.322256498270775,91.49389115142537,9755.788065866227,7552.361934133774,474.4295522479489,0.012093651656698505,0.021930041355675244,0.4079639368895611,1.0119956379498365,11.0,-0.012955585552958171,1522.0,0.028015430775825134,1217.0,0.022935101567298277,1555.0,0.0896617315660666,938.0,-0.012955585552958171,0.045758813415995164
2020-04-15,1213.0,650.0,1.87,9196.4,9261.2,8874.1,8925.3,8925.3,0,1,-779.5186764705886,450.08244117646973,8914.4,8620.8325,8777.462148082614,9221.981704739836,-444.519556657222,45.53526399776677,80.8068110393691,9644.950043681078,7596.714956318923,468.19172708738114,0.029478926536470832,0.042092557957461654,0.1322655644536266,1.866153846153846,563.0,-0.007621874947881135,928.0,-0.020478714647878093,1522.0,0.020180025717959627,1217.0,0.10409708305499876,944.0,-0.007621874947881135,0.043316381460509076
2020-04-16,1341.0,488.0,2.75,8851.25,9053.75,8821.9,8992.8,8992.8,1,1,-616.6386764705858,409.35917647059,8954.52,8572.7125,8810.591048377595,9205.005282166514,-394.41423378891886,46.49914322512149,84.66373350094273,9415.991365426717,7729.433634573284,451.3101751525682,0.01599209151249815,0.026194040389775495,0.7371145136941961,2.747950819672131,853.0,0.007562770999294033,1213.0,-0.00011674644340309293,928.0,-0.013070819477825735,1522.0,0.022815677532358025,1555.0,0.007562770999294033,0.021906596437290544
2020-04-17,1398.0,446.0,3.13,9323.45,9324.0,9091.35,9266.75,9266.75,1,-1,-474.0960294117649,358.37349999999935,9058.119999999999,8576.18,8880.769348627196,9209.578964968994,-328.80961634179766,50.34031224739943,96.44244213142768,9430.20685344219,7722.153146557809,442.7308769273848,0.006081439810370702,0.02495320938064768,0.753922200730711,3.1345291479820627,952.0,0.030463259496486206,1341.0,0.03825641715124428,1213.0,0.030342956575882374,928.0,0.05920845835119293,1217.0,0.030463259496486206,0.023658673180865338
2020-04-20,1157.0,723.0,1.6,9390.2,9390.85,9230.8,9261.85,9261.85,0,0,-341.08426470588165,309.31511764705897,9088.109999999999,8590.92,8939.39714114609,9213.450893489808,-274.05375234371786,50.270789353078506,90.33744054529792,9480.844488032759,7700.995511967241,422.53938571828604,0.013668505463142463,0.01704436540222797,0.19400187441425104,1.6002766251728908,434.0,-0.000528772223271301,1398.0,0.029918379147762852,1341.0,0.037707415997221494,1213.0,0.016456501937027523,1522.0,-0.000528772223271301,0.016986535460596735
2020-04-21,503.0,1345.0,0.37,9016.95,9044.4,8909.4,8981.45,8981.45,1,1,-267.72205882352864,228.0898823529413,9085.630000000001,8616.552500000002,8945.866811738999,9196.265642120192,-250.39883038119297,46.32784497810664,69.33448185461222,9520.354232392325,7712.750767607679,417.5330010241228,0.003937029705166381,0.014971803104153842,0.5337037037037118,0.37397769516728624,-842.0,-0.030274729130789213,1157.0,-0.03078749291822902,1398.0,-0.0012621208077571167,1341.0,-0.0013787199030448338,928.0,-0.030274729130789213,0.02213653987557303
2020-04-22,960.0,868.0,1.11,9026.75,9209.75,8946.25,9187.3,9187.3,1,1,-191.46749999999884,186.73420588235314,9138.03,8662.744999999999,8983.010379163768,9195.60152048166,-212.59114131789102,49.46172866620592,84.75338002322003,9583.905599407266,7741.584400592732,406.530643808114,0.01778602487052364,0.029191015592544382,0.91480075901328,1.1059907834101383,92.0,0.022919461779556505,503.0,-0.008049147848432137,1157.0,-0.008573663905900197,1398.0,0.02935475558244538,1213.0,0.022919461779556505,0.023694083192168848
2020-04-23,1193.0,650.0,1.84,9232.35,9343.6,9170.15,9313.9,9313.9,0,1,-68.15602941176621,200.3491470588218,9202.25,8691.1675,9033.916474677035,9204.36437081635,-170.44789613931607,51.34339727982446,94.23617092992767,9654.878057831214,7727.456942168785,389.8820263932488,0.00883307066998102,0.018787199358776555,0.8287690977226831,1.8353846153846154,543.0,0.013779891807168543,960.0,0.037015181290326105,503.0,0.005619827572245217,1157.0,0.035706342852059425,1341.0,0.013779891807168543,0.02395641432107624
2020-04-24,541.0,1328.0,0.41,9163.9,9296.9,9141.3,9154.4,9154.4,1,1,-6.590882352942572,168.413264705881,9179.78,8768.375,9052.4524016498,9200.663306311437,-148.21090466163696,48.87442570187108,82.2890528444627,9613.439724444428,7923.310275555572,374.3618816508739,0.0010366765241873002,0.016979670227741505,0.08419023136247,0.40737951807228917,-787.0,-0.017124942290554945,1193.0,-0.003581030335354174,960.0,0.019256356156299725,503.0,-0.012123991690722202,1398.0,-0.017124942290554945,0.021794902650836608
2020-04-27,1085.0,762.0,1.42,9259.7,9377.1,9250.35,9282.3,9282.3,1,-1,50.86191176470675,147.47682352941266,9183.869999999999,8842.4375,9087.813570626753,9206.710468806887,-118.89689818013358,50.91284666314969,91.86921838133395,9589.346880631496,8095.528119368504,363.5288901043829,0.0024406838234498464,0.01368834843461451,0.25207100591715115,1.4238845144356955,323.0,0.013971423577733066,541.0,-0.0033927785353075057,1193.0,0.010340361150718902,960.0,0.002207982206578585,1157.0,0.013971423577733066,0.023011250884682616
2020-04-28,986.0,830.0,1.19,9389.8,9404.4,9260.0,9380.9,9380.9,1,-1,177.42705882352857,185.01214705882302,9263.759999999998,8895.59,9132.90379053033,9219.613397043413,-86.70960651308269,52.48563983928943,97.74785567109109,9636.888073382304,8154.291926617697,347.8768265254984,0.0009478370146328609,0.015378389316066332,0.8372576177285315,1.1879518072289157,156.0,0.010622367301207802,1085.0,0.02474220047190423,541.0,0.0071935494261266,1193.0,0.044475001252581636,503.0,0.010622367301207802,0.015217753958210858
2020-04-29,1144.0,696.0,1.64,9408.6,9599.85,9392.35,9553.35,9553.35,1,-1,314.60441176470704,220.97511764706033,9336.97,8941.185000000001,9197.587822756434,9244.334626892049,-46.74680413561509,55.18991279648909,95.08430678154237,9725.289223365944,8157.080776634059,338.66776748796286,0.015384860659396721,0.022054290755266458,0.7759036144578313,1.6436781609195403,448.0,0.01838309757059564,986.0,0.029200736886332068,1085.0,0.04358013632788604,541.0,0.039843044202322986,960.0,0.01838309757059564,0.01427398149358928
2020-04-30,1095.0,732.0,1.5,9753.5,9889.05,9731.5,9859.9,9859.9,0,-1,458.2542647058817,259.34291176470543,9446.17,9001.1675,9299.482003870828,9289.932061937083,9.549941933744776,59.592522484874124,97.26842524481098,9869.182699910287,8133.152300089711,338.45578409596544,0.010908904495821976,0.016153175783052164,0.814979371628056,1.4959016393442623,363.0,0.032088220362490594,1144.0,0.05106119881887672,986.0,0.062225956928778414,1085.0,0.05862205950246402,1193.0,0.032088220362490594,0.018010265096186487
2020-05-04,412.0,1439.0,0.29,9533.5,9533.5,9266.95,9293.5,9293.5,1,-1,527.5020588235311,221.7721176470601,9473.99,9051.7875,9298.561695583008,9290.196353645446,8.365341937562334,49.84747109516544,44.1924752846367,9862.091805107217,8241.483194892784,356.633942374825,0.025174385063198197,0.02795930141081442,0.09960607765897335,0.2863099374565671,-1027.0,-0.05744480167141652,1095.0,-0.02719988276363794,1144.0,-0.009316803291794962,986.0,0.015194878965306247,541.0,-0.05744480167141652,0.03504795900089793
2020-05-05,597.0,1217.0,0.49,9429.4,9450.9,9190.75,9205.6,9205.6,1,0,561.8257352941164,153.90302941176344,9458.65,9082.18,9284.259896262545,9283.929957079117,0.3299391834279959,48.521372676881555,35.955582626622395,9867.291391714758,8297.068608285243,349.7422322051946,0.023734277896790813,0.027589242157507333,0.05708245243129112,0.4905505341002465,-620.0,-0.009458223489535622,412.0,-0.06635969938843189,1095.0,-0.03640084368310592,1144.0,-0.008263038255604593,1085.0,-0.009458223489535622,0.03486775155488684
2020-05-06,821.0,981.0,0.84,9226.8,9346.9,9116.5,9270.9,9270.9,0,1,557.6867647058825,73.71211764705879,9436.65,9133.035,9282.20452760677,9282.964775073257,-0.7602474664872716,49.59418138167926,42.0746849084009,9822.915668014602,8443.154331985397,341.2177870476807,0.004779555208739798,0.02497073741708931,0.6701388888888884,0.836901121304791,-160.0,0.007093508299296003,597.0,-0.002431807177059264,412.0,-0.0597369141674865,1095.0,-0.011725953799742062,986.0,0.007093508299296003,0.03460430920100288
2020-05-07,794.0,995.0,0.8,9234.05,9277.85,9175.9,9199.05,9199.05,1,-1,507.67705882352857,-14.912117647059517,9365.789999999999,9188.797499999999,9269.411523359573,9276.748865808571,-7.337342448998243,48.39901027342063,29.566681978257513,9682.953638761082,8694.641361238915,324.1272308299893,0.003790319523935868,0.011040659299007558,0.2270720941638006,0.7979899497487437,-201.0,-0.0077500566288063455,821.0,-0.0007115234205267162,597.0,-0.010163017162532983,412.0,-0.03708646705082519,1144.0,-0.0077500566288063455,0.03270227429351883
2020-05-08,724.0,1084.0,0.67,9376.95,9382.65,9238.2,9251.5,9251.5,1,-1,409.86073529411806,-103.04973529411723,9244.11,9211.7625,9266.655904381178,9274.878579452381,-8.222675071203412,49.35843277739045,34.920634920634974,9671.554985666373,8751.970014333629,314.08957148499013,0.013378550594809689,0.015404795802472967,0.09207338179300362,0.6678966789667896,-360.0,0.005701675716514254,794.0,-0.0020925692219740943,821.0,0.004986095420179026,597.0,-0.061704479761457987,1095.0,0.005701675716514254,0.02630101552679151
2020-05-11,859.0,968.0,0.89,9348.15,9439.9,9219.95,9239.2,9239.2,0,-1,390.79411764705947,-94.77476470588152,9233.25,9236.285,9262.431919091765,9272.235721715168,-9.80380262340259,49.12774583693077,33.665084468943114,9644.057198782919,8828.51280121708,307.3653163789194,0.01165471242973197,0.023528719586228174,0.08751989088429232,0.887396694214876,-109.0,-0.0013295141328432125,724.0,0.004364581125225087,794.0,-0.00341930125446277,821.0,-0.005842793350190889,412.0,-0.0013295141328432125,0.007541890158682416
2020-05-12,684.0,1103.0,0.62,9168.85,9240.85,9043.95,9196.55,9196.55,1,-1,344.07676470588194,-97.94232352941219,9231.439999999999,9240.517499999998,9252.296239231493,9266.629371958488,-14.333132726995245,48.28504601030188,26.548578701739444,9644.779739487258,8836.255260512738,299.474936637568,0.0030210986110579745,0.02147488507282807,0.7750126968004003,0.6201269265639165,-419.0,-0.004616200536843196,859.0,-0.005939577365832616,724.0,-0.0002717671933515353,794.0,-0.0009830972451552178,597.0,-0.004616200536843196,0.006438265439021822
2020-05-13,1331.0,472.0,2.82,9584.2,9584.5,9351.1,9383.55,9383.55,0,-1,354.1261764705887,-47.180794117646656,9253.97,9260.0025,9272.48912550357,9275.290159220824,-2.8010337172527215,52.159817942233786,40.18459353922602,9652.21670866059,8867.788291339411,305.79458402059896,0.020935498007136896,0.02435258028839127,0.13903170522707353,2.819915254237288,859.0,0.02033371209855872,684.0,0.015623647069010094,859.0,0.01427336107658217,724.0,0.01215092385852512,821.0,0.02033371209855872,0.011165303617721256
2020-05-14,703.0,1086.0,0.65,9213.95,9281.1,9119.75,9142.75,9142.75,1,0,329.13544117647325,-36.46320588235102,9242.710000000001,9270.875,9252.529260041483,9265.47236964891,-12.943109607427687,47.250348328468206,11.690924150987982,9636.530052611406,8905.219947388594,302.7949708762704,0.007727413324361509,0.017511490728732017,0.14254725751471922,0.647329650092081,-383.0,-0.025661929653489235,1331.0,-0.005850019844398147,684.0,-0.01043921551649496,859.0,-0.0061201971942753675,794.0,-0.025661929653489235,0.016743435235424032
2020-05-15,837.0,945.0,0.89,9182.4,9182.4,9050.0,9136.85,9136.85,1,-1,253.67941176470595,-80.68297058823589,9219.78,9278.077500000001,9234.732450804331,9255.944786711954,-21.212335907623128,47.133288881746886,10.992781919299468,9626.823127177244,8929.331872822759,290.62390152796536,0.004960576755532244,0.01441888830806757,0.6559667673716058,0.8857142857142857,-108.0,-0.0006453200623444122,703.0,-0.026290689557789793,1331.0,-0.006491564771571867,684.0,-0.012392584986218425,724.0,-0.0006453200623444122,0.016333050231358375
2020-05-18,390.0,1462.0,0.27,9158.3,9158.3,8806.75,8823.25,8823.25,1,1,148.65529411764692,-137.2793235294124,9136.59,9255.9025,9171.427458372895,9223.893321029587,-52.46586265669248,41.279410859265454,1.524531091194679,9657.156208363242,8854.648791636759,294.9757657045392,0.03658430057980185,0.0383859449897906,0.04693500213340929,0.2667578659370725,-1072.0,-0.03432255098857928,837.0,-0.03494572202017987,703.0,-0.05971087701349698,1331.0,-0.04502013161312679,859.0,-0.03432255098857928,0.021612120382918782
2020-05-19,788.0,982.0,0.8,8961.7,9030.35,8855.3,8879.1,8879.1,1,1,82.35573529411522,-151.23467647059078,9073.1,9236.765,9126.454003238603,9198.353075027397,-71.89907178879366,42.645611191277595,6.6848378453294295,9670.272223815538,8803.25777618446,288.69892529707215,0.009217001238604323,0.019533124295613675,0.13596115395601796,0.8024439918533605,-194.0,0.0063298671124585315,390.0,-0.028209941062838917,837.0,-0.028837056684257956,703.0,-0.03451837917479916,684.0,0.0063298671124585315,0.02269237097984637
2020-05-20,1056.0,707.0,1.49,8889.15,9093.8,8875.35,9066.55,9066.55,1,1,-27.748088235292016,-184.9636470588219,9009.7,9241.02,9117.238002740356,9188.589884284627,-71.35188154427124,47.09469092451367,24.00443499953797,9666.006555552356,8816.033444447645,283.6811449187098,0.019956913765658092,0.024574903112220957,0.8752574959945061,1.4936350777934937,349.0,0.02111137390050777,788.0,0.02757487320431795,390.0,-0.007694117775819964,837.0,-0.033782523671744724,1331.0,0.02111137390050777,0.022926239359285477
2020-05-21,1049.0,721.0,1.45,9079.45,9178.55,9056.1,9106.25,9106.25,0,1,-54.26294117647012,-134.79882352941132,9002.4,9236.9675,9115.5475407803,9182.490633596877,-66.94309281657661,48.01445382801268,38.50851816136291,9665.457061454252,8808.47793854575,272.1646345673733,0.0029517206438715196,0.013486499732913215,0.4095549203756642,1.4549237170596394,328.0,0.004378732814576791,1056.0,0.025582547780743425,788.0,0.03207434902105244,390.0,-0.003992234283995533,703.0,0.004378732814576791,0.020502455460569675
2020-05-22,667.0,1103.0,0.6,9067.9,9149.6,8968.55,9039.25,9039.25,1,1,-84.77838235293893,-97.62270588235114,8982.880000000001,9223.235,9103.809457583331,9171.880216293406,-68.0707587100751,46.5438098715157,29.893924783027966,9658.532252576051,8787.93774742395,265.6564463839896,0.003159496686112511,0.019966034032135455,0.3904998619165993,0.6047144152311876,-436.0,-0.0073575840768702605,1049.0,-0.003011068157126928,1056.0,0.018036737957675797,788.0,-0.010682018419915007,837.0,-0.0073575840768702605,0.020722316596933694
2020-05-26,904.0,892.0,1.01,9099.75,9161.65,8996.65,9029.05,9029.05,1,1,-81.95338235294184,-48.675970588236304,9024.039999999999,9216.9675,9092.308002570511,9161.300200271671,-68.99219770115997,46.31125142450018,28.582449373191807,9659.59655832679,8774.338441673211,258.46670021370466,0.007769444215500506,0.01813236627379873,0.19636363636363416,1.0134529147982063,12.0,-0.0011284122023398346,667.0,-0.008477693891558058,1049.0,-0.004136082633416249,1056.0,0.023324738616722795,390.0,-0.0011284122023398346,0.01062359499641318
2020-05-27,1064.0,715.0,1.49,9082.2,9334.0,9004.25,9314.95,9314.95,1,1,-59.51397058823568,2.137382352940037,9111.21,9218.6,9126.560617559664,9172.681666918214,-46.1210493585495,53.34753665360712,65.34233365477348,9662.420087423114,8774.779912576887,263.5583644841543,0.02562705071458457,0.0363072823765167,0.9422289613343464,1.4881118881118882,349.0,0.03166446082367491,904.0,0.030500318057361087,667.0,0.022918325326012345,1049.0,0.04908718225946318,788.0,0.03166446082367491,0.016195546302455916
2020-05-28,1264.0,537.0,2.35,9364.95,9511.25,9336.5,9490.1,9490.1,0,1,-7.468676470587525,50.12679411764729,9195.92,9224.060000000001,9182.489753319716,9196.194136035383,-13.704382715666725,57.060320163732754,87.86242365798782,9678.29695974707,8769.823040252933,258.75419559242897,0.013363659175969933,0.018660003523777488,0.8789699570815471,2.3538175046554937,727.0,0.018803106833638283,1064.0,0.05106295789701032,904.0,0.04987692562989188,667.0,0.0467156746502253,1056.0,0.018803106833638283,0.01581865989497651
2020-05-29,1163.0,632.0,1.84,9422.2,9598.85,9376.9,9580.3,9580.3,1,1,40.2383823529417,78.93358823529415,9290.73,9225.4075,9243.691329732068,9224.646422254984,19.044907477084053,58.87544835354007,97.65812397424554,9683.68575529394,8767.129244706059,256.1253244786841,0.016779520706416605,0.02355606970771165,0.9164226177066861,1.8401898734177216,531.0,0.009504641679223491,1264.0,0.028486465305771702,1064.0,0.061052934694126204,904.0,0.05205765271105012,1049.0,0.009504641679223491,0.015586648532088375
2020-06-01,1506.0,349.0,4.32,9726.85,9931.6,9706.95,9826.15,9826.15,1,1,165.02911764706005,153.7628235294127,9448.11,9223.72,9333.300355927135,9269.20224282869,64.09811309844554,63.41487870756144,90.62541672222957,9672.796532898634,8774.643467101365,262.9235155873496,0.010208854870795711,0.023095863511825476,0.5306031604718411,4.315186246418338,1157.0,0.02566203563562741,1163.0,0.035410585768326897,1264.0,0.05487952162920884,1064.0,0.08705368255109658,667.0,0.02566203563562741,0.013020170428415977
2020-06-02,1382.0,459.0,3.01,9880.85,9995.6,9824.05,9979.1,9979.1,1,1,304.88838235294133,216.25373529411735,9638.119999999999,9258.0,9432.654147322959,9321.787261878417,110.86688544454228,65.93419550818037,98.61210413424737,9814.879877532177,8701.120122467823,256.39683590253895,0.00994347652276879,0.017361866641027957,0.9038181288254159,3.0108932461873636,923.0,0.015565608096762329,1506.0,0.04162708892205891,1163.0,0.05152738116563582,1264.0,0.10522147955765027,904.0,0.015565608096762329,0.008646954600514515
2020-06-03,1279.0,586.0,2.18,10108.3,10176.2,10035.55,10061.55,10061.55,0,1,460.07220588235396,267.52032352941205,9787.439999999999,9300.797499999999,9529.407355427118,9376.584501739275,152.82285368784324,67.24367678573338,91.62802584979362,9957.59127469282,8644.003725307177,252.1613476237862,0.004624912200864637,0.013914308043884873,0.18485602559544778,2.18259385665529,693.0,0.00826226814041342,1382.0,0.023956483465039646,1506.0,0.0502332912330512,1163.0,0.08015072544672797,1064.0,0.00826226814041342,0.007115004409016407
2020-06-04,943.0,889.0,1.06,10054.25,10123.85,9944.25,10029.1,10029.1,1,-1,553.6836764705895,248.9013235294122,9895.24,9338.7075,9606.28314689987,9424.91898309192,181.3641638079498,66.16566856313963,89.25846142611995,10067.772328581957,8609.642671418043,246.97839422208722,0.0025014297436407127,0.017863092721983276,0.4724387527839654,1.0607424071991,54.0,-0.0032251492066330822,1279.0,0.005010471886242263,1382.0,0.020654071024765575,1506.0,0.05679602954658014,1264.0,-0.0032251492066330822,0.010580498710573313
2020-06-05,1588.0,312.0,5.09,10093.8,10177.8,10040.75,10142.15,10142.15,1,-1,643.5092647058827,218.07273529411725,10007.609999999999,9385.8625,9688.724201222967,9478.047206566593,210.67699465637452,68.08523363878251,97.39980307063932,10190.750240542262,8580.974759457737,239.9585089205095,0.004790069151360278,0.013577641720660135,0.7398759576796802,5.089743589743589,1276.0,0.011272197904099057,943.0,0.008010694177338573,1279.0,0.01633914882103582,1382.0,0.05864638894397878,1163.0,0.011272197904099057,0.010541074066142127
2020-06-08,1301.0,607.0,2.14,10326.75,10328.5,10120.25,10167.45,10167.45,1,-1,694.62632352941,163.27035294117445,10075.869999999999,9431.66,9762.37432411174,9529.114080154251,233.26024395748937,68.51573393268384,89.06801520499599,10302.303313073857,8561.016686926143,237.6936154261874,0.015425956859612101,0.020166073546856466,0.22665066026410913,2.14332784184514,694.0,0.002494540112303767,1588.0,0.013794856966228286,943.0,0.010525217287594923,1279.0,0.03473384794655088,1506.0,0.002494540112303767,0.007382207801355183
2020-06-09,773.0,1135.0,0.68,10181.15,10291.15,10021.45,10046.65,10046.65,1,-1,719.054411764706,104.8652352941175,10089.38,9472.0325,9806.109043479166,9567.4500742169,238.6589692622656,64.07168315701163,80.60420465884455,10377.424345156125,8566.640654843874,239.9797857528882,0.013210688379996366,0.026490131272007476,0.09343715239154249,0.681057268722467,-362.0,-0.01188105178781318,1301.0,-0.009416149435770516,1588.0,0.00174990776839401,943.0,0.0067691475183131455,1382.0,-0.01188105178781318,0.009267229676549478
2020-06-10,1155.0,740.0,1.56,10072.6,10148.75,10036.85,10116.15,10116.15,0,-1,683.6188235294103,24.72032352941062,10100.3,9518.0125,9853.807652174679,9608.094513163796,245.71313901088251,65.4597695059629,84.38545534762305,10455.603616038974,8580.421383961027,230.8312296276819,0.00432361058713731,0.01110934614697294,0.7086684539767608,1.5608108108108107,415.0,0.006917728795170497,773.0,-0.005045512886712067,1301.0,-0.0025635590086914295,1588.0,0.005426599281422861,1279.0,0.006917728795170497,0.009034347191815237
2020-06-11,662.0,1199.0,0.55,10094.1,10112.05,9885.05,9902.0,9902.0,0,1,649.4438235294128,-28.606705882351548,10074.88,9543.935,9861.221859532421,9629.865289966478,231.35656956594357,58.021278185263554,68.63855288797384,10493.809962350415,8594.060037649584,230.85042751141893,0.01903091905172332,0.02248838430370216,0.07466960352423228,0.5521267723102585,-537.0,-0.021169120663493524,1155.0,-0.014397834103905272,773.0,-0.02610782447909754,1301.0,-0.012673121217257832,943.0,-0.021169120663493524,0.01360008339773272
2020-06-12,952.0,910.0,1.05,9544.95,9996.05,9544.35,9972.9,9972.9,0,1,566.5310294117644,-96.12385294117632,10041.03,9585.4425,9878.403111912048,9655.27526848748,223.1278434245687,59.65584924951669,73.30029657994517,10534.116979089215,8636.768020910784,246.62539697488893,0.04483522700485585,0.047323453763508334,0.9487491698029673,1.0461538461538462,42.0,0.007160169662694393,662.0,-0.014160525496359821,1155.0,-0.007340755376170183,773.0,-0.016687783162347203,1588.0,0.007160169662694393,0.012652407380936646
2020-06-15,923.0,973.0,0.95,9919.35,9943.35,9726.35,9813.7,9813.7,1,1,470.5157352941169,-147.31702941176513,9970.279999999999,9619.285,9868.448787002504,9667.010433784704,201.4383532177999,54.522164497901905,61.12516518784223,10549.647971694481,8688.922028305518,246.62001147668252,0.010650899504503786,0.021876433435658586,0.40253456221198325,0.9486125385405961,-50.0,-0.01596326043578089,952.0,-0.008917390426176453,662.0,-0.02989773777573468,1155.0,-0.03479240124121585,1301.0,-0.01596326043578089,0.01322064137156208
2020-06-16,847.0,1036.0,0.82,10014.8,10046.15,9728.5,9914.0,9914.0,0,1,399.8501470588217,-154.1417647058836,9943.75,9673.822499999998,9875.456665925196,9685.30595720806,190.15070871713579,57.031009695914314,58.215725806451616,10536.55939238097,8811.085607619027,251.69358208549087,0.010065103646602956,0.03171805727523262,0.583976074295609,0.8175675675675675,-189.0,0.010220406166889129,923.0,-0.005906005274293302,952.0,0.0012118763886084238,662.0,-0.013203406110494531,773.0,0.010220406166889129,0.014778314798325582
2020-06-17,1027.0,838.0,1.23,9876.7,10003.6,9833.8,9881.15,9881.15,0,1,347.7801470588238,-139.04402941176414,9896.75,9723.925,9876.332563475165,9699.812923340796,176.51964013436918,55.94249318597769,52.9897015552753,10509.134571706922,8938.715428293077,245.8440405079559,0.000450555347433749,0.017191977077364005,0.2788574793875151,1.2255369928400954,189.0,-0.0033134960661690416,847.0,0.006873044825091323,923.0,-0.009199931815219275,952.0,-0.02323018144254485,1155.0,-0.0033134960661690416,0.013813577706902957
2020-06-18,1407.0,455.0,3.09,9863.25,10111.2,9845.05,10091.65,10091.65,1,1,329.51794117647114,-93.32105882352846,9934.68,9775.179999999998,9909.458322940525,9728.837891982219,180.62043095830632,61.0700367971598,69.79531977300256,10514.545760906032,9035.814239093965,247.29446618595915,0.02315666742706508,0.026984006285960656,0.9265451812887433,3.0923076923076924,952.0,0.021303188394063532,1027.0,0.01791910429695376,847.0,0.028322650987904652,923.0,0.019152696424964644,662.0,0.021303188394063532,0.014142392988341844
2020-06-19,1295.0,584.0,2.22,10119.0,10272.4,10072.65,10244.4,10244.4,1,1,399.328529411765,9.930029411765304,9988.98,9832.0875,9960.987811718907,9767.027677761314,193.96013395759292,64.3155422945551,89.2750111585793,10530.834869852042,9133.340130147957,243.89843288696207,0.012392528906018345,0.0197400928945548,0.8598247809762203,2.2174657534246576,711.0,0.015136276030183415,1407.0,0.03676191536410234,1027.0,0.03332660883598937,847.0,0.027223776434136537,952.0,0.015136276030183415,0.015026870453523111
2020-06-22,1376.0,561.0,2.45,10318.75,10393.65,10277.6,10311.2,10311.2,1,0,471.9717647058824,82.28205882352961,10088.48,9895.685,10014.866609915998,9807.336738667884,207.52987124811443,65.66367335442996,90.29200518073719,10521.99228568342,9269.377714316579,237.13783053789334,0.0007316777710477792,0.011246517262265223,0.2895303748384367,2.4527629233511585,815.0,0.006520635664363006,1295.0,0.02175560983585445,1407.0,0.04352226208487897,1027.0,0.05069443736816903,923.0,0.006520635664363006,0.009267464521572046
2020-06-23,1388.0,512.0,2.71,10347.95,10484.7,10301.75,10471.0,10471.0,1,-1,541.6105882352931,123.56879411764601,10199.88,9967.7825,10085.04097762123,9856.496980248041,228.54399737318818,68.70915061700269,98.54309565587275,10503.930654221496,9431.634345778502,233.26727121375816,0.011891244159471128,0.017679830304553144,0.9251161519540821,2.7109375,876.0,0.015497711226627242,1376.0,0.02211940181953076,1295.0,0.037590483221277005,1407.0,0.05618317530764583,847.0,0.015497711226627242,0.009597272866144792
2020-06-24,775.0,1121.0,0.69,10529.25,10553.15,10281.95,10305.3,10305.3,0,1,606.5026470588236,136.71635294117658,10284.710000000001,10017.3,10118.926981064116,9889.741648377816,229.18533268630017,62.5171483539337,75.43120539254554,10481.188424085047,9553.411575914952,235.9767518413468,0.021269321176722058,0.02575682028634508,0.08609882005899203,0.6913470115967886,-346.0,-0.015824658580842366,1388.0,-0.0005721933431609427,1376.0,0.005944711256881785,1295.0,0.04292516559307358,1027.0,-0.015824658580842366,0.014599084794359037
2020-06-25,1034.0,850.0,1.22,10235.55,10361.8,10194.5,10288.9,10288.9,1,1,635.5877941176477,104.58752941176533,10324.16,10057.24,10145.076676285022,9919.308933683164,225.76774260185812,61.92234969965973,73.80551149881045,10467.089972063071,9647.390027936928,231.07126956696484,0.005212226016188711,0.016344993674008653,0.5642558278541545,1.2164705882352942,184.0,-0.0015914141267114879,775.0,-0.017390889122337883,1388.0,-0.0021626968733029495,1376.0,0.01954586217318277,1407.0,-0.0015914141267114879,0.01310376796964335
2020-06-26,1116.0,770.0,1.45,10378.9,10409.85,10311.25,10383.0,10383.0,0,1,642.3067647058833,62.710852941177336,10351.88,10097.375,10181.680264548864,9953.656420077004,228.02384447185977,64.03662583380437,83.13342585249805,10467.865606493731,9726.884393506269,223.205464597896,0.0003950322288489497,0.009500043357195885,0.7276876267748452,1.4493506493506494,346.0,0.009145778460282417,1034.0,0.0075398096125296465,775.0,-0.008404163881195692,1388.0,0.01352934286048968,1295.0,0.009145778460282417,0.012057089555525934
2020-06-29,713.0,1210.0,0.59,10311.95,10337.95,10223.6,10312.4,10312.4,1,1,603.3705882352915,-2.505088235296398,10352.119999999999,10121.6875,10201.790993079807,9980.230018589818,221.56097448998844,61.28708427825022,76.13501189532116,10481.456104626763,9761.918895373237,218.64793141233196,4.36386910331129e-05,0.01108907626588573,0.7765631832094358,0.5892561983471074,-497.0,-0.006799576230376636,1116.0,0.0022840148120790715,1034.0,0.000688965871930014,775.0,0.00011637830708344232,1376.0,-0.006799576230376636,0.012479727184546402
2020-06-30,801.0,1080.0,0.74,10382.6,10401.05,10267.35,10302.1,10302.1,1,1,556.512647058822,-52.34344117647163,10318.34,10137.8375,10217.223147990606,10004.072239435018,213.1509085555881,60.87640945026023,75.1139968279144,10499.546849996768,9776.128150003231,212.58022202573673,0.007753356577350567,0.012877313967599533,0.2599102468212437,0.7416666666666667,-279.0,-0.0009987975640974867,713.0,-0.007791582394298335,1116.0,0.0012829359795507589,1034.0,-0.016130264540158534,1388.0,-0.0009987975640974867,0.009113027717601314
2020-07-01,1054.0,864.0,1.22,10323.8,10447.05,10299.6,10430.05,10430.05,1,1,521.0345588235268,-70.72791176470741,10343.289999999999,10156.2625,10249.965740607435,10035.626147625017,214.33959298241825,64.09504129625847,87.79738302934174,10537.562124803228,9774.962875196774,207.92806330961258,0.010291753036672544,0.01428253162595158,0.8847066802305857,1.2199074074074074,190.0,0.01241979790528136,801.0,0.01140859547728934,713.0,0.00453144563228336,1116.0,0.01210542148214988,775.0,0.01241979790528136,0.00803136213872832
2020-07-02,1137.0,748.0,1.52,10493.05,10598.2,10485.55,10551.7,10551.7,1,1,534.325147058822,-37.18479411764713,10395.85,10182.3925,10296.386395898598,10073.853840393534,222.532555505064,66.88450287704322,94.66651373516086,10595.549128017845,9769.235871982155,205.0867730732118,0.005589413945421156,0.010735677424581171,0.5872170439414168,1.5200534759358288,389.0,0.011663414844607756,1054.0,0.02422807000514471,801.0,0.023205073503743234,713.0,0.025542089047420058,1034.0,0.011663414844607756,0.008541376682772673
2020-07-03,892.0,1002.0,0.89,10614.95,10631.3,10562.65,10607.35,10607.35,1,1,538.0579411764702,-12.602235294116326,10440.720000000001,10205.6525,10344.226950375736,10113.37207443846,230.85487593727703,68.10524237756573,97.34714222419151,10657.679238672694,9753.625761327306,196.12343213941085,0.0007159713423049909,0.006467293769636186,0.6511289147851561,0.8902195608782435,-110.0,0.005274031672621415,1137.0,0.01699895973653054,1054.0,0.029629881286339588,801.0,0.02160743523066544,1116.0,0.005274031672621415,0.008251922334594696
2020-07-06,1160.0,771.0,1.5,10723.85,10811.4,10695.1,10763.65,10763.65,1,0,580.4727941176461,34.39217647058865,10530.970000000001,10235.4625,10408.753573394853,10161.540809665239,247.21276372961438,71.30473061290787,95.115589198036,10748.057841253765,9722.867158746234,196.68961555802431,0.003711353664961676,0.01084498570942332,0.5894239036973319,1.5045395590142672,389.0,0.014735065779860168,892.0,0.020086810656102738,1137.0,0.03198450630629779,1054.0,0.043758000077576575,713.0,0.014735065779860168,0.0064189490911502394
2020-07-07,920.0,1004.0,0.92,10802.85,10813.8,10689.7,10799.65,10799.65,1,-1,610.7791176470582,53.845205882353525,10630.48,10273.1125,10468.89148518026,10208.808157097445,260.08332808281557,72.00139844473402,98.53935483870971,10833.126222041752,9713.098777958247,191.50464301816532,0.00029621812762379624,0.011487709261907602,0.8859790491539097,0.9163346613545816,-84.0,0.003344590357360122,1160.0,0.018128938896142754,892.0,0.0234985831666934,1137.0,0.04829597848982248,801.0,0.003344590357360122,0.004908120240526351
2020-07-08,812.0,1107.0,0.73,10818.65,10847.85,10676.55,10705.75,10705.75,1,-1,636.2710294117642,56.28982352941205,10685.619999999999,10302.5925,10505.331256690988,10245.618663979116,259.7125927118723,67.40462674863112,81.6692466460268,10887.952802100384,9717.232197899617,190.06145423115362,0.010435682825491132,0.015833768538588557,0.1704611792177498,0.7335140018066847,-295.0,-0.008694726217979287,920.0,-0.005379216158087563,1160.0,0.009276586517839025,892.0,0.026433238575078732,1054.0,-0.008694726217979287,0.009071712460577011
2020-07-09,1019.0,858.0,1.19,10755.55,10836.85,10733.0,10813.45,10813.45,0,-1,635.8339705882336,35.550999999999135,10737.97,10348.165,10552.73414027699,10287.680244425108,265.05389585188277,69.78715683535434,94.73482819315839,10943.513199879737,9752.816800120265,185.84992178607123,0.005383267243423299,0.009655480193946415,0.7746750120365955,1.1876456876456876,161.0,0.01006001447820104,812.0,0.0012778191885849388,920.0,0.004626683327681791,1160.0,0.024806429295753274,1137.0,0.01006001447820104,0.008813632310176164
2020-07-10,618.0,1268.0,0.49,10764.1,10819.4,10713.0,10768.05,10768.05,1,1,619.4694117647068,2.9041470588250604,10770.109999999999,10387.9225,10585.859657157454,10323.263189282507,262.59646787494785,67.54582690443448,87.78602586668691,10983.919783949379,9791.925216050622,180.1749273727804,0.00036696054477373014,0.009884709357958365,0.5173872180451077,0.48738170347003157,-650.0,-0.004198475047279215,1019.0,0.005819302711159713,812.0,-0.002926020750672498,920.0,0.015149872494072403,892.0,-0.004198475047279215,0.009698541523034794
2020-07-13,777.0,1134.0,0.69,10851.85,10894.05,10756.05,10802.7,10802.7,0,1,582.4794117647052,-34.48717647058834,10777.92,10437.372500000001,10619.219709902462,10358.777027113432,260.4426827890293,68.38050175671354,86.94160531770443,10997.63434188737,9877.110658112633,177.16243256043893,0.0045291816602698745,0.012716725719577767,0.3380434782608801,0.6851851851851852,-357.0,0.0032178528145765384,618.0,-0.0009941323074504904,1019.0,0.009055881185344283,812.0,0.003627951484858949,1160.0,0.0032178528145765384,0.007300492085946172
2020-07-14,459.0,1427.0,0.32,10750.85,10755.65,10562.9,10607.35,10607.35,1,1,520.1564705882374,-78.68558823529202,10739.460000000001,10472.039999999999,10617.393600686697,10377.189839919845,240.2037607668517,59.1450150523665,59.01651061396623,10982.021082590345,9962.058917409653,181.63654452040765,0.013347781803299274,0.01792881493091244,0.2306095979247768,0.32165381920112124,-968.0,-0.018083442102437397,777.0,-0.014923779142927307,618.0,-0.01905959707586391,1019.0,-0.01780613260614916,920.0,-0.018083442102437397,0.01082988305717474
2020-07-15,745.0,1137.0,0.66,10701.0,10827.45,10577.75,10618.2,10618.2,1,1,470.62691176470435,-95.08632352941311,10721.95,10508.8925,10617.517662119513,10395.042444370227,222.47521774928646,59.4724154710756,58.85599224401536,10943.73802231225,10074.046977687749,186.49821991180715,0.007737594617325416,0.023334267825436943,0.16199439327192874,0.6552330694810906,-392.0,0.0010228756475463285,459.0,-0.017079063567441488,777.0,-0.01391616866563572,618.0,-0.008177848352520778,812.0,0.0010228756475463285,0.010541619719840663
2020-07-16,758.0,1115.0,0.68,10706.2,10755.3,10595.2,10739.95,10739.95,1,1,413.769117647058,-107.53114705882433,10707.25,10541.3075,10636.35340640882,10420.591152194655,215.7622542141653,63.050620639481664,77.01543739279606,10942.240103157948,10140.374896842053,184.6126327752494,0.0031523789953484893,0.014953951915712254,0.9041224234853299,0.6798206278026906,-357.0,0.011466161873010527,745.0,0.012500765978307626,459.0,-0.0058087330019347405,777.0,-0.0067970906602425885,1019.0,0.011466161873010527,0.010941498924930685
2020-07-17,1233.0,625.0,1.97,10752.0,10933.45,10749.65,10901.7,10901.7,1,1,398.77220588235105,-78.38861764706019,10733.980000000001,10574.172499999999,10677.175959269001,10456.22884462468,220.94711464432112,67.19461927371252,95.2334484311665,10980.09399176288,10168.251008237117,185.24744471987447,0.01392299107142864,0.01709449404761915,0.8272578890097942,1.9728,608.0,0.015060591529755696,758.0,0.02669944058314977,745.0,0.027749626438271502,459.0,0.012411717999080807,618.0,0.015060591529755696,0.012889230407436733
2020-07-20,1140.0,784.0,1.45,10999.45,11037.9,10953.0,11022.2,11022.2,1,1,400.92205882352937,-39.92729411764668,10777.880000000001,10609.7225,10730.256580919924,10498.15263391174,232.10394700818324,69.90273333858782,97.87349315996221,11041.036618103033,10178.408381896967,181.74405581131194,0.0020682852324434404,0.007718567746569113,0.8150765606596115,1.4540816326530612,356.0,0.011053321958960582,1233.0,0.02628038305578695,758.0,0.03804788005499993,745.0,0.020318994325492667,777.0,0.011053321958960582,0.013456571957222963
2020-07-21,1030.0,848.0,1.21,11126.1,11179.55,11113.25,11162.25,11162.25,1,1,467.7433823529427,37.3766470588256,10888.86,10644.285,10796.717106932243,10547.34503139976,249.372075532483,72.72128811165251,97.50720461095112,11132.610858520713,10155.959141479287,180.00162325336098,0.003249116941246226,0.005958961361123778,0.7390648567119237,1.2146226415094339,182.0,0.012706174810836135,1140.0,0.02389994221084768,1233.0,0.039320481007825814,758.0,0.052312783117366646,459.0,0.012706174810836135,0.005395324042209619
2020-07-22,781.0,1116.0,0.7,11231.2,11238.1,11056.55,11132.6,11132.6,1,1,523.9450000000015,82.91464705882498,10991.740000000002,10685.65,10848.391398173437,10590.697251296075,257.6941468773621,71.20104837889215,84.38078318158267,11191.936512757335,10179.363487242665,180.1122215924067,0.008779115321604134,0.016164790939525702,0.41889286697879724,0.6998207885304659,-335.0,-0.0026562744966291962,1030.0,0.010016149226107274,1140.0,0.021180182907252876,1233.0,0.04844512252547517,745.0,-0.0026562744966291962,0.0069865937265528874
2020-07-23,1036.0,820.0,1.26,11135.0,11239.8,11103.15,11215.45,11215.45,0,-1,591.9488235294102,115.28252941176322,11086.84,10731.977499999999,10904.8619523006,10636.97523268155,267.8867196190495,72.90549806771409,96.40271827448684,11253.893757147613,10210.061242852385,177.00777719294908,0.0072249663224068904,0.012272114952851337,0.8218075375045839,1.2634146341463415,216.0,0.007442106965129369,781.0,0.004766064189567487,1030.0,0.017532797445156234,1140.0,0.044273949133841306,758.0,0.007442106965129369,0.006938834681595525
2020-07-24,684.0,1190.0,0.57,11149.95,11225.4,11090.3,11194.15,11194.15,1,-1,627.7536764705892,105.29108823529464,11145.329999999998,10772.535,10949.367805792814,10678.247437668102,271.1203681247116,71.73011132730613,93.25602009159408,11305.620885294262,10239.449114705738,174.01436453630987,0.003964143336965539,0.012116646262987758,0.7686898593634351,0.5747899159663865,-506.0,-0.0018991658827778313,1036.0,0.00552880728670746,781.0,0.002857846760285776,1030.0,0.02682609134355185,1233.0,-0.0018991658827778313,0.007205324102189027
2020-07-27,532.0,1370.0,0.39,11225.0,11225.0,11087.85,11131.8,11131.8,1,-1,630.5332352941186,62.148411764706225,11167.25,10813.505000000001,10977.434297209304,10711.843923766763,265.590373442541,68.2608749300867,84.04491062195301,11324.32377598612,10302.686224013882,171.38119564085915,0.008302895322939931,0.012218262806236047,0.3204520597885456,0.3883211678832117,-838.0,-0.005569873550023918,684.0,-0.0074584613189842,1036.0,-7.186102078593493e-05,781.0,0.009943568434613637,1140.0,-0.005569873550023918,0.0077205241746987055
2020-07-28,930.0,939.0,0.99,11154.1,11317.75,11151.4,11300.55,11300.55,0,-1,614.5866176470572,16.83314705882185,11194.91,10863.4275,11027.144405330948,10755.451781265521,271.69262406542657,72.18231340979042,97.72140160296739,11359.514538204938,10367.340461795062,172.42182452365498,0.013129701186110839,0.014913798513551103,0.8966035467387996,0.9904153354632588,-9.0,0.015159273432868048,532.0,0.009504964646712688,684.0,0.007587747259360844,1036.0,0.01238997513942075,1030.0,0.015159273432868048,0.008598607398908794
2020-07-29,996.0,869.0,1.15,11276.9,11341.4,11149.75,11202.85,11202.85,1,-1,597.5594117647051,-14.916941176470914,11208.960000000001,10902.067500000001,11054.176035280032,10788.592390060669,265.58364521936346,67.01949254927675,82.20295439948629,11377.050095760034,10427.084904239968,173.79526562910817,0.006566520941038696,0.01699491881634134,0.27706757109314095,1.14614499424626,127.0,-0.008645596895726193,930.0,0.006382615569809014,532.0,0.0007771916581429394,684.0,0.0063102958877530035,781.0,-0.008645596895726193,0.00982534510163997
2020-07-30,674.0,1212.0,0.56,11254.3,11299.95,11084.95,11102.15,11102.15,1,1,559.9235294117643,-46.14776470588254,11186.3,10929.59,11061.55664523695,10811.818879685805,249.73776555114455,62.09004947826443,69.26782273603082,11383.499284549163,10475.680715450837,176.73846094131474,0.013519277076317464,0.019103809210701688,0.07999999999999492,0.5561056105610561,-538.0,-0.008988784104045022,996.0,-0.01755666759582497,930.0,-0.0026635404876120816,532.0,-0.010102135892897879,1036.0,-0.008988784104045022,0.010002515519460579
2020-07-31,820.0,1023.0,0.8,11139.5,11150.4,11026.65,11073.45,11073.45,0,1,509.18573529411697,-73.17197058823547,11162.16,10952.895,11063.386392123573,10831.198962672042,232.187429451531,60.7192922936608,65.58124598587041,11385.598781933932,10520.19121806607,172.95357087407797,0.005929350509448294,0.011109116208088333,0.378181818181827,0.8015640273704789,-203.0,-0.0025850848709483287,674.0,-0.011550632205197697,996.0,-0.020096366990987047,930.0,-0.010782417602051009,684.0,-0.0025850848709483287,0.010005681522726583
2020-08-03,979.0,877.0,1.12,11057.55,11058.05,10882.25,10891.6,10891.6,1,1,440.08294117647165,-104.18470588235141,11114.119999999999,10959.2925,11036.957716412255,10835.673113585224,201.28460282703054,52.76978930249118,41.09867085706809,11384.330771541428,10534.25422845857,174.2568872402153,0.015007845318357043,0.015898639391185142,0.05318543799772698,1.1163055872291905,102.0,-0.01642216292122156,820.0,-0.018964795107253907,674.0,-0.02778310876250245,996.0,-0.021577822095258492,532.0,-0.01642216292122156,0.01193126079686714
2020-08-04,1222.0,641.0,1.91,10946.65,11112.25,10908.1,11095.25,11095.25,1,1,363.10073529411784,-130.86973529411733,11073.060000000001,10974.0725,11045.925760041138,10854.90103109743,191.0247289437084,59.210290697953724,67.01286518359689,11396.427186815386,10551.717813184614,177.57068100877132,0.013574929316274876,0.018649541183832465,0.916727896154788,1.906396255850234,581.0,0.018697895625986893,979.0,0.001968672816511585,820.0,-0.0006215012407506659,674.0,-0.018167257345881316,930.0,0.018697895625986893,0.013389645934525133
2020-08-05,1192.0,677.0,1.76,11155.75,11225.65,11064.05,11101.65,11101.65,1,1,308.6402941176475,-127.54635294117617,11052.82,10993.8675,11054.49872003481,10873.178732497621,181.31998753718835,59.39767402778915,59.484579636670894,11400.89566152561,10586.83933847439,176.42991807957338,0.004849517065190629,0.014485803285301335,0.2326732673267344,1.760709010339734,515.0,0.0005768234154255314,1222.0,0.019285504425428757,979.0,0.0025466318085147766,820.0,-0.00903341560406512,996.0,0.0005768234154255314,0.013151997043993916
2020-08-06,1132.0,744.0,1.52,11185.7,11256.8,11127.3,11200.15,11200.15,0,1,278.57426470588143,-101.34252941176567,11072.42,11013.2025,11076.906609260224,10897.398826386687,179.5077828735375,62.27045705364498,69.2366329086355,11420.850576746247,10605.554423253752,174.9099239310324,0.0012918279589117273,0.0115772817078949,0.5625482625482654,1.521505376344086,388.0,0.008872554980565939,1192.0,0.009454496293458847,1222.0,0.028329171104337192,979.0,0.00882711907153122,674.0,0.008872554980565939,0.01311800614499859
2020-08-07,1196.0,663.0,1.8,11186.65,11231.9,11142.05,11214.05,11214.05,1,0,273.22455882352915,-59.50000000000034,11100.539999999999,11035.5025,11098.00559245096,10920.854468876561,177.1511235743983,62.671833445730115,72.263966024175,11435.797127087237,10635.207872912764,168.83421507881582,0.00244934810689524,0.008031895160749676,0.8013355592654392,1.803921568627451,533.0,0.0012410548073016336,1132.0,0.010124621114879329,1192.0,0.01070728464883608,1222.0,0.01269703660557453,820.0,0.0012410548073016336,0.012906099510995389
2020-08-10,1242.0,658.0,1.89,11270.25,11337.3,11238.0,11270.15,11270.15,1,0,310.41794117646896,3.62638235293997,11176.25,11058.875,11124.489347458504,10946.728211922742,177.76113553576215,64.32154880691488,84.48219536099313,11456.64777747466,10661.10222252534,165.57819971604326,8.872917637174313e-06,0.008810807213681975,0.32376636455186175,1.8875379939209727,584.0,0.0050026529220041915,1196.0,0.00624991629576388,1132.0,0.015177924002288012,1192.0,0.034756142348231656,979.0,0.0050026529220041915,0.007394002402376222
2020-08-11,1060.0,831.0,1.28,11322.25,11373.6,11299.15,11322.5,11322.5,0,1,348.63367647058476,44.7355294117624,11221.7,11094.632500000002,11154.95252477258,10974.563159187725,180.3893655848551,65.83875483449336,89.60008140836464,11449.925970633642,10739.339029366362,161.14047116489738,2.2080416878270662e-05,0.006575548146349067,0.3136333109469461,1.2755716004813478,229.0,0.004645013597867065,1242.0,0.00967090391071923,1196.0,0.010923960839810176,1132.0,0.02048173768053907,1222.0,0.004645013597867065,0.0033342990898766233
2020-08-12,1007.0,896.0,1.12,11289.0,11322.0,11242.65,11308.4,11308.4,1,1,346.59411764706056,35.10520588235556,11263.05,11129.1425,11178.55982865372,10999.291814062708,179.26801459101262,65.03655383848816,86.73043655235561,11421.052440349573,10837.232559650427,155.3340089388333,0.0017184870227654916,0.007028966250332214,0.8286074354127246,1.1238839285714286,111.0,-0.0012453080150144347,1060.0,0.003393921110189213,1242.0,0.008413552641552302,1196.0,0.01862335778915747,1192.0,-0.0012453080150144347,0.0038680651555113754
2020-08-13,1087.0,789.0,1.38,11334.85,11359.3,11269.95,11300.45,11300.45,1,0,343.0480882352949,18.664411764707268,11283.109999999999,11157.1675,11197.312162706994,11021.599827835842,175.71233487115205,64.55892495995546,85.11244530375505,11397.261028182009,10917.07397181799,150.62086544320226,0.003034887978226411,0.007882768629492101,0.3413542249580358,1.3776932826362485,298.0,-0.0007030172261326406,1007.0,-0.0019474497681606362,1060.0,0.002688517899052112,1242.0,0.008955237206644595,1132.0,-0.0007030172261326406,0.002924114971005272
2020-08-14,701.0,1202.0,0.58,11353.3,11366.25,11111.45,11178.4,11178.4,1,1,325.24441176470646,-9.543235294116698,11275.98,11171.0025,11194.40259921361,11033.214655403557,161.18794381005318,57.56893444924261,60.27271802177662,11380.56563720424,10961.439362795762,158.0622321972592,0.015405212581363978,0.02244281398359942,0.2627551020408128,0.5831946755407654,-501.0,-0.01080045484914327,1087.0,-0.011495879169466927,1007.0,-0.012726871274011953,1060.0,-0.0031790477124677974,1196.0,-0.01080045484914327,0.006390895021981706
2020-08-17,1139.0,743.0,1.53,11248.9,11267.1,11144.5,11247.1,11247.1,1,1,283.2391176470592,-46.112764705882,11271.369999999999,11182.247500000001,11202.509891642287,11049.058014262553,153.45187737973356,60.18229966780825,74.2546046606289,11382.598785184002,10981.896214816,155.5292156117407,0.00016001564597420837,0.010898843442469964,0.8368678629690054,1.5329744279946165,396.0,0.006145781149359486,701.0,-0.004721050931600135,1087.0,-0.00542074917760238,1007.0,-0.002045225662479999,1242.0,0.006145781149359486,0.00665723077113045
2020-08-18,1325.0,550.0,2.41,11259.8,11401.7,11253.15,11385.35,11385.35,1,1,253.38735294117578,-56.9152647058836,11283.939999999999,11193.4025,11230.639139081935,11073.968531724586,156.67060735734958,64.87121493581361,96.85244008085469,11412.064445648708,10974.740554351292,155.46284306804498,0.01115028686122321,0.013192951917440904,0.8899360484685275,2.409090909090909,775.0,0.012292057508157761,1139.0,0.018513382952837665,701.0,0.007512975147007328,1087.0,0.005550894237138504,1060.0,0.012292057508157761,0.008675930446705631
2020-08-19,1214.0,665.0,1.83,11452.15,11460.35,11394.1,11408.4,11408.4,0,1,256.32764705882437,-35.921676470587784,11303.939999999999,11207.192500000001,11257.98696383856,11098.741233078319,159.2457307602417,65.59859741169588,91.01366545580338,11442.89949241829,10971.485507581712,149.71549713461317,0.0038202433604170396,0.005784939945774375,0.2158490566037626,1.825563909774436,549.0,0.002024531525161688,1325.0,0.014341474691253575,1139.0,0.020575395405424857,701.0,0.008842983976512953,1007.0,0.002024531525161688,0.008574026456760427
2020-08-20,1050.0,840.0,1.25,11317.45,11361.45,11289.8,11312.2,11312.2,1,1,237.09676470588238,-33.962294117647275,11306.29,11212.03,11266.32743094032,11114.552993591034,151.77443734928602,60.01342078356234,74.37294585711822,11452.146343466817,10971.913656533185,147.492961624998,0.0004638854158843202,0.006330931437735661,0.3126308443824285,1.25,210.0,-0.008432383156270706,1214.0,-0.006424923256641124,1325.0,0.005788158725360315,1139.0,0.001039781601617662,1087.0,-0.008432383156270706,0.009752135565910803
2020-08-21,1214.0,679.0,1.79,11409.65,11418.5,11362.2,11371.6,11371.6,1,1,248.6585294117649,-7.083352941176429,11344.93,11220.9025,11282.523210795656,11133.593512584292,148.92969821136467,62.155993279400164,83.92937980986872,11470.641466672949,10971.163533327051,144.55060722321238,0.0033348963377491225,0.004934419548364698,0.1669626998223758,1.7879234167893963,535.0,0.005250967981471399,1050.0,-0.00322569334876055,1214.0,-0.0012076923414738872,1325.0,0.017283332140556773,701.0,0.005250967981471399,0.007614386069404727
2020-08-24,10680.0,860.0,12.42,11412.0,11497.25,11410.65,11466.45,11466.45,1,-1,277.63558823529274,23.014411764704704,11388.8,11237.635,11310.819639904017,11158.249548689158,152.57009121485862,65.34881680771655,92.89012003693462,11505.441850360236,10969.828149639765,143.20056385012575,0.004771293375394386,0.007588503329828283,0.6443418013856912,12.418604651162791,9820.0,0.008340954658974997,1214.0,0.013635720726295597,1050.0,0.005088355948248857,1214.0,0.019502805167554316,1139.0,0.008340954658974997,0.007867317909140126
2020-08-25,851.0,1058.0,0.8,11513.1,11525.9,11423.35,11472.25,11472.25,1,0,286.12191176470515,24.95382352941124,11406.179999999998,11246.220000000001,11335.655079918784,11181.508841378849,154.14623853993544,65.54027105396608,87.05513330920502,11531.952182996365,10960.487817003637,140.2969521465453,0.0035481321277501597,0.008907244790716598,0.4768405655777668,0.8043478260869565,-207.0,0.0005058235112000986,10680.0,0.00885099722114746,1214.0,0.014148441505630993,1050.0,0.007632615598115011,1325.0,0.0005058235112000986,0.006339892838864316
2020-08-26,1102.0,782.0,1.41,11512.85,11561.75,11461.85,11549.6,11549.6,1,0,281.65823529411864,15.4240294117659,11434.420000000002,11263.557499999999,11368.569683008202,11208.774853128563,159.7948298796382,68.07372056010372,97.30179880079955,11577.360333439827,10949.754666560171,137.41145556464917,0.003192085365482917,0.008677260626169856,0.8783783783783816,1.4092071611253196,320.0,0.006742356556037388,851.0,0.007251590509704364,10680.0,0.01565303035632626,1214.0,0.012376845131657488,1214.0,0.006742356556037388,0.006767093237121705
2020-08-27,951.0,934.0,1.02,11609.3,11617.35,11540.6,11559.25,11559.25,1,0,308.4230882352949,27.923617647059643,11483.83,11286.4125,11397.905116391556,11234.73597511904,163.16914127251584,68.38599154967966,88.51551690057316,11616.047372055218,10956.777627944783,133.07849445288852,0.004311198780288155,0.00661107904869372,0.24299674267100504,1.0182012847965738,17.0,0.0008355267714899028,1102.0,0.007583516746932917,851.0,0.008093176179200912,10680.0,0.02183925319566482,1050.0,0.0008355267714899028,0.0035210417862093853
2020-08-28,750.0,1147.0,0.65,11602.95,11686.05,11589.4,11647.6,11647.6,1,-1,333.9958823529396,36.42894117646938,11539.03,11315.119999999999,11436.319713869778,11265.318495480591,171.00121838918676,71.16661910364475,93.30838844413522,11664.953308019481,10965.286691980516,132.63003056339645,0.0038481593043148193,0.008329778202956975,0.6021727884118049,0.6538796861377506,-397.0,0.007643229448277333,951.0,0.008485142342592011,1102.0,0.01528470875373178,851.0,0.02427099088958462,1214.0,0.007643229448277333,0.0038259358477265837
2020-08-31,283.0,1661.0,0.17,11777.55,11794.25,11325.85,11387.5,11387.5,1,0,328.7225000000017,20.938176470589667,11523.24,11339.914999999999,11428.808988659042,11274.368977296843,154.44001136219958,55.64860839944481,40.42911540714698,11631.63080365117,11048.199196348829,156.6135998088681,0.03311809332161607,0.03977058046877319,0.13161827497865006,0.1703792895845876,-1378.0,-0.022330780589992827,750.0,-0.0148582304215239,951.0,-0.014035118099328114,1102.0,-0.0068853045188354,10680.0,-0.022330780589992827,0.012193993404345578
2020-09-01,780.0,1081.0,0.72,11464.3,11553.55,11366.9,11470.25,11470.25,1,-1,303.5594117647088,-7.712411764703916,11522.84,11358.664999999999,11435.184528865342,11288.878682682262,146.30584618308058,58.73171451416338,52.54833040421788,11632.740008163539,11084.58999183646,158.7590569653775,0.000519002468532813,0.016280976596913868,0.5537101526922077,0.7215541165587419,-301.0,0.007266739846322645,283.0,-0.015226312716782875,750.0,-0.007699461470251134,951.0,-0.00017433371832031863,851.0,0.007266739846322645,0.012806646406666249
2020-09-02,1232.0,649.0,1.9,11478.55,11554.75,11430.4,11535.0,11535.0,1,-1,275.6754411764705,-34.39982352941263,11519.92,11380.3325,11450.540755193751,11307.109891372464,143.43086382128786,61.01537251040196,62.03134153485643,11637.71675024628,11122.948249753721,156.30126718213629,0.0049178685461143375,0.010833249844274789,0.8411741053478091,1.8983050847457628,583.0,0.005645038251127943,780.0,0.012952799121844105,283.0,-0.009667227583364801,750.0,-0.0012641130428759917,1102.0,0.005645038251127943,0.012671582136649609
2020-09-03,1024.0,847.0,1.21,11566.2,11584.95,11507.65,11527.45,11527.45,0,-1,248.41250000000036,-49.66064705882383,11513.560000000001,11396.6975,11462.372946702406,11323.431380900429,138.94156580197705,60.59431792515237,58.93805309734525,11647.717348766659,11145.677651233342,150.65831952626948,0.0033502792619875153,0.006683266760042286,0.25614489003882035,1.2089728453364816,177.0,-0.0006545296922408905,1232.0,0.004986813713737881,780.0,0.012289791437980258,283.0,-0.002751043536561526,951.0,-0.0006545296922408905,0.012659006851329792
2020-09-04,553.0,1342.0,0.41,11354.4,11452.05,11303.65,11333.85,11333.85,1,1,185.1904411764699,-83.12161764706036,11450.810000000001,11402.6875,11442.600185671268,11324.20313046336,118.39705520790812,50.89544752298341,14.914063943818272,11641.403615657982,11163.971384342018,155.88272527439318,0.001809871063200105,0.013069823152258124,0.20350404312669004,0.4120715350223547,-789.0,-0.016794694403359012,1024.0,-0.01743823146944079,1232.0,-0.011891632701989896,780.0,-0.02693687970053915,750.0,-0.016794694403359012,0.01342986946912671
2020-09-07,760.0,1126.0,0.67,11359.6,11381.15,11251.7,11355.05,11355.05,1,1,131.46470588235388,-97.3957941176468,11444.32,11406.932499999999,11429.130926337228,11326.488083762371,102.64284257485633,51.805161722655484,19.04893558197377,11638.997000246878,11174.86799975312,153.99467346907932,0.000400542272615329,0.011395647734075047,0.7983777520278055,0.6749555950266429,-366.0,0.001870502962364906,553.0,-0.014955605966627594,1024.0,-0.015600346770697993,1232.0,-0.002849615806805761,283.0,0.001870502962364906,0.009607788486067805
2020-09-08,579.0,1288.0,0.45,11378.55,11437.25,11290.45,11317.35,11317.35,0,1,105.82132352941153,-83.49155882352972,11413.74,11406.675,11411.933860746885,11325.811188668864,86.12267207802142,50.030134336762636,12.100267256474007,11639.12478489952,11174.225215100478,153.4807682212879,0.0053785412025257094,0.01290146811324811,0.18324250681198753,0.4495341614906832,-709.0,-0.0033201086741140307,760.0,-0.0014558159848595542,553.0,-0.018226060403645272,1024.0,-0.013330136657875746,780.0,-0.0033201086741140307,0.008569508896283592
2020-09-09,509.0,1373.0,0.37,11218.6,11298.15,11185.15,11278.0,11278.0,1,1,53.57235294117709,-91.31991176470547,11362.34,11405.155,11391.32865140121,11322.269619137836,69.05903226337432,48.1747266435251,15.243802331308538,11640.534516738044,11169.775483261958,151.96071334833883,0.005294778314584675,0.010072558073199863,0.8216814159292067,0.370721048798252,-864.0,-0.003476962363097358,579.0,-0.006785527144310133,760.0,-0.004927716530570003,553.0,-0.022280017338534908,1232.0,-0.003476962363097358,0.007227830317318297
2020-09-10,1291.0,566.0,2.28,11363.3,11464.05,11327.4,11449.25,11449.25,0,1,16.461029411764684,-82.04094117647074,11346.7,11412.595,11400.239628108717,11331.675573275776,68.56405483294111,55.848721366639076,43.35905434247253,11643.632548679501,11181.557451320497,154.395662394886,0.007563823889187185,0.012025555956456279,0.8916941090376925,2.2809187279151946,725.0,0.015184429863450921,509.0,0.011654671809213202,579.0,0.008295868358131564,760.0,-0.006783807346811388,1024.0,0.015184429863450921,0.01151839620420477
2020-09-11,982.0,869.0,1.13,11447.8,11493.5,11419.9,11464.45,11464.45,1,0,23.39941176470529,-42.7443529411772,11372.82,11426.897500000001,11410.118146861221,11341.51071599609,68.60743086513139,56.464914686387075,45.85453948448546,11632.149616858342,11221.64538314166,148.62454365239415,0.0014544279250162874,0.006429182899771168,0.6052989130434901,1.1300345224395858,113.0,0.001327597877590403,1291.0,0.016532186557900452,509.0,0.012997742404361468,579.0,0.011523004098342504,553.0,0.001327597877590403,0.007617348972604865
2020-09-14,1320.0,561.0,2.35,11540.15,11568.9,11383.55,11440.05,11440.05,1,-1,48.252058823531115,-1.249176470586825,11389.820000000002,11436.545,11414.72304734411,11348.809922218601,65.9131251255094,55.134676374010404,41.84862912493835,11624.495269751944,11248.594730248056,151.24779053436603,0.008674064028630508,0.016061316360705916,0.30482870245481464,2.3529411764705883,759.0,-0.0021283184103905173,982.0,-0.0008035460838047292,1291.0,0.014368682390494714,509.0,0.007485656161795751,760.0,-0.0021283184103905173,0.007881309193621929
2020-09-15,1111.0,770.0,1.44,11487.2,11535.95,11442.25,11521.8,11521.8,1,-1,66.13955882353002,24.574676470588386,11430.71,11443.3675,11431.196424675787,11361.624002054261,69.57242262152613,58.649579233660845,55.27007059596116,11633.284890659274,11253.450109340727,147.29437692476859,0.0030120481927709574,0.008156905076955283,0.8489861259338171,1.4428571428571428,341.0,0.0071459477886897105,1320.0,0.0050024205260608134,982.0,0.0063366596065244085,1291.0,0.018065183103818327,579.0,0.0071459477886897105,0.007662131641053106
2020-09-16,966.0,864.0,1.12,11538.45,11618.1,11516.75,11604.55,11604.55,0,-1,120.26588235294184,65.36229411764725,11496.02,11453.175,11457.866205494898,11379.618520420612,78.24768507428598,61.90312416857456,68.85568872106376,11654.756947355969,11251.59305264403,144.01263571585656,0.005728672395338936,0.008783675450342148,0.8663048840651105,1.1180555555555556,102.0,0.007182037528858265,1111.0,0.014379307782745654,1320.0,0.012220385626872554,982.0,0.02895460187976595,509.0,0.007182037528858265,0.006607441195519225
2020-09-17,675.0,1190.0,0.57,11539.4,11587.2,11498.5,11516.1,11516.1,1,-1,136.32838235294366,57.45132352941327,11509.390000000001,11463.369999999999,11466.825250803377,11389.728259648715,77.09699115466174,56.76209779496677,54.33426366770654,11655.819085214303,11270.920914785695,141.3010188790096,0.0020191691075791872,0.007686708147737381,0.19842164599774767,0.5672268907563025,-515.0,-0.00762201033215415,966.0,-0.000494714367546667,1111.0,0.006647698218102294,1320.0,0.005838810402428063,1291.0,-0.00762201033215415,0.006325723747498945
2020-09-18,798.0,1050.0,0.76,11584.1,11584.1,11446.1,11504.95,11504.95,0,-1,131.98044117647078,31.387176470587292,11517.49,11470.0375,11472.690596833627,11398.26320337844,74.42739345518748,56.12926592871572,73.86534241829324,11658.505695923932,11281.569304076069,141.0652318162232,0.006832641292806488,0.011912880586320906,0.42644927536232147,0.76,-252.0,-0.0009682097237779796,675.0,-0.008582840351413767,966.0,-0.001462445104063459,1111.0,0.0035326596565905533,982.0,-0.0009682097237779796,0.006395365946897323
2020-09-21,294.0,1639.0,0.18,11503.8,11535.25,11218.5,11250.55,11250.55,1,0,101.32514705882386,-9.882735294118177,11479.59,11459.242499999998,11438.515120397684,11387.321484609665,51.19363578801858,44.05955362608401,15.105670400739006,11670.634342971349,11247.850657028648,153.6141438293501,0.022014464785549123,0.0275343799440185,0.10118389897395193,0.1793776693105552,-1345.0,-0.022112221261283316,798.0,-0.0230590217174218,675.0,-0.030505275947796395,966.0,-0.01656461291690159,1320.0,-0.022112221261283316,0.012216837476288956
2020-09-22,413.0,1476.0,0.28,11301.75,11302.2,11084.65,11153.65,11153.65,1,1,40.76147058823517,-65.37079411764789,11405.960000000001,11443.3125,11394.68971725958,11370.012485749688,24.6772315098915,40.4882413821894,12.934670540819178,11692.942161448367,11193.682838551633,158.1809906986823,0.013104165284137444,0.019249231313734697,0.3171684670190745,0.279810298102981,-1063.0,-0.008612912257622951,294.0,-0.03053468289736161,798.0,-0.0314733286442459,675.0,-0.03195247270391777,1111.0,-0.008612912257622951,0.010807829584170748
2020-09-23,830.0,1048.0,0.79,11258.75,11259.55,11024.4,11131.85,11131.85,0,1,-42.85573529411704,-116.36367647058833,11311.42,11422.425,11354.252837681184,11352.370820138602,1.8820175425826164,39.70843303597654,18.098366178204582,11701.19405943779,11143.655940562208,163.67877707734783,0.011271233485067138,0.020885977572998746,0.4569423772060425,0.7919847328244275,-218.0,-0.001954517131163236,413.0,-0.010550595304229526,294.0,-0.032429519467707446,798.0,-0.040734022430856776,966.0,-0.001954517131163236,0.008446075269557726
2020-09-24,303.0,1574.0,0.19,11011.0,11015.3,10790.2,10805.55,10805.55,1,1,-162.5161764705881,-176.25520588235304,11169.31,11384.740000000002,11269.837016499463,11311.86557420241,-42.02855770294627,30.301164385800064,1.8540886580503142,11764.732484925476,11004.747515074527,176.3910072861087,0.018658614113159635,0.020443193170465765,0.06819191470456971,0.19250317662007624,-1271.0,-0.029312288613303372,830.0,-0.031209514374218372,413.0,-0.039553621822933094,294.0,-0.06170057571573717,675.0,-0.029312288613303372,0.01259269972646295
2020-09-25,1525.0,350.0,4.36,10910.4,11072.6,10854.85,11050.25,11050.25,1,1,-263.26397058823386,-197.95411764705787,11078.369999999999,11354.872500000001,11236.054398576469,11292.486642780008,-56.432244203539085,41.49492287186013,31.410798405604467,11741.374316910147,10968.370683089855,182.8666496228153,0.012818045167913218,0.01995802170406218,0.8973593570608479,4.357142857142857,1175.0,0.022645769997825305,303.0,-0.007330317961524835,830.0,-0.00927050786065542,413.0,-0.03952211874019451,798.0,0.022645769997825305,0.020182725777573064
2020-09-28,1447.0,459.0,3.15,11140.85,11239.35,11099.85,11227.55,11227.55,1,1,-299.81382352941,-154.27617647058725,11073.77,11346.875,11234.746029564703,11287.676521092599,-52.930491527895356,48.010134846589736,52.82642831259799,11736.948207872374,10956.801792127626,183.31188893547136,0.007782171019266834,0.01252148624207309,0.9154121863799205,3.1525054466230937,988.0,0.016044885862310787,1525.0,0.039054004655015184,303.0,0.008596953785758865,830.0,-0.0020443444987133796,294.0,0.016044885862310787,0.02065913324595576
2020-09-29,817.0,1048.0,0.78,11288.6,11305.4,11181.0,11222.4,11222.4,1,1,-288.7080882352948,-77.27652941176603,11087.519999999999,11334.4825,11232.846640400903,11282.841223233887,-49.994582832983724,47.84347121052734,52.20437250875699,11723.8375285727,10945.1274714273,179.10389686865193,0.005864323299612062,0.01101996704640076,0.3327974276527312,0.7795801526717557,-231.0,-0.00045869312539237317,1447.0,0.015578833058075503,1525.0,0.03857739772616853,303.0,0.006163901503095426,413.0,-0.00045869312539237317,0.02014824669231812
2020-09-30,856.0,1002.0,0.85,11244.45,11295.4,11184.55,11247.55,11247.55,1,1,-266.91249999999854,-10.669588235293475,11110.66,11320.11,11235.10869572384,11280.227058549895,-45.11836282605509,48.7786071629298,55.24217900712631,11699.900812948194,10940.319187051808,174.2286185208911,0.0002756915633933669,0.00985819671037715,0.5683355886332864,0.8542914171656687,-146.0,0.002241053607071608,817.0,0.0017813325257958201,1447.0,0.0178547996651659,1525.0,0.010393600344956067,830.0,0.002241053607071608,0.02006115572970334
2020-10-01,1120.0,740.0,1.51,11364.45,11428.6,11347.05,11416.95,11416.95,1,1,-174.27911764705823,84.31638235294088,11232.939999999999,11314.585,11263.084280997096,11290.354683842497,-27.270402845400895,54.67352937025654,75.7035873897814,11685.255448107007,10943.91455189299,174.71586005511327,0.004619669231683011,0.007175886206547707,0.8571428571428635,1.5135135135135136,380.0,0.015061057741463824,856.0,0.01733586398631326,817.0,0.016869219019287618,1447.0,0.056582034232408374,303.0,0.015061057741463824,0.00981746868108472
2020-10-05,1041.0,862.0,1.21,11487.8,11578.05,11452.3,11503.35,11503.35,1,1,-73.08838235294206,147.47199999999867,11323.560000000001,11323.06,11300.048237766774,11306.132114668979,-6.083876902204793,57.36843166442009,86.13963039014374,11702.746048729538,10943.373951270461,173.7432986226051,0.0013536099166072783,0.010946395306324972,0.4059642147117383,1.2076566125290022,179.0,0.007567695400260144,1120.0,0.022742730639117026,856.0,0.025034751924722043,817.0,0.041003597203683295,1525.0,0.007567695400260144,0.0074067364282935115
2020-10-06,1106.0,783.0,1.41,11603.45,11680.3,11564.3,11662.4,11662.4,1,1,8.778823529410147,167.62067647058683,11410.529999999999,11338.4275,11355.794662725732,11332.522328397203,23.272334328528814,61.86350249196438,97.9889900011235,11745.910641338198,10930.944358661802,173.97234872099037,0.005080385574979761,0.009997026746355608,0.8456896551724169,1.4125159642401022,323.0,0.013826407090108406,1041.0,0.02149873652770662,1120.0,0.03688358798138269,856.0,0.03873062244211778,1447.0,0.013826407090108406,0.006857224831774735
2020-10-07,723.0,1182.0,0.61,11679.25,11763.05,11629.35,11738.85,11738.85,1,1,91.46779411764692,174.27447058823526,11513.820000000002,11359.502499999999,11414.72625307562,11362.620674441854,52.10557863376562,63.837265442594926,97.51246338078852,11802.497614504484,10916.507385495514,171.0957523837767,0.005103067405869415,0.011447652888669984,0.8189977561705377,0.6116751269035533,-459.0,0.006555254493071816,1106.0,0.020472297200380796,1041.0,0.028194920709996962,1120.0,0.04601956800684359,817.0,0.006555254493071816,0.005332204339740094
2020-10-08,828.0,1061.0,0.78,11835.4,11905.7,11791.15,11834.6,11834.6,1,-1,197.78132352941248,187.64923529411863,11631.23,11387.3325,11479.32221414091,11397.58210596468,81.74010817622911,66.19696067458639,93.62617660242041,11874.119549206158,10900.545450793843,170.79248435636413,6.759382868337973e-05,0.00967859134461033,0.37931034482758896,0.7803958529688972,-233.0,0.008156676335416169,723.0,0.014765399917684219,1106.0,0.028795959437902807,1041.0,0.052193588826010995,856.0,0.008156676335416169,0.003910354708299504
2020-10-09,865.0,1014.0,0.85,11852.05,11938.6,11805.2,11914.2,11914.2,1,-1,280.4330882352933,179.35855882352917,11730.679999999998,11410.58,11546.226488888462,11435.850098115445,110.37639077301719,68.06270345890437,97.87530477185653,11948.679399181818,10872.480600818182,168.1215926166238,0.00524381857990824,0.011255436823165583,0.8170914542728658,0.8530571992110454,-149.0,0.00672604059283799,828.0,0.014937579064388862,723.0,0.021590753189738132,1106.0,0.04355366363170554,1120.0,0.00672604059283799,0.0030110043151466933
2020-10-12,652.0,1249.0,0.52,11973.55,12022.05,11867.2,11930.95,11930.95,1,0,351.89147058823437,165.82097058823493,11816.2,11433.905,11605.41472136716,11472.524164921708,132.8905564454526,68.45723542932373,92.60461906888025,12017.815380880344,10849.994619119658,167.17362171543627,0.0035578420769110703,0.012932672432152416,0.41168873103003295,0.522017614091273,-597.0,0.0014058854140437393,865.0,0.008141382049245527,828.0,0.016364465002960182,723.0,0.03717178039440694,1041.0,0.0014058854140437393,0.0044425991241659035
2020-10-13,807.0,1077.0,0.75,11934.65,11988.2,11888.9,11934.5,11934.5,0,0,401.4966176470589,136.88255882352968,11870.62,11458.627499999999,11656.043225772213,11506.744597149729,149.2986286224841,68.54592227963535,92.89280350692053,12082.019867193263,10835.235132806734,162.32550587861945,1.2568445660294705e-05,0.008320311027135366,0.45921450151057264,0.7493036211699164,-270.0,0.0002975454594982274,652.0,0.0017038491883634155,865.0,0.008441349940006448,828.0,0.023331389765399946,1106.0,0.0002975454594982274,0.0035249999797690506
2020-10-14,809.0,1062.0,0.76,11917.4,11997.2,11822.15,11971.05,11971.05,1,0,432.48941176470544,99.67102941176455,11917.060000000001,11481.09,11704.505806422643,11541.137589953452,163.36821646919088,69.49685078824407,95.85988553801192,12143.145132598349,10819.034867401651,163.234398315861,0.004501820866967597,0.014688606575259796,0.8506141102542057,0.7617702448210922,-253.0,0.0030625497507226207,807.0,0.0033610064579936427,652.0,0.004771617061993139,865.0,0.01978047253351045,723.0,0.0030625497507226207,0.0033912013309708115
2020-10-15,483.0,1433.0,0.34,12023.45,12025.45,11661.3,11680.35,11680.35,1,1,423.7029411764688,45.700235294116624,11886.210000000001,11484.88,11700.789528511468,11551.449620327272,149.33990818419625,55.20230243543034,70.51939176490686,12150.576610626655,10819.183389373344,177.58551272187103,0.02853590275669632,0.030286648175024758,0.05231360703007282,0.33705512909979063,-950.0,-0.02428358414675391,809.0,-0.021295404080606595,807.0,-0.02100419497190087,652.0,-0.01303381609855847,828.0,-0.02428358414675391,0.012385995344600671
2020-10-16,1139.0,730.0,1.56,11727.4,11789.75,11667.85,11762.45,11762.45,1,1,392.40426470588136,-7.992676470588435,11855.86,11497.1975,11710.27575489432,11567.079278080806,143.19647681351307,57.83979266519509,71.58599827139153,12173.7765252992,10820.618474700801,173.60797609888021,0.0029887272541229168,0.010394460835308733,0.776045939294509,1.5602739726027397,409.0,0.007028898962788022,483.0,-0.0174253720433879,809.0,-0.014416188361472959,807.0,-0.012736902183948517,865.0,0.007028898962788022,0.012443357559348694
2020-10-19,1077.0,798.0,1.35,11879.2,11898.25,11820.4,11873.05,11873.05,0,-1,366.54205882352835,-36.785000000000196,11844.28,11515.602499999999,11735.317946449039,11589.743776000747,145.57417044829162,61.157506480609385,81.95275031085306,12211.767136759732,10819.437863240266,170.90740637753157,0.0005177116304129448,0.006553471614250148,0.6763005780346742,1.349624060150376,279.0,0.009402802987472647,1139.0,0.016497793302426622,483.0,-0.008186416396222529,809.0,-0.004852924536604464,652.0,0.009402802987472647,0.013536460928478466
2020-10-20,976.0,883.0,1.11,11861.0,11949.25,11837.25,11896.8,11896.8,1,0,344.74602941176454,-47.23091176470518,11836.74,11547.915,11760.161339303033,11612.488681482173,147.67265782085997,61.851737658945744,84.70091568557483,12251.81879463376,10844.011205366241,166.6997344934222,0.003018295253351258,0.009442711407132619,0.5316964285714221,1.1053227633069083,93.0,0.0020003284749916528,1077.0,0.011421940157025023,1139.0,0.018531122783135734,483.0,-0.003158909045205105,807.0,0.0020003284749916528,0.013595361341432745
2020-10-21,936.0,927.0,1.01,11958.55,12018.65,11775.75,11937.65,11937.65,0,-1,330.3502941176466,-41.1988235294113,11830.06,11587.115,11787.467287102565,11636.574705076086,150.89258202647943,63.074212441844104,87.0577830188678,12286.131228781418,10888.098771218582,172.14261060103487,0.0017477035259291166,0.02031182710278417,0.6665294359818851,1.0097087378640777,9.0,0.0034336964561898498,976.0,0.005440893451977402,1077.0,0.014894856088654818,1139.0,-0.0027900643636105116,809.0,0.0034336964561898498,0.013621058716862058
2020-10-22,984.0,869.0,1.13,11890.0,11939.55,11823.45,11896.45,11896.45,1,-1,328.11647058823473,-24.3153529411764,11873.279999999999,11625.345000000001,11804.233858317555,11655.824726922301,148.409131395254,60.95268889527922,77.4928029311699,12303.918460208835,10946.771539791167,168.13956698667513,0.0005424726661060326,0.009764507989907363,0.6287683031869157,1.1323360184119677,115.0,-0.003451265533836123,936.0,-2.9419675879105434e-05,976.0,0.00197084995009722,1077.0,0.01850115792763063,483.0,-0.003451265533836123,0.004942227899742465
2020-10-23,1234.0,661.0,1.87,11957.9,11974.55,11908.75,11930.35,11930.35,1,-1,354.10411764705896,9.332323529412292,11906.86,11681.585,11823.636341653317,11676.159932335464,147.4764093178528,62.082795709990016,79.37764284939823,12257.782042772502,11105.387957227496,161.70816934476966,0.0023039162394734255,0.005502638423134436,0.32826747720365657,1.8668683812405447,573.0,0.002849589583447054,984.0,-0.0006115106407039717,936.0,0.002820086073566097,976.0,0.014274237084961117,1139.0,0.002849589583447054,0.004574597623003413
2020-10-26,621.0,1298.0,0.48,11937.4,11942.85,11711.7,11767.75,11767.75,1,-1,332.66911764705765,-5.328088235294842,11885.8,11717.46,11815.03844293742,11682.944381792095,132.09406114532612,54.00863986351447,34.94067154758887,12216.08117343708,11218.838826562918,166.66830010585753,0.014211637374972745,0.019363512992778966,0.24248323599394056,0.47842835130970723,-677.0,-0.01362910560042252,1234.0,-0.010818353374326017,984.0,-0.014232281898028498,936.0,-0.008868824775436712,1077.0,-0.01362910560042252,0.007178072756713969
2020-10-27,865.0,982.0,0.88,11807.1,11899.05,11723.0,11889.4,11889.4,1,-1,303.0719117647059,-26.590470588234894,11884.320000000002,11750.552500000002,11826.47868248551,11698.237390548235,128.24129193727458,58.37078706981834,62.63902238088685,12200.166702928205,11300.938297071798,167.33842152686765,0.006970382227642628,0.014910519941391134,0.9451860266969629,0.8808553971486762,-117.0,0.01033757515242928,621.0,-0.003432422351397957,1234.0,-0.0005926137629294059,984.0,-0.0006220160043036715,976.0,0.01033757515242928,0.009005517968925833
2020-10-28,599.0,1251.0,0.48,11922.6,11929.4,11684.85,11729.6,11729.6,0,1,268.42529411764735,-48.852088235293536,11842.710000000001,11775.9125,11811.57426979543,11700.560546803921,111.01372299150898,51.46538970654503,18.756007139915095,12155.226620320822,11396.598379679179,172.8535342749485,0.016187744283964908,0.020511465619915056,0.1829891637701907,0.4788169464428457,-652.0,-0.013440543677561423,865.0,-0.0032419111554884417,621.0,-0.016826832406425574,1234.0,-0.01742805326006369,936.0,-0.013440543677561423,0.010406798380002719
2020-10-29,642.0,1247.0,0.51,11633.3,11744.15,11606.45,11670.8,11670.8,1,1,218.96250000000146,-76.4840882352928,11797.58,11797.075,11789.916689826901,11698.356061855482,91.56062797141931,49.16078132840874,15.357995226729964,12094.504214267456,11499.645785732546,170.34256754102353,0.0032235049384095656,0.011836710133839832,0.4673202614379016,0.5148356054530874,-605.0,-0.0050129586686673555,599.0,-0.018386125456288815,865.0,-0.00823861825752592,621.0,-0.018967843348225877,984.0,-0.0050129586686673555,0.010429627922768414
2020-10-30,938.0,908.0,1.03,11678.45,11748.95,11535.45,11642.4,11642.4,1,1,153.61661764705968,-101.73247058823472,11739.99,11808.3475,11767.221814468916,11694.211168384705,73.01064608421075,48.04178993063086,21.826530612244675,12061.016707610966,11555.678292389033,173.42524128809328,0.0030868822489286754,0.018281535648994516,0.5009367681498778,1.0330396475770924,30.0,-0.0024334235870719922,642.0,-0.007434183603874045,599.0,-0.020774807812000584,865.0,-0.024135922248718633,1234.0,-0.0024334235870719922,0.009841213698262625
2020-11-02,699.0,1153.0,0.61,11697.35,11725.65,11557.4,11669.15,11669.15,1,1,111.60485294117643,-99.53138235294173,11720.27,11816.6375,11752.13384301216,11692.354785541394,59.77905747076511,49.214360597474766,27.285714285714064,12037.629187343104,11595.645812656898,173.05558119608662,0.0024108024467080773,0.014383599704206508,0.6641901931649331,0.606244579358196,-454.0,0.002297636226207711,938.0,-0.00014137848305173506,642.0,-0.005153628427226886,599.0,-0.008378831977225887,621.0,0.002297636226207711,0.00880661616283602
2020-11-03,988.0,864.0,1.14,11734.45,11836.2,11723.3,11813.5,11813.5,0,1,96.80132352941291,-73.08079411764666,11705.09,11824.192500000001,11761.574790241059,11701.328505130921,60.24628511013725,55.102579169135474,56.744897959183525,12033.603916295175,11614.781083704827,172.62661111065194,0.006736574786206364,0.009621243432798422,0.7989371124889244,1.1435185185185186,124.0,0.01237022405230892,699.0,0.014696282553425366,938.0,0.01222709668574562,642.0,-0.00638383770417339,865.0,0.01237022405230892,0.00951663988922724
2020-11-04,966.0,872.0,1.11,11783.35,11929.65,11756.4,11908.5,11908.5,1,1,95.87544117647121,-39.496705882353126,11740.869999999999,11832.675,11784.178668665512,11716.67454178789,67.50412687762218,58.51182871190274,77.20405629139076,12041.313952498685,11624.036047501313,172.6711388884625,0.010620918499408032,0.01470294950077864,0.87792207792208,1.1077981651376148,94.0,0.008041647267956087,988.0,0.020511348298719367,699.0,0.02285611214182648,938.0,0.015252012003819315,599.0,0.008041647267956087,0.007201186922207541
2020-11-05,1340.0,531.0,2.52,12062.4,12131.1,12027.6,12120.3,12120.3,1,1,160.9060294117644,37.14517647058747,11830.77,11846.960000000001,11835.889642716971,11746.572723877676,89.31691883929489,64.90940114179757,98.1868546965498,12090.391416624367,11603.528583375635,176.23748611071522,0.0048000397930759746,0.008580382013529645,0.895652173913033,2.5235404896421847,809.0,0.01778561531679057,966.0,0.025970288229567817,988.0,0.038661770565979525,699.0,0.038514926140453154,642.0,0.01778561531679057,0.007991882417604448
2020-11-06,1132.0,719.0,1.57,12156.65,12280.4,12131.85,12263.55,12263.55,1,1,253.36676470588282,109.65588235294126,11955.0,11864.4275,11901.683543837438,11784.867336923773,116.81620691366516,68.45269038159088,97.73810322840454,12167.484594414142,11561.370405585858,175.08480853137846,0.008793540983741379,0.012219649327734143,0.8865701783911111,1.5744089012517386,413.0,0.011819014380832105,1340.0,0.02981483814082364,966.0,0.03809624582045967,988.0,0.0533524015666873,938.0,0.011819014380832105,0.005736573195882987
2020-11-09,1121.0,767.0,1.46,12399.4,12474.05,12367.35,12461.05,12461.05,1,1,378.50102941176374,181.41091176470474,12113.38,11890.932499999999,11987.739921708602,11834.954941596086,152.78498011251577,72.56575877449558,98.61495844875346,12290.10686700612,11491.758132993878,177.61446506485143,0.004972014774908434,0.008605255092988283,0.8781630740393614,1.4615384615384615,354.0,0.016104635280974833,1132.0,0.02811399057779096,1340.0,0.04639963051601792,966.0,0.06786269779718324,699.0,0.016104635280974833,0.0038296896564992302
2020-11-10,827.0,1053.0,0.79,12556.4,12643.9,12475.25,12631.1,12631.1,1,1,494.2851470588248,217.6982647058834,12276.9,11925.7625,12086.718395291895,11893.928649626007,192.7897456658884,75.52463622447392,98.84523433623535,12439.257991581699,11412.267008418303,177.9884318459335,0.005949157401803123,0.013431397534325096,0.9241031722502265,0.785375118708452,-226.0,0.013646522564310537,1121.0,0.029970930114037175,1132.0,0.042144171348894144,1340.0,0.06920895585558906,988.0,0.013646522564310537,0.0038009642108259205
2020-11-11,989.0,866.0,1.14,12680.6,12769.75,12571.1,12749.15,12749.15,0,1,614.8107352941151,234.43679411764498,12445.029999999999,11964.6675,12188.630949862372,11957.27837928334,231.35257057903254,77.35088252000381,98.33103783521021,12591.410212183175,11337.924787816824,179.46425814265248,0.005405895620081011,0.015665662508083184,0.8963000251698948,1.1420323325635104,123.0,0.009345979368384327,827.0,0.02312004205103113,1121.0,0.03959701717691866,1132.0,0.07059243397573156,966.0,0.009345979368384327,0.0033527915149239636
2020-11-12,1118.0,762.0,1.47,12702.15,12741.15,12624.85,12690.8,12690.8,0,1,683.1804411764697,198.35161764705845,12559.130000000001,12015.19,12265.887726806624,12011.61331415124,254.27441265538437,74.39600581258986,93.60366199465278,12702.127208629518,11328.252791370483,175.52395398960581,0.0008935495172077455,0.009155930295264918,0.567067927772995,1.4671916010498687,356.0,-0.004576775706615743,989.0,0.004726429210440752,827.0,0.018437451097620183,1121.0,0.04706979200184813,1340.0,-0.004576775706615743,0.008125617072766654
2020-11-13,1134.0,730.0,1.55,12659.7,12735.95,12607.7,12719.95,12719.95,1,1,726.0822058823542,146.7102941176487,12650.41,12063.064999999999,12335.743461144066,12064.082698288186,271.6607628558795,74.91162492559602,95.96532447541122,12804.196901957877,11321.93309804212,172.14724299034827,0.004759196505446416,0.010130571814497974,0.8752436647173489,1.5534246575342465,404.0,0.00229693951523946,1118.0,-0.002290348768349215,989.0,0.007034225047699794,827.0,0.03721597742904792,1132.0,0.00229693951523946,0.008486080692490287
2020-11-14,1427.0,357.0,4.0,12823.35,12828.7,12749.45,12780.25,12780.25,1,1,752.1255882352943,98.02876470588274,12714.25,12108.425,12404.129082506517,12117.132128044615,286.9969544619016,75.98882918320994,96.25362458921316,12906.357392186012,11310.492607813987,167.61886849103766,0.0033610561982633526,0.006180132336713885,0.3886435331230192,3.9971988795518207,1070.0,0.004740584672109582,1134.0,0.0070484130236077025,1118.0,0.0024393783114953216,989.0,0.02561581889166642,1121.0,0.004740584672109582,0.006940772060252809
2020-11-17,1058.0,853.0,1.24,12932.5,12934.05,12797.1,12874.2,12874.2,0,1,765.6086764705869,57.24714705882286,12762.869999999999,12157.295,12476.447685197822,12173.21122967094,303.2364555268814,77.60241087141512,95.72072072072082,13014.889447801339,11299.700552198661,166.63180645596347,0.004508022424125209,0.010589599845350775,0.5629791894852207,1.2403282532239155,205.0,0.007351186400892162,1427.0,0.012126619994575538,1134.0,0.014451413622466713,1118.0,0.01924614641638489,827.0,0.007351186400892162,0.005400881553310532
2020-11-18,1078.0,812.0,1.33,12860.1,12948.85,12819.35,12938.25,12938.25,0,-1,759.9870588235299,22.590264705882873,12800.69,12207.325,12547.494195167388,12229.880768213834,317.61342695355415,78.65551272962594,99.2500353756898,13122.631282344699,11292.018717655303,163.97953456625177,0.0060769356381365335,0.010069906143809145,0.9181467181467153,1.3275862068965518,266.0,0.004975066411893492,1058.0,0.012362825453336113,1427.0,0.01716201714629384,1134.0,0.01483236137311117,989.0,0.004975066411893492,0.0045759178284603364
2020-11-19,829.0,1057.0,0.78,12839.5,12963.0,12745.75,12771.7,12771.7,1,1,751.128235294118,0.14188235294136575,12816.869999999999,12251.0875,12581.987395910866,12270.01552612392,311.9718697869466,69.50407070137155,86.39015367103022,13186.234622048001,11315.940377951998,167.7845678115195,0.005280579461816992,0.01692044082713501,0.11944764096663166,0.7842951750236519,-228.0,-0.012872683709156951,1078.0,-0.007961659753615735,1058.0,-0.0006690009976330069,1427.0,0.006374696630630172,1118.0,-0.012872683709156951,0.008121259584065184
2020-11-20,1099.0,770.0,1.43,12813.4,12892.45,12730.25,12859.05,12859.05,1,1,740.9104411764692,-13.041558823530409,12844.69,12297.522500000001,12624.61241192458,12313.647709374,310.9647025505801,71.38453108800209,91.61490683229809,13256.284448804108,11338.760551195894,167.38567011069674,0.0035626765729626516,0.0126586230040427,0.7940813810110894,1.4272727272727272,329.0,0.006839340103510061,829.0,-0.0061213842675788,1078.0,-0.001176772148949179,1058.0,0.010935577576955735,1134.0,0.006839340103510061,0.008505870499655635
2020-11-23,1125.0,793.0,1.42,12960.3,12968.85,12825.7,12926.45,12926.45,1,1,725.051176470588,-23.48594117647042,12873.93,12355.4575,12671.048963936184,12359.040471642593,312.0084922935912,72.77930310996261,96.50294857519901,13319.188166355823,11391.726833644178,165.65455081707552,0.0026118222572007244,0.011045269013834529,0.7038071952497398,1.4186633039092056,332.0,0.005241444741252321,1099.0,0.012116632867981592,829.0,-0.0009120244237048603,1078.0,0.011439525830871933,1427.0,0.005241444741252321,0.008546026342768001
2020-11-24,1097.0,806.0,1.36,13002.6,13079.1,12978.0,13055.15,13055.15,1,0,718.4594117647048,-20.647852941177234,12910.119999999999,12413.744999999999,12730.141431022925,12410.604140409807,319.5372906131179,75.25912634801962,97.72230147408457,13398.457682410266,11429.032317589732,164.7256543301415,0.00404149939242915,0.00777536800332244,0.7631058358061262,1.3610421836228288,291.0,0.009956329850809631,1125.0,0.015249960144800845,1099.0,0.02219359991230596,829.0,0.014055242267480672,1058.0,0.009956329850809631,0.008997916626483568
2020-11-25,651.0,1253.0,0.52,13130.0,13145.85,12833.65,12858.4,12858.4,1,1,706.0210294117642,-22.293029411764678,12894.15,12470.185000000001,12749.873518557859,12443.774204083154,306.09931447470444,65.44367956377039,71.65187376725831,13420.36914536321,11520.000854636794,175.25953616370288,0.020685453160700713,0.023777608530083833,0.07927610506085823,0.5195530726256983,-602.0,-0.015070680919024304,1097.0,-0.005264399738520664,1125.0,-5.0548057593635676e-05,1099.0,-0.006171622901087859,1078.0,-0.015070680919024304,0.011824048288455987
2020-11-26,1255.0,622.0,2.02,12906.45,13018.0,12790.4,12987.0,12987.0,1,1,685.6242647058807,-29.589000000000624,12937.210000000001,12535.994999999999,12786.354515702804,12484.013151928846,302.3413637739577,68.34933829565482,79.59537572254331,13436.629420228093,11635.360579771905,178.9981407234384,0.006241065513754694,0.01763459355593524,0.8637961335676628,2.017684887459807,633.0,0.01000124432277727,651.0,-0.005220162158228736,1097.0,0.004684194036258971,1125.0,0.016857583563660183,829.0,0.01000124432277727,0.010523161495905976
2020-11-27,1212.0,686.0,1.77,13012.05,13035.3,12914.3,12968.95,12968.95,1,1,688.0149999999994,-16.619176470587945,12959.189999999999,12602.3225,12814.446128671603,12519.934399934116,294.5117287374869,67.49153572353002,73.62063823441702,13421.671394839419,11782.973605160581,174.85541638604994,0.0033123143547710426,0.009299072782536189,0.4516528925619955,1.7667638483965014,526.0,-0.001389851389851371,1255.0,0.008597492689603747,651.0,-0.006602758298449141,1097.0,0.00854651004545448,1099.0,-0.001389851389851371,0.010492985939354976
2020-12-01,1294.0,651.0,1.99,13062.2,13128.4,12962.8,13109.05,13109.05,1,1,685.1197058823527,-11.528176470587596,12995.710000000001,12674.317500000001,12859.769801183664,12563.57259253159,296.19720865207455,70.57806161089653,93.59721618094805,13400.810349431129,11947.824650568873,174.19431521561782,0.0035866852444456938,0.01267780312657901,0.8831521739130416,1.987711213517665,643.0,0.010802724970024435,1212.0,0.00939785939785942,1255.0,0.019493094008585787,651.0,0.014126074831063429,1125.0,0.010802724970024435,0.011225113616611552
2020-12-02,1096.0,796.0,1.38,13121.4,13128.5,12983.55,13113.75,13113.75,1,1,656.8985294117647,-27.4371764705877,13007.43,12739.33,12898.843677924639,12604.326474566285,294.5172033583531,70.67863937935257,94.03512031961341,13372.81574601134,12105.84425398866,172.10543555735944,0.0005830170561067901,0.011046839514076298,0.8982407726802351,1.3768844221105527,300.0,0.00035853093855009455,1294.0,0.011165129019697018,1212.0,0.009759759759759845,1255.0,0.004488650072959732,1097.0,0.00035853093855009455,0.010505804455108248
2020-12-03,1393.0,568.0,2.45,13215.3,13216.6,13107.9,13133.9,13133.9,1,1,652.6080882352944,-21.04502941176395,13062.529999999999,12800.6,12935.006189013156,12643.554143116931,291.4520458962252,71.13423099359031,86.4181310560025,13329.154195896248,12272.045804103753,167.57647587469097,0.00615952721466782,0.008225314597474196,0.2391904323827031,2.4524647887323945,825.0,0.00153655514250306,1096.0,0.0018956369836105047,1294.0,0.012718839998612008,1212.0,0.02142568282212398,651.0,0.00153655514250306,0.005708076578875398
2020-12-04,1088.0,846.0,1.29,13177.4,13280.05,13152.85,13258.55,13258.55,1,1,671.3036764705867,0.5146764705871192,13116.84,12857.5125,12984.78215993421,12689.109391774937,295.6727681592729,73.84192339059581,96.08948708621317,13322.050366997422,12392.97463300258,166.04601331221303,0.006158270979100554,0.009652890555041125,0.8309748427672942,1.2860520094562649,242.0,0.00949070725374801,1393.0,0.011041845391287719,1096.0,0.0114043351730293,1294.0,0.02090937090937084,1255.0,0.00949070725374801,0.005582936388945546
2020-12-07,1412.0,532.0,2.65,13264.85,13366.65,13241.95,13355.75,13355.75,1,1,694.7044117647056,22.577529411764772,13194.2,12912.122500000001,13041.854135328947,12738.490177569387,303.36395775956044,75.75199998406913,98.28724072910126,13339.856357058923,12484.38864294108,163.0927266470549,0.006852697165817905,0.009400784780830458,0.9125902165196493,2.654135338345865,880.0,0.007331118410384363,1088.0,0.016891403162807794,1393.0,0.018453912877704592,1096.0,0.02982508221559943,1212.0,0.007331118410384363,0.00470970922355267
2020-12-08,941.0,1017.0,0.93,13393.85,13435.45,13311.05,13392.95,13392.95,1,1,716.7049999999981,38.261058823528174,13250.98,12958.7175,13095.868883739879,12786.96868293462,308.9002008052594,76.46044251831609,93.97334089619966,13382.76656941826,12534.668430581742,160.32896045797966,6.719501860925994e-05,0.009287844794439348,0.6583601286173674,0.9252704031465093,-76.0,0.002785317185481917,1412.0,0.010136855085963514,1088.0,0.019723768263806063,1393.0,0.021656794351993636,1294.0,0.002785317185481917,0.003924193850004351
2020-12-09,1152.0,809.0,1.42,13458.1,13548.9,13449.6,13529.1,13529.1,0,1,758.2308823529402,59.520470588235185,13334.05,13003.6175,13162.519824702973,12841.94137308761,320.5784516153635,78.89125022827726,97.58138398583041,13467.68017601961,12539.55482398039,160.01617756812388,0.005275633261753144,0.0073784560970715975,0.8006042296072566,1.4239802224969098,343.0,0.01016579618381308,941.0,0.012979428336109988,1412.0,0.020405700472525323,1088.0,0.031672862453531625,1096.0,0.01016579618381308,0.003912299253425692
2020-12-10,732.0,1214.0,0.6,13488.5,13503.55,13399.3,13478.3,13478.3,1,1,769.8916176470593,47.7245000000014,13402.930000000002,13040.075,13211.101390133284,12889.079049155194,322.02234097809014,75.74817181144232,91.37604592927376,13532.163938607111,12547.98606139289,157.85787917040082,0.0007561997256923103,0.007728806019942914,0.7577937649880095,0.6029654036243822,-482.0,-0.0037548691339409634,1152.0,0.0063727558155595165,941.0,0.009175823147333562,1412.0,0.02622221883827347,1393.0,-0.0037548691339409634,0.0057799497219288825
2020-12-11,1125.0,817.0,1.38,13512.3,13579.35,13402.85,13513.85,13513.85,1,1,779.2495588235288,35.49326470588244,13453.99,13081.227499999999,13257.67809934355,12935.358378847402,322.31972049614706,76.45511344041216,91.69782622472908,13587.064781617777,12575.390218382221,159.1894592296579,0.00011471030098510924,0.013062172983133885,0.6288951841359773,1.3769889840881273,308.0,0.0026375729876915166,732.0,-0.0011271998876495326,1152.0,0.009027137411847352,941.0,0.019255499281595645,1088.0,0.0026375729876915166,0.005301970929130218
2020-12-14,1253.0,697.0,1.8,13571.45,13597.5,13472.45,13558.15,13558.15,0,-1,775.1580882352937,15.31105882352972,13494.470000000001,13123.1375,13303.904545598389,12981.491091525371,322.4134540730174,77.34149189178723,95.1245198860116,13641.048970112852,12605.22602988715,156.75092642753944,0.0009799984526341024,0.009214195977585245,0.6853258696521344,1.7977044476327115,556.0,0.003278118374852479,1125.0,0.005924337639019894,732.0,0.0021472233925390327,1152.0,0.01515452146079399,1412.0,0.003278118374852479,0.004930242842130991
2020-12-15,946.0,1012.0,0.93,13547.2,13589.65,13447.05,13567.85,13567.85,1,-1,753.962647058821,-13.335911764707589,13529.45,13162.517500000002,13344.511538583252,13024.925084745713,319.586453837539,77.54086578477155,96.32635361169625,13689.839628565118,12635.195371434886,155.74014596842952,0.0015243002244005872,0.01052616038738635,0.8471248246844375,0.9347826086956522,-66.0,0.0007154368405719591,1253.0,0.003995900502077543,1125.0,0.006644012968994639,732.0,0.013059109456841078,941.0,0.0007154368405719591,0.0050407865070157196
2020-12-16,1216.0,747.0,1.63,13663.1,13692.35,13606.45,13682.7,13682.7,1,-1,729.8080882352915,-31.80591176470739,13560.170000000002,13202.9425,13396.540532647366,13073.649152542326,322.8913801050403,79.80651280626756,98.93009590332063,13758.842198933571,12647.042801066427,153.50870697068453,0.0014345207163821067,0.006287006609041845,0.887660069848665,1.6278447121820616,469.0,0.008464863629830788,946.0,0.009186356545693997,1253.0,0.012494588884736757,1125.0,0.011353305097900002,1152.0,0.008464863629830788,0.004422766297456502
2020-12-17,870.0,1094.0,0.8,13713.55,13773.25,13673.55,13740.7,13740.7,1,0,723.964852941177,-28.46379411764542,13612.65,13243.064999999999,13449.48814300931,13123.06032642808,326.4278165812302,80.8567710747152,96.21048955119632,13831.630558879744,12654.499441120253,149.66522790134997,0.001979793707683383,0.007270181681621515,0.6735205616850648,0.7952468007312614,-224.0,0.004238929451058526,1216.0,0.012739675040629228,946.0,0.013464226314062078,1253.0,0.01946833057581454,732.0,0.004238929451058526,0.0028752958182047088
2020-12-18,751.0,1196.0,0.63,13764.4,13772.85,13658.6,13760.55,13760.55,0,1,707.903823529412,-30.255676470587105,13661.99,13292.507499999998,13497.34381331557,13170.281783729703,327.062029585868,81.21682779975603,98.432969338022,13880.514580122692,12704.500419877304,147.13556876553926,0.000279707070413557,0.00830039812850542,0.8923413566739511,0.6279264214046822,-445.0,0.0014446134476409078,870.0,0.00568966651318803,1216.0,0.014202692394152283,946.0,0.01825534544189833,1125.0,0.0014446134476409078,0.0030471750008967346
2020-12-21,259.0,1729.0,0.15,13741.9,13777.5,13131.45,13328.4,13328.4,1,1,638.4817647058808,-72.34247058823564,13616.039999999999,13315.975,13471.352457420868,13181.99424419417,289.35821322669835,56.36239474918208,43.43472510863405,13869.3555250453,12762.594474954702,182.77231385371496,0.030090453285208013,0.047013149564470655,0.3048525655908972,0.14979757085020243,-1470.0,-0.031404994713147394,751.0,-0.030005749343192223,870.0,-0.025894012146725487,1216.0,-0.016945527229009882,1253.0,-0.031404994713147394,0.015998226092477655
2020-12-22,1031.0,900.0,1.15,13373.65,13492.05,13192.9,13466.3,13466.3,1,1,557.3442647058837,-114.1562941176453,13595.73,13342.967499999999,13470.575156279196,13203.053929809415,267.52122646978023,60.51485953233804,53.52449223416957,13869.739937846178,12816.19506215382,191.08500572130671,0.006927802058525507,0.02236861290672327,0.913922781213438,1.1455555555555557,131.0,0.010346328141412231,259.0,-0.02138359295231662,751.0,-0.019969870530613498,870.0,-0.007484605151147794,946.0,0.010346328141412231,0.01714263112349911
2020-12-23,1631.0,322.0,5.07,13473.5,13619.45,13432.2,13601.1,13601.1,1,1,483.13514705882153,-139.0308235294135,13579.41,13370.265,13490.655901467011,13232.538823897607,258.1170775694045,64.110097462537,72.69561179475275,13891.098257482085,12849.431742517914,190.81107674121338,0.009470441978698955,0.013897650944446506,0.9020026702269673,5.065217391304348,1309.0,0.010010173544329204,1031.0,0.020460070225983618,259.0,-0.011587472884441286,751.0,-0.005963735227696332,1216.0,0.010010173544329204,0.01737687159889287
2020-12-24,1116.0,825.0,1.35,13672.15,13771.75,13626.9,13749.25,13749.25,1,1,430.6738235294106,-132.83394117647117,13581.12,13414.8075,13530.439608933624,13270.813725831118,259.6258831025061,67.60161159464246,95.627273430849,13904.35414259332,12925.260857406682,189.37099983112668,0.00563920085721707,0.010594529755744368,0.8446668967897829,1.3527272727272728,291.0,0.010892501341803307,1631.0,0.021011710714895715,1031.0,0.031575432910176726,259.0,0.000622239041679018,870.0,0.010892501341803307,0.018124052786389667
2020-12-28,1381.0,576.0,2.4,13815.15,13885.3,13811.55,13873.2,13873.2,1,1,408.9108823529423,-94.79829411764547,13603.65,13459.117499999998,13583.17197678999,13315.43493132511,267.7370454648808,70.21259302445866,98.39490614843821,13946.173242471414,12972.061757528583,185.56235698604615,0.004201908774063336,0.005338342327082949,0.8359322033898502,2.3975694444444446,805.0,0.009015037183846442,1116.0,0.020005734830271127,1631.0,0.030216169252133218,1031.0,0.008186446035950645,751.0,0.009015037183846442,0.018558991869236287
2020-12-29,944.0,1008.0,0.94,13910.35,13967.6,13859.9,13932.6,13932.6,1,1,456.8526470588258,-10.530705882350958,13724.49,13507.3,13636.930134206916,13361.150862338063,275.77927186885245,71.40202669680063,95.81414817915446,13981.347869944979,13033.25213005502,180.00076005847149,0.0015995284087028723,0.007742436387294405,0.6750232126276716,0.9365079365079365,-64.0,0.004281636536631828,1381.0,0.013335272833063572,1116.0,0.02437302865209423,1631.0,0.04533177275591971,259.0,0.004281636536631828,0.0026756545623752687
2020-12-30,1020.0,889.0,1.15,13980.9,13997.0,13864.95,13981.95,13981.95,0,1,534.2173529411757,71.45938235294051,13827.62,13550.945000000002,13690.010113559698,13407.135983646356,282.8741299133417,72.38849471304997,98.26122118883954,14030.986405400998,13070.903594599005,176.5757057685806,7.510246121502131e-05,0.009445028574698287,0.8860280196895164,1.1473565804274466,131.0,0.0035420524525213715,944.0,0.007838854770348513,1381.0,0.01692455952142846,1116.0,0.03829188418496554,1031.0,0.0035420524525213715,0.0033954724090283694
2020-12-31,1113.0,797.0,1.4,13970.0,14024.85,13936.45,13981.75,13981.75,1,1,586.6463235294123,103.18611764705895,13903.75,13594.345000000001,13734.893173012051,13449.699984857736,285.19318815431507,72.37759840323594,95.17573315424218,14065.29744653718,13123.392553462822,170.2774410708248,0.0008410880458124552,0.006327845382963467,0.512443438914021,1.396486825595985,316.0,-1.430415643033367e-05,1020.0,0.0035276976300187,944.0,0.007824438485713348,1381.0,0.027986706957525476,1631.0,-1.430415643033367e-05,0.004391772547436474
2021-01-01,1317.0,591.0,2.23,13996.1,14049.85,13991.35,14018.5,14018.5,1,1,611.5601470588226,91.92267647058691,13957.6,13638.575,13778.524992548657,13491.833319312718,286.69167323593865,73.17657875307047,96.58645470383271,14094.152225615315,13182.997774384687,162.97905242290878,0.0016004458384835515,0.0041797357835397005,0.4641025641025579,2.228426395939086,726.0,0.0026284263414808606,1113.0,0.0026140845876290175,1020.0,0.0061653962648751115,944.0,0.019582886339254868,1116.0,0.0026284263414808606,0.003293008131921008
2021-01-04,1375.0,604.0,2.28,14104.35,14147.95,13953.75,14132.9,14132.9,0,1,611.4855882352949,51.33317647058868,14009.539999999999,13682.292500000001,13833.044224464247,13539.319740104369,293.72448435987826,75.54767004299337,98.51942941465802,14151.2203945364,13213.364605463603,165.20912010698677,0.0020241982083541088,0.013768801823550942,0.9225025746652882,2.2764900662251657,771.0,0.008160644862146516,1317.0,0.010810520857546413,1113.0,0.01079606206573458,1020.0,0.018719545598708143,1381.0,0.008160644862146516,0.0029666052917680327
2021-01-05,1116.0,867.0,1.29,14075.15,14215.6,14048.15,14199.5,14199.5,1,1,615.6164705882366,23.711294117648094,14062.920000000002,13724.480000000001,13889.422036085132,13588.22198157812,301.2000545070114,76.83166079652975,98.51496564128577,14219.403174239531,13229.556825760472,165.36918295648778,0.008834719345797406,0.011896853674738864,0.9038518960883828,1.28719723183391,249.0,0.0047124086351704175,1375.0,0.012911509790633824,1317.0,0.01557387308455671,1113.0,0.019156510629745993,944.0,0.0047124086351704175,0.0029931413367428085
2021-01-06,859.0,1121.0,0.77,14240.95,14244.15,14039.9,14146.25,14146.25,1,1,620.2838235294112,11.165352941175684,14095.779999999999,13762.145,13928.934030533574,13629.557390350112,299.37664018346186,73.5080759480699,91.20158173811453,14265.00670852365,13259.283291476351,168.1463841738815,0.006649837265070148,0.014342442042139043,0.5206854345165256,0.7662801070472792,-262.0,-0.0037501320469031096,1116.0,0.0009446044336265391,1375.0,0.009112957877090988,1317.0,0.011750864507454217,1020.0,-0.0037501320469031096,0.004533861518105766
2021-01-07,1210.0,737.0,1.64,14253.75,14256.25,14123.1,14137.35,14137.35,1,1,623.6895588235293,7.162441176470338,14126.9,13792.5575,13960.998025836101,13667.171657731586,293.8263681045155,72.94015445367526,89.42923186344242,14308.758992902063,13276.356007097938,165.64664244717565,0.008166272033675323,0.009341401385600256,0.10702215546376297,1.6417910447761195,473.0,-0.0006291419987628499,859.0,-0.004376914680094379,1116.0,0.0003148681445421797,1375.0,0.011128792890732653,1113.0,-0.0006291419987628499,0.004621421924753279
2021-01-08,1074.0,887.0,1.21,14258.4,14367.3,14221.65,14347.25,14347.25,1,1,636.1086764705888,14.671852941176667,14192.65,13836.005000000001,14020.4214064767,13717.547831232949,302.8735752437515,77.37901821639377,98.37763482623302,14384.364771408618,13287.645228591384,170.23973941523445,0.006231414464456066,0.010215031139538772,0.8623412289735715,1.2108229988726043,187.0,0.014847195549378078,1210.0,0.014208712556331271,859.0,0.010405295961125383,1116.0,0.02345115383243579,1317.0,0.014847195549378078,0.007327025703115578
2021-01-11,778.0,1210.0,0.64,14474.05,14498.2,14383.1,14484.75,14484.75,0,-1,666.1480882352935,33.7787647058816,14263.02,13884.55,14091.856574711055,13774.37762151199,317.47895319906456,79.725279244006,98.96958553589207,14480.107903985247,13288.992096014752,168.8619008855749,0.0007392540443069306,0.007952162663525438,0.8831450912250157,0.6429752066115703,-432.0,0.009583718134137165,1074.0,0.024573205020743005,1210.0,0.02392860298665722,859.0,0.02489581048475542,1375.0,0.009583718134137165,0.007521658007896582
2021-01-12,1037.0,917.0,1.13,14473.8,14590.65,14432.85,14563.45,14563.45,1,0,694.6385294117663,46.46479411764847,14335.810000000001,13934.814999999999,14164.409409370892,13832.827427325918,331.5819820449742,80.94360213960115,97.65203504682991,14579.374218458079,13290.255781541919,168.0717651080338,0.006193950448396514,0.010902458234879526,0.8276299112801075,1.1308615049073065,120.0,0.005433300540223396,778.0,0.015069089895276111,1074.0,0.0301400191690806,1210.0,0.0256311841966268,1116.0,0.005433300540223396,0.0075228069655595255
2021-01-13,667.0,1309.0,0.51,14639.8,14653.35,14435.7,14564.85,14564.85,0,1,730.5510294117648,60.323852941176256,14419.530000000002,13984.664999999999,14226.015654083063,13887.051321598072,338.96433248499125,80.96551437356811,91.37805056261874,14661.401768691698,13307.9282313083,171.61306760031707,0.0051196054590908965,0.014867006379868554,0.5933838731909021,0.5095492742551566,-642.0,9.613106784445158e-05,1037.0,0.0055299539170508005,778.0,0.015166669570823688,1074.0,0.029590880975523648,859.0,9.613106784445158e-05,0.006522054646204632
2021-01-14,912.0,1022.0,0.89,14550.05,14617.8,14471.5,14595.6,14595.6,0,0,755.8136764705905,59.16167647058978,14511.179999999998,14030.310000000001,14282.87478422413,13939.536408887103,343.3383753370272,81.46951875407674,93.13970064148255,14741.682288326776,13318.937711673227,169.8049913431515,0.003130573434455627,0.010054948264782546,0.8482570061517497,0.8923679060665362,-110.0,0.0021112472837001572,667.0,0.0022075813080004725,1037.0,0.007652876300937139,778.0,0.032414137020021494,1210.0,0.0021112472837001572,0.005927833076441144
2021-01-15,518.0,1432.0,0.36,14594.35,14617.45,14357.85,14433.7,14433.7,1,0,747.8766176470599,28.87102941176488,14528.470000000001,14064.960000000001,14306.078663574264,13976.141119339909,329.9375442343553,70.83479487240862,72.31709622534508,14783.999602942193,13345.92039705781,176.2189205329264,0.01100768448063803,0.017787705516175804,0.29218027734976987,0.361731843575419,-914.0,-0.011092384006138767,912.0,-0.009004555488041355,667.0,-0.008909290037731443,1037.0,0.006025544965063023,1074.0,-0.011092384006138767,0.007767813085335626
2021-01-18,420.0,1579.0,0.27,14453.3,14459.15,14222.8,14281.3,14281.3,1,0,687.7600000000002,-35.56797058823611,14487.779999999999,14090.997500000001,14302.266561485916,13998.745480870286,303.5210806156301,62.55674544284808,52.80948756976138,14801.725052916208,13380.269947083794,180.5139976377174,0.011900396449253805,0.016352666865006634,0.24751427966998057,0.26599113362887905,-1159.0,-0.010558623222042929,518.0,-0.021533886924826717,912.0,-0.019468103001404113,667.0,-0.014045806796803562,778.0,-0.010558623222042929,0.007570584658753476
2021-01-19,1431.0,517.0,2.77,14371.65,14546.05,14350.85,14521.15,14521.15,1,-1,633.8397058823521,-77.32850000000144,14479.320000000002,14150.635,14335.940936641928,14037.442111916931,298.49882472499667,68.74704779446047,81.55949225833439,14792.197447544468,13509.072552455533,186.53085494930903,0.010402424217121904,0.01358229570021528,0.8724385245901651,2.7678916827853,914.0,0.016794689559073817,420.0,0.00605873753784536,518.0,-0.005100852311655579,912.0,-0.002904531549873246,1037.0,0.016794689559073817,0.011397920150666546
2021-01-20,997.0,937.0,1.06,14538.3,14666.45,14517.55,14644.7,14644.7,1,-1,598.1589705882361,-86.53082352941169,14495.289999999999,14209.555000000002,14383.44233100471,14082.424177700861,301.0181533038485,71.37252928345222,96.94822505963239,14803.58637534918,13615.523624650825,183.84293673864423,0.007318599836294578,0.010241912740829496,0.8539288112827416,1.064034151547492,60.0,0.008508279302947841,1431.0,0.02544586277159655,420.0,0.014618566271988431,518.0,0.005482377092795421,667.0,0.008508279302947841,0.012111898809175538
2021-01-21,601.0,1369.0,0.44,14730.95,14753.55,14517.25,14590.35,14590.35,0,-1,572.9810294117651,-75.14223529411754,14494.24,14259.017499999998,14415.274280080906,14120.048312685982,295.22596739492474,68.64077535991038,79.59489872468129,14804.952100729999,13713.082899269997,187.58986982874103,0.009544530393491278,0.016041056415234543,0.30935251798561403,0.4390065741417093,-768.0,-0.003711240243910785,997.0,0.004765462790481623,1431.0,0.021640186817726725,420.0,-0.0003596974430650768,912.0,-0.003711240243910785,0.012275489020041557
2021-01-22,477.0,1472.0,0.32,14583.4,14619.9,14357.75,14371.9,14371.9,1,-1,535.7932352941189,-69.91335294117562,14481.88,14290.15,14408.601313914613,14138.703993227762,269.89732068685043,58.88518191679235,46.52140404960417,14784.865644587087,13795.434355412912,192.91559341240236,0.014502790844384711,0.017975917824375635,0.053976730879266285,0.32404891304347827,-995.0,-0.014972224792414224,601.0,-0.018627899513134483,997.0,-0.010278111582071703,1431.0,-0.004281646424686758,518.0,-0.014972224792414224,0.013236072165549827
2021-01-25,501.0,1457.0,0.34,14477.8,14491.1,14218.6,14238.9,14238.9,0,1,507.669705882352,-62.018823529412884,14473.4,14308.435000000001,14382.493419466211,14146.125919655336,236.3674998108745,53.86560271217989,27.884817487563947,14765.77738388675,13851.092616113252,198.60019388294504,0.01650112586166404,0.018821920457528077,0.07449541284403403,0.3438572409059712,-956.0,-0.009254169594834383,477.0,-0.024087838879807588,601.0,-0.027709683366678783,997.0,-0.0029689173954752235,420.0,-0.009254169594834383,0.013006196557912169
2021-01-27,614.0,1313.0,0.47,14237.95,14237.95,13929.3,13967.5,13967.5,0,1,413.81132352941495,-111.87152941176248,14362.670000000002,14310.179999999998,14318.64827800987,14132.894370051237,185.75390795863314,45.367054223947406,4.634516226873003,14762.00609641234,13858.353903587657,206.52875146273468,0.018995009815317564,0.021677980327224174,0.12376478211566677,0.4676313785224676,-699.0,-0.019060461131126694,501.0,-0.028138241986097823,477.0,-0.042689174694232834,601.0,-0.038127145577313115,1431.0,-0.019060461131126694,0.010758476603195479
2021-01-28,938.0,975.0,0.96,13810.4,13898.25,13713.25,13817.55,13817.55,1,1,247.5466176470618,-208.01376470588076,14197.24,14301.959999999997,14241.55623523912,14109.53552782522,132.02070741390162,41.47367208086782,10.025954051715788,14782.44561331138,13821.474386688615,209.93741207253933,0.0005177257718820336,0.013395701789955396,0.5637837837837798,0.9620512820512821,-37.0,-0.010735636298550233,614.0,-0.02959147125129047,501.0,-0.03857179635260477,477.0,-0.05648118431924187,997.0,-0.010735636298550233,0.005820197075787428
2021-01-29,868.0,1044.0,0.83,13946.6,13966.85,13596.75,13634.6,13634.6,1,1,67.10970588235432,-287.27641176470604,14006.09,14284.602499999999,14148.17835289464,14074.355118356685,73.8232345379547,37.2709772192779,3.2719571230982356,14830.7053094363,13738.499690563698,221.3775969245008,0.022371043838641677,0.02653693373295286,0.10226965684950101,0.8314176245210728,-176.0,-0.013240408031814588,938.0,-0.023833900125290852,614.0,-0.0424400761294762,501.0,-0.06550562529343029,601.0,-0.013240408031814588,0.0038344198070599457
2021-02-01,1348.0,607.0,2.22,13758.6,14336.35,13661.75,14281.2,14281.2,1,1,-45.78500000000167,-283.85547058823795,13987.95,14297.7375,14168.64322168008,14089.676961441375,78.96626023870522,54.730983586596906,59.16753112033205,14830.070453023027,13765.404546976972,255.68991142989358,0.03798351576468539,0.04903115142529039,0.918247850578121,2.2207578253706752,741.0,0.04742346676836884,868.0,0.03355515268625786,938.0,0.022459280472525656,614.0,-0.006310926182341858,477.0,0.04742346676836884,0.027311858148209873
2021-02-02,1235.0,715.0,1.73,14481.1,14731.7,14469.15,14647.85,14647.85,1,1,-28.006764705882233,-158.94194117647166,14069.74,14323.485,14242.367341421606,14131.023112445717,111.34422897588956,61.30759618219083,90.86272475795306,14871.03235877293,13775.93764122707,269.60491775632977,0.011515009218912927,0.018130528758174523,0.6806322605218054,1.7272727272727273,520.0,0.025673612861664363,1348.0,0.07431461135640216,868.0,0.06009024754750314,938.0,0.0287206174634278,501.0,0.025673612861664363,0.02907428177938195
2021-02-03,1189.0,728.0,1.63,14754.9,14868.85,14574.15,14789.95,14789.95,0,1,64.18147058823342,3.172264705880295,14234.23,14353.007500000002,14326.610827356744,14179.832511523811,146.778315832933,63.519609570063885,93.79765741686977,14933.322294981315,13772.692705018688,271.3974236308777,0.002375482043253502,0.019973025910036715,0.7322701051917223,1.6332417582417582,461.0,0.009701082411411877,1235.0,0.03562375710724597,1348.0,0.08473662593695463,868.0,0.05888312153212816,614.0,0.009701082411411877,0.02549894401163831
2021-02-04,1212.0,705.0,1.72,14789.05,14913.7,14714.75,14895.65,14895.65,1,1,231.61691176470595,173.79364705882398,14449.85,14390.477499999999,14414.155315455706,14232.856029188713,181.29928626699257,65.11710685887186,98.62940886138418,15008.127644883165,13772.827355116833,266.22260765724366,0.007208035675043385,0.013452520614914462,0.9092736868559889,1.7191489361702128,507.0,0.007146744918001602,1189.0,0.016917158490836526,1235.0,0.043025095930314006,1348.0,0.0780239622798542,938.0,0.007146744918001602,0.02264894552886683
2021-02-05,764.0,1155.0,0.66,14952.6,15014.65,14864.75,14924.25,14924.25,1,1,427.42338235293937,297.5373823529404,14707.779999999999,14429.822499999998,14492.631420770213,14284.070397396958,208.561023373255,65.55661028689704,93.62437407433531,15077.485603375655,13782.159396624342,257.9138499674405,0.0018959913326110753,0.010025012372430189,0.39693128752501766,0.6614718614718614,-391.0,0.0019200236310601415,1212.0,0.009080490468189595,1189.0,0.0188696634659693,1235.0,0.09458656652927111,868.0,0.0019200236310601415,0.0185010807578996
2021-02-08,1106.0,793.0,1.39,15064.3,15159.9,15041.05,15115.8,15115.8,1,1,606.9804411764708,346.5413529411773,14874.7,14468.25,14588.503509882486,14345.679997589774,242.82351229271262,68.42594333155978,97.17877363016983,15179.804767392627,13756.695232607373,256.3235749697662,0.0034186785977443363,0.007889513618289623,0.6289440471182143,1.394703656998739,313.0,0.012834815819890322,764.0,0.014779482600624894,1212.0,0.022031852710793443,1189.0,0.058440467187631295,1348.0,0.012834815819890322,0.008896992556400404
2021-02-09,800.0,1150.0,0.7,15164.15,15257.1,15064.3,15109.3,15109.3,1,1,668.8523529411741,269.0414411764694,14966.99,14499.477499999999,14668.626046823641,14402.244442212754,266.38160461088773,68.21826478941946,91.09826241455109,15264.03235772714,13734.922642272859,251.7861767576401,0.00361708371389101,0.01271419763059592,0.2334024896265547,0.6956521739130435,-350.0,-0.00043001362812422617,1106.0,0.012399283046049092,764.0,0.014343113593565882,1212.0,0.031502916810316695,1235.0,-0.00043001362812422617,0.005464521972705584
2021-02-10,879.0,1048.0,0.84,15119.05,15168.25,14977.2,15106.5,15106.5,0,1,688.2076470588217,163.59149999999931,15030.3,14526.630000000001,14735.991270389235,14454.411520567364,281.5797498218708,68.12234906604117,90.92962327220162,15335.624353749867,13717.635646250135,247.44787841780862,0.0008300786094363914,0.01263637596277539,0.6767861816278449,0.8387404580152672,-169.0,-0.0001853163283540571,800.0,-0.0006152502679315219,1106.0,0.012211668928086894,764.0,0.02140304733957854,1189.0,-0.0001853163283540571,0.0056809611703640085
2021-02-11,1106.0,833.0,1.33,15073.25,15188.5,15065.4,15173.3,15173.3,1,0,703.6607352941173,84.63582352941262,15085.829999999998,14557.0525,14803.2695364832,14507.662519043857,295.6070174393426,69.23374026845747,94.95287138253977,15413.857036912681,13700.247963087319,238.56588710225088,0.006637586452822004,0.008166785530658641,0.8765231519090115,1.3277310924369747,273.0,0.004421937576539747,879.0,0.004235801790949845,800.0,0.003803966710329565,1106.0,0.018639669970763162,1212.0,0.004421937576539747,0.0054609136184589875
2021-02-12,854.0,1059.0,0.81,15186.2,15243.5,15081.0,15163.3,15163.3,1,-1,705.1435294117655,30.57458823529555,15133.64,14585.4375,14858.658838562707,14556.228258373943,302.430580188764,68.84677457564699,94.35058873129154,15482.154403974797,13688.720596025203,233.1326094520901,0.0015079480054260746,0.010700504405315352,0.506461538461534,0.8064211520302171,-205.0,-0.0006590524144385324,1106.0,0.003759970873465024,879.0,0.0035739577611140216,800.0,0.01601755532103777,764.0,-0.0006590524144385324,0.005784729818426993
2021-02-15,862.0,1116.0,0.77,15270.3,15340.15,15243.4,15314.7,15314.7,1,-1,700.9520588235282,7.588794117646785,15173.420000000002,14629.4875,14928.819017245369,14612.411350346243,316.4076668991256,71.44867952034032,98.54020878742692,15577.168617715308,13681.80638228469,229.11242306265513,0.002907604958645309,0.006335828372723522,0.7369509043927761,0.7724014336917563,-254.0,0.009984633951712452,854.0,0.00931900114016071,1106.0,0.013782146758018143,879.0,0.013158417020601165,1106.0,0.009984633951712452,0.004620854158448452
2021-02-16,822.0,1115.0,0.74,15371.45,15431.75,15242.2,15313.45,15313.45,0,-1,694.3474999999999,-4.114794117646625,15214.25,14681.095000000001,14987.993014592234,14664.340139209486,323.6528753827479,71.39566082364597,93.55313351498641,15659.236195277617,13702.953804722385,226.28653570103685,0.003773228940665975,0.012331302512124703,0.37589026642047096,0.737219730941704,-293.0,-8.162092629959705e-05,862.0,0.009902198070341095,854.0,0.009236619588355977,1106.0,0.013511545869100638,800.0,-8.162092629959705e-05,0.004565538955872118
2021-02-17,914.0,1010.0,0.9,15279.9,15314.3,15170.75,15208.9,15208.9,1,-1,689.7325000000001,-9.03476470588214,15234.73,14715.482499999998,15021.978704654968,14704.67790667545,317.3007979795184,66.92258503467106,87.85558583106265,15716.796307092518,13714.168692907479,220.37678315096272,0.0046466272685030665,0.009394694991459321,0.26576105886450596,0.904950495049505,-96.0,-0.006827331528819536,822.0,-0.0069083952019954875,862.0,0.003007260952431201,854.0,0.006778539039486331,879.0,-0.006827331528819536,0.006263918824434572
2021-02-18,1064.0,862.0,1.23,15238.7,15250.75,15078.05,15118.95,15118.95,0,0,662.4063235294125,-28.11005882352879,15223.86,14739.194999999998,15036.89736547728,14735.364728403194,301.53263707408587,63.25091963294671,82.32768361581924,15755.037203247683,13723.352796752313,216.9712986401797,0.007858281874438109,0.011332987722049829,0.23682686740012324,1.234338747099768,202.0,-0.0059143001795001204,914.0,-0.012701252820233155,822.0,-0.012781837058512435,862.0,-0.003581949872473289,1106.0,-0.0059143001795001204,0.006694747736227347
2021-02-19,646.0,1286.0,0.5,15074.8,15144.05,14898.2,14981.75,14981.75,1,-1,604.7541176470604,-65.68438235293979,15187.55,14758.765,15028.413155403852,14753.615489262216,274.797666141636,58.02190342641706,53.25161022231458,15777.459783092121,13740.070216907878,219.0340630230239,0.006172552869689765,0.016308674078594647,0.3398413666870033,0.5023328149300156,-640.0,-0.00907470426187007,1064.0,-0.014935333916325289,914.0,-0.02166069696900441,822.0,-0.0119729874103921,854.0,-0.00907470426187007,0.007669025105351426
2021-02-22,569.0,1395.0,0.41,14999.05,15010.1,14635.05,14675.7,14675.7,1,1,488.21632352941197,-139.67502941176497,15059.75,14773.954999999998,14974.149593034028,14747.84397153909,226.30562149493744,48.408120340991324,11.84118470149266,15778.078085034447,13769.831914965549,230.1780585213794,0.021558032008693787,0.025004916978075352,0.10838554859352442,0.4078853046594982,-826.0,-0.020428187628281025,646.0,-0.0293175121288185,1064.0,-0.0350584197410726,914.0,-0.041724617524339314,862.0,-0.020428187628281025,0.007465900306452775
2021-02-23,1156.0,755.0,1.53,14782.25,14854.5,14651.85,14707.8,14707.8,1,1,353.18279411764524,-206.47561764706074,14938.62,14797.4,14933.172732567255,14744.877751425085,188.2949811421695,49.35594531602456,9.131417095519007,15771.916815657427,13822.883184342572,228.2117686269951,0.005036445737286322,0.01370900911566234,0.2760917838637997,1.5311258278145696,401.0,0.0021872891923382376,569.0,-0.01828558078996112,646.0,-0.02719434881390581,1064.0,-0.039550199334571934,822.0,0.0021872891923382376,0.008141258164308147
2021-02-24,1200.0,632.0,1.9,14729.15,15008.8,14723.05,14982.0,14982.0,1,1,256.5716176470578,-216.45461764705976,14893.24,14848.125,14940.684619864602,14762.442362430635,178.2422574339671,56.67755910691827,43.54838709677424,15747.26878800005,13948.98121199995,233.41092801078116,0.017166638943863045,0.019400304837685813,0.9062117235345607,1.8987341772151898,568.0,0.01864316893077156,1156.0,0.02087123612502295,569.0,1.668696914580714e-05,646.0,-0.014918896172635754,914.0,0.01864316893077156,0.014529603179170635
2021-02-25,1258.0,677.0,1.86,15079.85,15176.5,15065.35,15097.35,15097.35,0,0,220.48691176470675,-164.1554411764697,14888.920000000002,14912.115000000002,14964.786986039278,14787.250335583922,177.53665045535672,59.340578760579305,58.0268608008034,15681.586458274487,14142.643541725516,230.6315760100111,0.0011604889969064679,0.007370762971780199,0.28789923526765726,1.8581979320531758,581.0,0.007699239086904397,1200.0,0.026485946232611246,1156.0,0.02873116784889307,569.0,-0.0014286706418105144,1064.0,0.007699239086904397,0.015092232687288935
2021-02-26,580.0,1368.0,0.42,14888.6,14919.45,14467.75,14529.15,14529.15,1,1,143.24294117646969,-149.09717647058858,14798.4,14956.842499999999,14897.765911264005,14768.131792207336,129.63411905666908,44.74872588967069,6.369294605809091,15492.573450453727,14421.11154954627,259.1293205807246,0.02414263261824488,0.030338648361833934,0.13593092760681766,0.4239766081871345,-788.0,-0.037635744021301765,1258.0,-0.030226271525831017,1200.0,-0.012146616081262995,1156.0,-0.030210088941545532,646.0,-0.037635744021301765,0.02275376969502223
2021-03-01,1297.0,700.0,1.85,14702.5,14806.8,14638.55,14761.55,14761.55,1,1,114.968088235295,-102.72238235293989,14815.570000000002,14980.859999999997,14876.809617223389,14767.644252043829,109.16536517956047,50.14828551176924,30.477178423236438,15429.223206116476,14532.496793883518,260.45222625352994,0.004016323754463477,0.011443632035368134,0.7310549777117384,1.8528571428571428,597.0,0.015995429877177836,580.0,-0.022242314048491973,1258.0,-0.014714323855293032,1200.0,0.005849806142125935,569.0,0.015995429877177836,0.022773013357351685
2021-03-02,1189.0,729.0,1.63,14865.3,14959.1,14760.8,14919.1,14919.1,1,1,126.08191176470609,-46.18838235294098,14857.829999999998,14994.4225,14883.315829958252,14778.863196336879,104.45263362137302,53.4682425687625,46.820539419087176,15417.361652212283,14571.483347787718,256.012781521135,0.003619166784390567,0.013339791326108527,0.7982854261220385,1.6310013717421126,460.0,0.010672998431736636,1297.0,0.026839147506908523,580.0,-0.011806707799713156,1258.0,0.014366526604930874,1156.0,0.010672998431736636,0.02316129982392985
2021-03-03,1206.0,734.0,1.64,15064.4,15273.15,14995.8,15245.6,15245.6,0,0,162.44044117647354,8.996382352943328,14910.55,15017.204999999998,14939.051856118522,14813.436292904516,125.6155632140053,59.48928559479181,80.6898340248963,15442.713617890446,14591.69638210955,263.01543998391105,0.01202835824858612,0.01841095563049311,0.9006670272219245,1.6430517711171662,472.0,0.02188469813862759,1189.0,0.03279127191927689,1297.0,0.049311212287022954,580.0,0.017594446669336516,1200.0,0.02188469813862759,0.023744043865462076
2021-03-04,1047.0,896.0,1.17,15026.75,15202.35,14980.2,15080.75,15080.75,0,0,140.43323529411828,2.9999117647057574,14907.23,15026.460000000001,14960.851570561827,14833.237308244923,127.61426231690348,55.57887403008278,63.58921161825726,15449.03240042274,14603.887599577261,263.18576569934595,0.003593591428618963,0.014783635849401875,0.45262210218320703,1.1685267857142858,151.0,-0.010812955869234475,1206.0,0.010835103994208728,1189.0,0.021623745473883238,1297.0,-0.0010995307123435882,1258.0,-0.010812955869234475,0.024403246437637242
2021-03-05,537.0,1423.0,0.38,14977.95,15092.35,14862.1,14938.1,14938.1,1,0,182.75897058823648,37.42244117647061,14989.02,15027.152500000002,14957.35132893693,14841.004915041594,116.34641389533499,52.370827497342106,48.791493775933645,15449.097563336494,14605.20743666351,260.8332110065355,0.002660577715909077,0.01537259771864641,0.3300760043431053,0.3773717498243148,-886.0,-0.009459078626726125,1047.0,-0.020169753896206122,1206.0,0.001273535266872683,1189.0,0.02814686337466399,580.0,-0.009459078626726125,0.014959418737038679
2021-03-08,1038.0,927.0,1.12,15002.45,15111.15,14919.9,14956.2,14956.2,1,0,221.4892647058805,54.8484999999975,15027.95,15019.172499999997,14957.174201408172,14849.537884297773,107.63631711039852,52.7435481923184,57.69889551709895,15440.145290657587,14598.199709342407,255.86298164892585,0.0030828298044652705,0.012747917840086118,0.18980392156863315,1.1197411003236246,111.0,0.0012116668117096996,537.0,-0.008258873066657735,1047.0,-0.018982526105892794,1206.0,0.013186284638130985,1297.0,0.0012116668117096996,0.013822804077772354
2021-03-09,744.0,1208.0,0.62,15049.9,15126.85,14925.45,15098.4,15098.4,1,-1,237.73808823529544,48.7660882352946,15063.810000000001,15018.627499999999,14978.901247345377,14867.97211509053,110.92913225484699,55.678054144406154,78.30270672957536,15439.160148523319,14598.094851476679,251.97276867400254,0.003222612774835713,0.013382148718596113,0.8587388282025781,0.6158940397350994,-464.0,0.009507762666987496,1038.0,0.01073094971917432,537.0,0.0011703661953152977,1047.0,0.012018151228961438,1189.0,0.009507762666987496,0.013663672447030949
2021-03-10,1080.0,851.0,1.27,15202.15,15218.45,15100.85,15174.8,15174.8,1,-1,226.07750000000306,24.378088235296303,15049.65,15022.0425,15009.03951698455,14890.700106565304,118.33941041924663,57.21529142537078,87.78867643406997,15446.465301312603,14597.619698687397,242.5497137687167,0.0017990876290524935,0.007735747904079381,0.6288265306122337,1.2690951821386605,229.0,0.005060138822656768,744.0,0.014616012088632058,1038.0,0.015845388637109048,537.0,-0.004643962848297267,1206.0,0.005060138822656768,0.008941873753492355
2021-03-12,786.0,1174.0,0.67,15321.15,15336.3,14953.6,15030.95,15030.95,1,-1,221.8257352941182,3.847823529411471,15039.689999999999,15014.925,15012.41036052539,14901.088987560466,111.32137296492328,53.455888840053916,64.84370502561755,15433.69961897665,14596.150381023348,252.56044849952258,0.0189411369251002,0.024978542733410932,0.20211654037104934,0.6695059625212947,-388.0,-0.009479531855444479,1080.0,-0.004467360779950136,744.0,0.004997927280993908,1038.0,-0.003302223032674023,1047.0,-0.009479531855444479,0.008585022939163545
2021-03-15,691.0,1316.0,0.53,15048.4,15048.4,14745.85,14929.5,14929.5,1,-1,193.79691176470442,-26.388588235295913,15037.970000000001,15003.235,14999.65492044456,14903.193507000431,96.461413444129,50.91503526124331,53.16331817396815,15417.821559235877,14588.648440764124,256.13113074955663,0.007901172217644376,0.020105127455410494,0.6070071062634278,0.5250759878419453,-625.0,-0.00674940705677296,786.0,-0.01616495769301729,1080.0,-0.01118661580034963,744.0,-0.0005757090928565356,537.0,-0.00674940705677296,0.00795057113241151
2021-03-16,913.0,1022.0,0.89,14996.1,15051.6,14890.65,14910.45,14910.45,1,-1,166.79117647058774,-42.454705882354034,15028.820000000002,14983.022500000001,14985.931086530014,14903.7310250004,82.20006152961469,50.430301509674024,50.97000748373739,15373.621471419598,14592.423528580404,249.33247855315977,0.005711484986096361,0.010732790525536688,0.12301957129543958,0.8933463796477495,-109.0,-0.0012759971867778441,691.0,-0.008016792019133856,786.0,-0.01742032843925445,1080.0,-0.0030589320816785115,1038.0,-0.0012759971867778441,0.007926561518307979
2021-03-17,382.0,1582.0,0.24,14946.55,14956.55,14696.05,14721.3,14721.3,1,-1,104.97779411764895,-77.71602941176351,14953.4,14953.414999999999,14945.218611679244,14890.21761574111,55.0009959381332,45.770777536266266,29.19233204766559,15328.813997200385,14578.016002799613,250.1301586565055,0.015070367409201455,0.017428771187999906,0.09692898272552783,0.24146649810366624,-1200.0,-0.012685733830971047,913.0,-0.013945544057068271,691.0,-0.02060082696037191,786.0,-0.0249761564139247,744.0,-0.012685733830971047,0.007022612007379803
2021-03-18,425.0,1529.0,0.28,14855.5,14875.2,14478.6,14557.85,14557.85,0,-1,-17.194264705880414,-151.2337352941162,14830.01,14920.8625,14885.623440651667,14865.59779235288,20.02564829878611,42.14685872031342,10.373611191065619,15314.468347103499,14527.2566528965,260.5922901810408,0.02003635017333645,0.026697182861566447,0.1998234997478566,0.2779594506213211,-1104.0,-0.011102959657095401,382.0,-0.023647844297120524,913.0,-0.02489366690110184,691.0,-0.04065621952183873,1080.0,-0.011102959657095401,0.004478140677773208
2021-03-19,1017.0,915.0,1.11,14471.15,14788.25,14350.1,14744.0,14744.0,0,-1,-155.50735294117658,-214.0802058823534,14772.62,14902.115,14863.835219012948,14856.59054847489,7.2446705380589265,47.267574985402945,39.941188399918886,15291.894456999811,14512.335543000188,273.27498373953784,0.0188547558417956,0.03027748313022805,0.8990071893187264,1.1114754098360655,102.0,0.012786915650319308,425.0,0.0015419833846195274,382.0,-0.01116331163714046,913.0,-0.01909060970863452,786.0,0.012786915650319308,0.010277216314175518
2021-03-22,1062.0,930.0,1.14,14736.3,14763.9,14597.85,14736.4,14736.4,1,1,-218.81102941176505,-194.862294117648,14734.0,14889.8475,14844.229800703264,14847.687544884157,-3.457744180892405,47.08433701942001,39.17055364023522,15284.245781530322,14495.449218469677,265.6160563295708,6.785963912268602e-06,0.011268093076280971,0.8343872327612157,1.1419354838709677,132.0,-0.0005154639175257714,1017.0,0.012264860539159317,425.0,0.0010257246302975975,382.0,-0.012934123714792856,691.0,-0.0005154639175257714,0.010208688054433934
2021-03-23,1157.0,778.0,1.49,14768.55,14878.6,14707.0,14814.75,14814.75,0,-1,-260.1341176470578,-150.80032352941163,14714.86,14896.8,14839.694446748916,14845.247726744588,-5.55327999567271,49.26780045855787,47.11518961671062,15280.61343384393,14512.986566156069,258.9006237346015,0.0031282691936581944,0.011619285576444564,0.6279137529137516,1.487146529562982,379.0,0.005316766645856452,1062.0,0.004798562126966832,1017.0,0.01764683658644639,425.0,-0.006418317354607073,913.0,0.005316766645856452,0.010823046014477363
2021-03-24,441.0,1492.0,0.3,14712.45,14752.35,14535.0,14549.4,14549.4,1,1,-294.3701470588221,-105.16676470588172,14680.48,14888.880000000001,14795.033762633699,14823.333080319064,-28.299317685365168,42.823076481266135,20.208882579598406,15293.91703336741,14483.842966632592,260.38986489641565,0.01108245057757213,0.014773202287858266,0.06625258799171664,0.2955764075067024,-1051.0,-0.01791120336151475,1157.0,-0.012689666404277822,1062.0,-0.013198589256646742,1017.0,-0.011676957877361338,382.0,-0.01791120336151475,0.012349244908967947
2021-03-25,359.0,1615.0,0.22,14570.9,14575.6,14264.4,14324.9,14324.9,1,1,-334.1552941176469,-81.55970588235323,14633.89,14856.025,14722.705491459285,14786.41211140654,-63.706619947255604,38.262718765391604,5.644183226047208,15326.787801736798,14385.2621982632,264.01916026095745,0.01688296536246903,0.021357637482928352,0.19440874035989672,0.22229102167182663,-1256.0,-0.015430189561081553,441.0,-0.03306501965946107,1157.0,-0.027924052007274547,1062.0,-0.016001676071672688,425.0,-0.015430189561081553,0.013241113780297943
2021-03-26,1157.0,769.0,1.5,14506.3,14572.9,14414.25,14507.3,14507.3,1,1,-336.1539705882333,-47.42905882352824,14586.55,14826.522499999997,14689.566185080932,14765.73714019124,-76.17095511030857,43.52496012764611,22.660695960444045,15306.949705176898,14346.095294823097,262.87493452803193,6.893556592652848e-05,0.010936627534243718,0.5865111881500125,1.504551365409623,388.0,0.012733073180266397,359.0,-0.002893590113681732,441.0,-0.020752965794225364,1157.0,-0.016053988062940894,1017.0,0.012733073180266397,0.013224924022494972
2021-03-30,1049.0,917.0,1.14,14628.5,14876.3,14617.6,14845.1,14845.1,0,0,-312.54117647058774,-5.070235294118163,14608.289999999999,14842.320000000002,14713.49446429925,14771.615870547445,-58.121406248194035,51.730635623444705,54.17482974158046,15302.966284473332,14381.673715526671,270.4552963474582,0.014806712923402972,0.01768465666336254,0.8793969849246268,1.143947655398037,132.0,0.023284829017115705,1157.0,0.036314389629247046,359.0,0.020323862152391126,441.0,0.007376292717353072,1062.0,0.023284829017115705,0.017879498638780182
2021-03-31,925.0,1008.0,0.92,14811.85,14813.75,14670.25,14690.7,14690.7,1,1,-310.38647058823517,7.134941176469852,14583.48,14838.777500000002,14709.987623637828,14765.622102358746,-55.634478720918196,48.277787433161784,39.77050097956911,15302.930242611834,14374.62475738817,263.6263466083541,0.008179261874782667,0.009688188848793364,0.1425087108013988,0.9176587301587301,-83.0,-0.010400738290749056,1049.0,0.012641911313614695,1157.0,0.025535954875775868,359.0,-0.008373411633675887,1157.0,-0.010400738290749056,0.018435420967076024
2021-04-01,1594.0,355.0,4.49,14798.4,14883.2,14692.45,14867.35,14867.35,0,0,-273.17705882352857,40.10573529411778,14647.070000000002,14836.189999999999,14734.197220001239,14773.157502184024,-38.960282182784795,52.20816610661659,56.250583076779634,15299.098116799743,14373.281883200254,258.5458932791859,0.004659287490539567,0.012889907016974808,0.9169069462647426,4.490140845070423,1239.0,0.012024614211712192,925.0,0.0014988110554998713,1049.0,0.02481853963177172,1157.0,0.021853134837175547,441.0,0.012024614211712192,0.01655672775299346
2021-04-05,623.0,1374.0,0.45,14837.7,14849.85,14459.5,14637.8,14637.8,1,-1,-212.35161764706027,76.57044117646876,14709.65,14805.8,14719.366878462586,14763.131020540763,-43.76414207817652,47.189889468337476,47.433943089430805,15235.844329109328,14375.75567089067,269.21047233067264,0.013472438450703374,0.026307985739029656,0.45676956577430283,0.4534206695778748,-751.0,-0.015439873279367244,1594.0,-0.003600917587317287,925.0,-0.01396420367663409,1049.0,0.021843084419437497,359.0,-0.015439873279367244,0.01655963382815733
2021-04-06,1158.0,774.0,1.5,14737.0,14779.1,14573.9,14683.5,14683.5,1,-1,-161.47985294117643,92.50738235294119,14744.89,14785.9375,14713.84889716065,14757.232426426632,-43.38352926598236,48.256234564886746,53.23932926829268,15199.739393270314,14372.135606729686,264.63829573562464,0.0036303182465902153,0.013924136527108687,0.5341130604288498,1.496124031007752,384.0,0.0031220538605529757,623.0,-0.012366023534792658,1594.0,-0.0004901059854194312,925.0,0.012145609451793327,1157.0,0.0031220538605529757,0.01590110683135569
2021-04-07,1277.0,647.0,1.97,14716.45,14879.8,14649.85,14819.05,14819.05,1,-1,-142.40632352941248,77.55394117647012,14739.679999999998,14779.984999999997,14730.033682212857,14761.811505950585,-31.777823737727886,51.39140919228243,80.13436393845264,15188.248248528564,14371.72175147143,262.16056032593707,0.00697179007165441,0.015625371607962443,0.7358121330724058,1.973724884080371,630.0,0.009231450267306762,1158.0,0.012382325212805245,623.0,-0.003248729598751665,1594.0,-0.0017547877750908603,1049.0,0.009231450267306762,0.012100573414844423
2021-04-08,1242.0,707.0,1.76,14875.65,14984.15,14821.1,14873.8,14873.8,1,-1,-97.50632352941284,79.87791176470529,14776.3,14775.865000000002,14752.151577257033,14770.106949954246,-17.955372697213534,52.63962064678127,84.66828759986102,15178.557051199301,14373.172948800702,255.22766315979874,0.00012436431349220799,0.010960865575621858,0.3232137381171367,1.7567185289957568,535.0,0.0036945688151399647,1277.0,0.01296012531072277,1158.0,0.01612264138053532,623.0,0.01246366749031691,925.0,0.0036945688151399647,0.010720076604406416
2021-04-09,1071.0,844.0,1.27,14882.65,14918.45,14785.65,14834.85,14834.85,0,-1,-73.1767647058823,64.20741176470656,14769.8,14762.6875,14764.874411525183,14774.902731439117,-10.028319913933956,51.62399246450247,79.25668634942699,15138.661412491416,14386.713587508584,246.48283007695605,0.0032117935985862245,0.008923142047955242,0.3704819277108458,1.268957345971564,227.0,-0.0026186986513196953,1242.0,0.0010661952014467957,1277.0,0.01030748799673109,1158.0,-0.002185998177213877,1594.0,-0.0026186986513196953,0.009394886659098151
2021-04-12,229.0,1781.0,0.13,14644.65,14652.5,14248.7,14310.8,14310.8,1,0,-92.9976470588208,20.515735294120162,14704.4,14719.4875,14695.016809752076,14740.524751332516,-45.507941580439365,40.34517551226927,8.443809912298407,15094.673511032011,14344.301488967987,270.7447707857449,0.02279672098684505,0.027573209329004058,0.15378900445764898,0.12857944974733296,-1552.0,-0.035325601539617946,1071.0,-0.037851793085828755,1242.0,-0.03429707032502083,1277.0,-0.02233942259082644,623.0,-0.035325601539617946,0.01780086715794606
2021-04-13,1407.0,519.0,2.71,14364.9,14528.9,14274.9,14504.8,14504.8,1,-1,-129.70514705882488,-22.546705882354217,14668.659999999998,14693.179999999998,14665.752685174833,14723.063658641218,-57.310973466384894,45.12488085131463,34.82221768984961,15050.688841008328,14335.671158991669,269.54871572962026,0.009739016630815365,0.017681988736433948,0.905118110236219,2.7109826589595376,888.0,0.013556195321016373,229.0,-0.02224828697290504,1071.0,-0.02480872406513468,1242.0,-0.012170122927095073,1158.0,0.013556195321016373,0.019436561996605175
2021-04-15,754.0,1166.0,0.65,14522.4,14597.55,14353.2,14581.45,14581.45,1,-1,-177.38338235294032,-63.22952941176409,14621.14,14675.7775,14652.783041301784,14712.573758001128,-59.79071669934456,46.93399938151026,45.24440818546475,15019.184654081162,14332.370345918838,267.7488074632187,0.004066132319726842,0.016825731284085176,0.9341109064866027,0.6466552315608919,-412.0,0.005284457558877076,1407.0,0.018912290018727296,229.0,-0.01708139954229393,1071.0,-0.016033416447073123,1277.0,0.005284457558877076,0.018924940744600886
2021-04-16,1133.0,763.0,1.48,14599.6,14697.7,14559.0,14617.85,14617.85,0,-1,-228.5670588235298,-88.20105882353019,14569.95,14661.147500000001,14647.408727255355,14705.557183334377,-58.148456079021344,47.813873446515615,50.19375892310833,14987.841865537772,14334.45313446223,258.53103550156027,0.0012500342475136304,0.009500260281103642,0.42429704397981294,1.4849279161205766,370.0,0.002496322382204763,754.0,0.007793971650764009,1407.0,0.02145582357380449,229.0,-0.017208110906426044,1242.0,0.002496322382204763,0.018825000711904953
2021-04-19,380.0,1598.0,0.24,14306.6,14382.3,14191.4,14359.45,14359.45,1,1,-324.57544117647194,-133.9297058823544,14474.87,14643.054999999998,14603.107384600684,14679.919614198496,-76.81222959781189,42.43485877137642,21.19836013875763,14993.626627344725,14292.483372655272,270.5252472514489,0.0036940992269302534,0.013343491814966493,0.880303823991626,0.23779724655819776,-1218.0,-0.017677018166146197,1133.0,-0.01522482332004016,754.0,-0.010020820693839139,1407.0,-0.032046161572243714,1071.0,-0.017677018166146197,0.01986051381815563
2021-04-20,1073.0,828.0,1.3,14526.7,14526.95,14207.3,14296.4,14296.4,0,1,-319.0998529411754,-83.23367647058694,14471.99,14629.982500000002,14555.921633123657,14651.510753887496,-95.58912076383967,41.21644010159791,13.245033112582782,15010.506959495227,14249.458040504776,274.0341581620598,0.015853566191908766,0.022004309306311923,0.2787423744720787,1.2958937198067633,245.0,-0.00439083669639162,380.0,-0.02199023796249111,1133.0,-0.019548810303502084,754.0,-0.0010062330547557785,229.0,-0.00439083669639162,0.011721530721833979
2021-04-22,1136.0,782.0,1.45,14219.15,14424.75,14151.4,14406.15,14406.15,0,1,-329.93764705882495,-54.02497058823644,14452.26,14613.090000000002,14532.879843412325,14633.335883229163,-100.4560398168378,44.21881972918376,30.591413989792855,15001.777068988844,14224.40293101116,273.9852897219127,0.013151278381619155,0.019224074575484498,0.9319553685750857,1.4526854219948848,354.0,0.0076767577851766244,1073.0,0.0032522136989925343,380.0,-0.014482293907790877,1133.0,-0.006801196845182211,1407.0,0.0076767577851766244,0.010199349082563368
2021-04-23,1028.0,864.0,1.19,14326.35,14461.15,14273.3,14341.35,14341.35,1,1,-341.11323529411857,-32.45458823529441,14404.240000000002,14593.3375,14503.413713656582,14611.707299286263,-108.29358562968082,42.82793227761949,22.809966976883906,14994.890045595394,14191.784954404606,267.8327690274904,0.0010470217466416777,0.013112202340442636,0.3622571200425923,1.1898148148148149,164.0,-0.00449807894545029,1136.0,0.003144148177163464,1073.0,-0.0012604939604232701,380.0,-0.016466126482620025,754.0,-0.00449807894545029,0.009531634667933959
2021-04-26,1281.0,664.0,1.93,14449.45,14557.5,14421.3,14485.0,14485.0,1,1,-358.00470588235294,-23.458529411764175,14377.670000000002,14576.85,14500.580834632494,14602.321573413206,-101.74073878071249,46.82128771432581,40.060042029420636,14967.618217744413,14186.081782255587,264.1411426683839,0.002460301257141225,0.009425964310060294,0.4676945668135124,1.9292168674698795,617.0,0.010016490776670217,1028.0,0.005473356864950096,1136.0,0.013192132285050784,1073.0,-0.009088203805621253,1133.0,0.010016490776670217,0.011129992376638417
2021-04-27,1325.0,570.0,2.32,14493.8,14667.55,14484.85,14653.05,14653.05,1,-1,-283.714852941177,42.65920588235275,14436.39,14582.032499999998,14524.037629304417,14606.079234641857,-82.04160533743925,51.12240664489255,60.24016811768234,14973.954627818961,14190.110372181034,258.32391819207066,0.010987456705625854,0.012605389890849805,0.9206349206349201,2.324561403508772,755.0,0.011601656886434109,1281.0,0.02173435555230152,1028.0,0.017138513759748397,1136.0,0.020446465567970806,380.0,0.011601656886434109,0.007907155259316059
2021-04-28,1204.0,716.0,1.68,14710.5,14890.25,14694.95,14864.55,14864.55,1,-1,-189.8352941176472,110.6858529411769,14550.02,14609.015,14576.42414787297,14625.225217260977,-48.80106938800782,55.95115625306557,85.63794656259378,15000.71710121869,14217.312898781309,256.8150668926371,0.010472111756908282,0.013276231263383249,0.8684075780849932,1.681564245810056,488.0,0.014433855067716328,1325.0,0.026202968588194597,1281.0,0.036481921158049824,1028.0,0.03974077390112196,1073.0,0.014433855067716328,0.007324970155218167
2021-04-29,867.0,1042.0,0.83,14979.0,15044.35,14814.45,14894.9,14894.9,0,-1,-60.163676470585415,186.40267647059082,14647.769999999999,14628.395,14625.420432815588,14645.201127093496,-19.78069427790797,56.61354364761831,83.26334061257623,15036.07754426592,14220.712455734081,254.89256211459158,0.005614527004472953,0.015348154082381977,0.34993475424097015,0.8320537428023033,-175.0,0.0020417705211392967,1204.0,0.01650509620863927,1325.0,0.028298239558163685,1281.0,0.033926482786865275,1136.0,0.0020417705211392967,0.007777083450412384
2021-04-30,799.0,1087.0,0.74,14747.35,14855.45,14601.7,14631.1,14631.1,0,1,20.54602941176563,194.78052941176503,14705.720000000001,14617.694999999998,14626.294212382421,14644.156599160644,-17.86238677822257,49.62793107454823,53.72081303544435,15013.114206537992,14222.275793462004,257.62880767783497,0.007882772159065866,0.01720648116441259,0.1158620689655158,0.735050597976081,-288.0,-0.017710760058812003,867.0,-0.015705150845467863,1204.0,-0.0014979816488717157,1325.0,0.02020381623766232,1028.0,-0.017710760058812003,0.013019323191519024
2021-05-03,1162.0,788.0,1.47,14481.05,14673.85,14416.25,14634.15,14634.15,1,1,45.826029411768104,139.29438235294327,14735.55,14614.867499999998,14627.502795092818,14643.41536959319,-15.912574500371193,49.70520214956756,54.06237751273863,15008.964667300319,14220.770332699678,257.6267499865611,0.010572437772122904,0.017788765317432117,0.8458850931676992,1.4746192893401016,374.0,0.0002084600611027554,799.0,-0.017505991983833402,867.0,-0.015499964681070066,1204.0,0.01029685881946829,1281.0,0.0002084600611027554,0.012633802555693968
2021-05-04,778.0,1134.0,0.69,14687.25,14723.4,14461.5,14496.5,14496.5,1,1,65.75838235294032,89.33208823529203,14704.24,14596.325,14607.348518924693,14632.532749623322,-25.184230698629108,46.256460787373925,38.647180693207915,14975.78510396238,14216.864896037621,257.9319821303781,0.01298745510561882,0.01783179288158094,0.13363879343260804,0.6860670194003528,-356.0,-0.009406080981813059,1162.0,-0.009199581712926563,799.0,-0.026747410187379583,867.0,-0.010683782557215027,1325.0,-0.009406080981813059,0.012175029351739248
2021-05-05,1187.0,707.0,1.68,14604.15,14637.9,14506.6,14617.85,14617.85,1,1,38.53250000000298,16.43264705882466,14654.9,14595.3275,14608.964131397817,14631.445138540112,-22.481007142294402,49.57791184233063,52.23696735539508,14974.450989741983,14216.204010258016,249.60826912106538,0.000938089515651423,0.008990595139052891,0.847296268088352,1.6789250353606788,480.0,0.008370986100093125,778.0,-0.001113833054875002,1162.0,-0.0009056051834790413,799.0,-0.016596533362933874,1204.0,0.008370986100093125,0.010271440349937494
2021-05-06,1056.0,850.0,1.24,14668.35,14743.9,14611.5,14724.8,14724.8,1,0,-5.3538235294145124,-38.41564705882702,14620.88,14597.392500000002,14626.785034259692,14638.360313463067,-11.57527920337452,52.37169327977618,64.21412173133984,14978.85719204127,14215.927807958733,241.23624989813212,0.003848421942481527,0.00902623676146258,0.8557401812688791,1.2423529411764707,206.0,0.007316397418224874,1187.0,0.015748628979408874,778.0,0.006194415118062846,1162.0,-0.011420016247171927,867.0,0.007316397418224874,0.011187155129419646
2021-05-07,1097.0,834.0,1.32,14816.85,14863.05,14765.5,14823.15,14823.15,1,1,16.39941176470711,-15.833088235293687,14659.289999999999,14597.5975,14656.995028988971,14652.048438391728,4.946590597242903,54.84920252733565,75.2281762696679,14979.54255295152,14215.65244704848,233.88008919112266,0.0004251915893053701,0.00658372056138783,0.5909789851358285,1.315347721822542,263.0,0.006679207866999937,1056.0,0.014044473024418691,1187.0,0.022533025212982505,778.0,0.013126149093369621,799.0,0.006679207866999937,0.007450643522775628
2021-05-10,1353.0,643.0,2.1,14928.25,14966.9,14892.5,14942.35,14942.35,0,1,90.28823529411784,49.16329411764709,14720.929999999998,14601.025,14700.895793759899,14673.55225777012,27.34353598977941,57.71980898610076,88.57718797245087,14993.896894514151,14208.153105485848,227.44222567747104,0.0009445179441662864,0.004983839364962379,0.6700268817204382,2.104199066874028,710.0,0.008041475664754216,1097.0,0.014774394219276399,1056.0,0.022198886977222942,1187.0,0.02106032806825131,1162.0,0.008041475664754216,0.007634427020755142
2021-05-11,1182.0,772.0,1.53,14789.7,14900.0,14771.4,14850.75,14850.75,0,1,134.26764705882306,79.44085294117576,14791.779999999999,14601.820000000002,14723.950287027606,14686.678016453814,37.27227057379241,54.834666031700536,78.31905481829887,14996.640828223562,14206.99917177644,223.4070667005089,0.004127872776324014,0.008695240606638429,0.6170295489891147,1.5310880829015545,410.0,-0.006130227173101965,1353.0,0.0018619524190202075,1097.0,0.008553596653265272,1056.0,0.02443693305280581,778.0,-0.006130227173101965,0.006176107419772311
2021-05-12,887.0,1089.0,0.81,14823.55,14824.05,14649.7,14696.5,14696.5,1,1,162.2602941176483,82.68794117647194,14807.51,14621.105000000001,14719.727165946437,14687.405570790568,32.321595155868636,50.27715692560184,54.8861941508333,14994.267396148294,14247.942603851709,221.8101333647582,0.008570821429414633,0.011761690013525677,0.26842558072841793,0.8145087235996327,-202.0,-0.0103866808073666,1182.0,-0.01645323526754494,1353.0,-0.008544067893801244,1097.0,0.005380408199564313,1187.0,-0.0103866808073666,0.008691593370092298
2021-05-14,761.0,1220.0,0.62,14749.4,14749.65,14591.9,14677.8,14677.8,1,1,161.17235294117563,48.29476470588125,14798.109999999997,14629.755000000001,14713.276832723908,14686.694047028304,26.58278569560389,49.737451248998134,41.64145836650201,14999.739294124945,14259.770705875057,217.23440955298975,0.004854434756668092,0.010695350319335025,0.5445324881141023,0.6237704918032787,-459.0,-0.001272411798727613,887.0,-0.01164587647088533,1182.0,-0.017704711775590964,1353.0,-0.003191893947625757,1056.0,-0.001272411798727613,0.007976147222925096
2021-05-17,1340.0,650.0,2.06,14756.25,14938.0,14725.35,14923.15,14923.15,1,1,163.50897058823648,21.20947058823623,14818.11,14646.84,14745.565012304845,14704.209302803985,41.35570950086003,56.357021507859564,80.703709600382,15037.314377647408,14256.365622352592,220.3033802992048,0.011310461668784388,0.014410842863193538,0.9301669409828338,2.0615384615384613,690.0,0.01671572033956048,761.0,0.015422039261048459,887.0,0.00487517465447862,1182.0,0.00674620441674012,1097.0,0.01671572033956048,0.010971009897600742
2021-05-18,1201.0,756.0,1.59,15067.2,15137.25,15043.7,15108.1,15108.1,0,1,182.5227941176472,21.776382352941084,14851.259999999998,14671.352499999999,14801.339625796409,14734.127132225913,67.21249357049601,60.572417642727956,95.95700416088769,15110.044718387931,14232.660281612067,219.8602817064045,0.0027145056812148,0.006208851014123345,0.6884019241047583,1.5886243386243386,445.0,0.012393496011230853,1340.0,0.029316382564144483,761.0,0.02800666825434628,887.0,0.01109263268495253,1353.0,0.012393496011230853,0.01177357096791333
2021-05-19,1107.0,857.0,1.29,15058.6,15133.4,15008.85,15030.15,15030.15,1,1,210.45705882353104,34.47276470588332,14887.14,14704.8875,14836.54122182773,14756.05475206103,80.48646976669988,58.02845075620964,85.14563106796112,15145.617545349894,14264.157454650107,213.05240444166128,0.001889285856586982,0.008271021210471045,0.1710156563629016,1.2917152858809802,250.0,-0.0051594839854118835,1201.0,0.007170067981625783,1340.0,0.024005641172382797,761.0,0.012080197969799533,1182.0,-0.0051594839854118835,0.011607374053674546
2021-05-20,942.0,1010.0,0.93,15042.6,15069.8,14884.9,14906.05,14906.05,1,1,244.323382352939,51.926470588233144,14929.05,14735.37,14847.23488000808,14767.165511167621,80.06936884045899,54.13064583189706,67.93342579750336,15141.875970926767,14328.864029073235,211.04151841011404,0.009077553082578882,0.012291758073737228,0.11438615467820269,0.9326732673267327,-68.0,-0.008256737291377658,1107.0,-0.013373620772962891,1201.0,-0.0011458706774374328,1340.0,0.014258496921035535,887.0,-0.008256737291377658,0.011043509665534981
2021-05-21,1202.0,751.0,1.6,14987.8,15190.0,14985.85,15175.3,15175.3,1,1,317.7247058823541,94.01732352941252,15028.55,14773.8275,14897.706436929913,14797.397695525575,100.30874140433843,60.353041383734734,98.10016155088843,15193.781909994828,14353.87309000517,216.24926709510595,0.012510174942286394,0.0136210784771614,0.9279941219691367,1.600532623169108,451.0,0.018063135438295186,942.0,0.009657255582944835,1107.0,0.004447945142009857,1201.0,0.033894725367561884,761.0,0.018063135438295186,0.012511890624271084
2021-05-24,1202.0,796.0,1.51,15211.35,15256.25,15145.45,15197.7,15197.7,1,1,378.0641176470617,111.44570588235513,15083.460000000001,14816.645,14943.85929278685,14827.049718079235,116.80957470761496,60.829116353488175,92.63290342875128,15225.97930701457,14407.310692985431,208.7171765883126,0.0008973562504313974,0.007284034618886507,0.47157039711191645,1.5100502512562815,406.0,0.0014760828451498842,1202.0,0.01956588096779499,942.0,0.011147593337391903,1107.0,0.01839759032107846,1340.0,0.0014760828451498842,0.011272492057732827
2021-05-25,1030.0,950.0,1.08,15291.75,15293.85,15163.4,15208.45,15208.45,1,1,392.72941176470704,84.06967647058843,15103.529999999999,14852.8175,14984.565555435027,14855.301590814106,129.2639646209209,61.07071087043386,89.15211178151797,15266.36958411286,14439.26541588714,203.12666397486174,0.0054473817581375105,0.008530743701669249,0.3453430433116201,1.0842105263157895,80.0,0.0007073438744020777,1202.0,0.00218447081771056,1202.0,0.020287064648246922,942.0,0.006642132366081688,1201.0,0.0007073438744020777,0.010178645442406068
2021-05-26,1244.0,737.0,1.69,15257.05,15319.9,15194.95,15301.45,15301.45,1,1,412.26147058823517,63.240852941175774,15157.789999999999,14885.2375,15033.317008445023,14888.349621124173,144.96738732085032,63.186120416919366,97.4656593406595,15331.436910436727,14439.038089563272,197.54261654808582,0.0029101300710164453,0.008189656584988507,0.8523409363745572,1.6879240162822253,507.0,0.006115021583396052,1030.0,0.006826690880856967,1202.0,0.008312850487305123,1202.0,0.018050385392028856,1107.0,0.006115021583396052,0.009604245473411497
2021-05-27,1037.0,922.0,1.12,15323.95,15384.55,15272.5,15337.85,15337.85,1,1,463.31926470588405,70.49947058823562,15244.15,14908.902500000002,15080.168237915019,14921.645945485345,158.52229242967405,64.01044375716187,94.10837065539658,15396.488190391014,14421.31680960899,191.43600108036534,0.0009070768307126841,0.007312083372759587,0.5832217759928674,1.1247288503253796,115.0,0.0023788595198495077,1244.0,0.008508427880553171,1030.0,0.00922179013929747,1202.0,0.0289681035552678,942.0,0.0023788595198495077,0.007190373140462826
2021-05-28,774.0,1207.0,0.64,15421.2,15469.65,15394.75,15435.65,15435.65,1,1,512.5455882352944,80.76161764705796,15296.220000000001,14935.939999999999,15134.857739774247,14959.720319893837,175.13741988040965,66.20032558980098,96.12645969809171,15474.706249498864,14397.173750501133,187.17628671748204,0.0009370217622493002,0.0048569501724897955,0.5460614152202915,0.6412593206296603,-433.0,0.0063763826090357245,1037.0,0.008770410647356952,1244.0,0.014939063481156811,1030.0,0.017156168247085768,1202.0,0.0063763826090357245,0.0026563227030442114
2021-05-31,1102.0,914.0,1.21,15437.75,15606.35,15374.0,15582.8,15582.8,1,1,553.1297058823529,86.33261764705821,15373.24,14983.525,15203.771933655133,15005.874370272071,197.89756338306142,69.23369704830432,97.67854502439735,15572.00765012578,14395.042349874218,190.40298052337621,0.00939579925831156,0.015050768408608792,0.8986442866365352,1.2056892778993435,188.0,0.00953312623699043,774.0,0.015970295706373427,1037.0,0.018387146316198644,1244.0,0.025339360561137392,1202.0,0.00953312623699043,0.0034993484154826303
2021-06-01,730.0,1247.0,0.59,15629.65,15660.75,15528.3,15574.85,15574.85,0,1,604.4722058823536,95.32655882352958,15446.52,15030.560000000001,15260.860866938958,15048.020713214883,212.8401537240752,68.87406338992547,91.96332506899942,15649.416314178869,14411.703685821134,186.2634819145637,0.0035061565678053746,0.008474278054850922,0.3514533786334529,0.5854049719326383,-517.0,-0.000510177888440988,1102.0,0.009018084758335432,774.0,0.01545197012619104,1037.0,0.02409186998017554,1030.0,-0.000510177888440988,0.0038946879710984794
2021-06-02,1375.0,587.0,2.34,15520.35,15597.45,15459.85,15576.2,15576.2,1,0,627.0098529411753,74.91452941176317,15501.470000000001,15084.545000000002,15309.37457971758,15087.145104828594,222.22947488898535,68.90360296226261,92.08962904055768,15695.958282403191,14473.131717596812,182.78751892066632,0.0035985013224573135,0.008865779444406882,0.8455668604651166,2.3424190800681433,788.0,8.667820235830348e-05,730.0,-0.00042354390738497116,1102.0,0.009105544632069362,774.0,0.017955814645017387,1244.0,8.667820235830348e-05,0.004290536436209258
2021-06-03,1360.0,625.0,2.18,15655.55,15705.1,15611.0,15690.35,15690.35,1,0,655.9692647058837,65.34394117647173,15571.969999999998,15138.170000000002,15367.98618283795,15131.826948915364,236.15923392258628,71.37715685033328,98.49451390660883,15764.398979207312,14511.941020792692,178.93841042633298,0.0022228538761015163,0.006010647981067441,0.8432518597236988,2.176,735.0,0.007328488334767069,1375.0,0.007415801757320262,730.0,0.006901840490797673,1102.0,0.02298236063072734,1037.0,0.007328488334767069,0.0045114584033717495
2021-06-04,1116.0,859.0,1.3,15712.5,15733.6,15622.35,15670.25,15670.25,1,1,669.7536764705874,47.68673529411683,15618.89,15185.4425,15414.488308555188,15171.710137884596,242.77817067059186,70.31650367427343,92.53564274773179,15822.365455524465,14548.519544475534,174.1035239673092,0.0026889419252187747,0.0070803500397772475,0.43056179775280573,1.2991850989522702,257.0,-0.0012810421692314167,1360.0,0.00603805806294222,1375.0,0.006125259633319002,730.0,0.015198582502194524,774.0,-0.0012810421692314167,0.005013699484534107
2021-06-07,1418.0,637.0,2.23,15725.1,15773.45,15678.1,15751.65,15751.65,1,0,684.5964705882343,36.23617647058745,15652.66,15231.867500000002,15466.359338008237,15214.66864618944,251.69069181879604,72.12314116635613,97.54656462776421,15891.349678890387,14572.385321109618,169.0389865410729,0.0016883835396912753,0.006063554444804825,0.7713686418458205,2.2260596546310834,781.0,0.005194556564189989,1116.0,0.00390685994894957,1360.0,0.011263979661278123,1375.0,0.01083566496393451,1102.0,0.005194556564189989,0.0038467850595754766
2021-06-08,1059.0,915.0,1.16,15773.9,15778.8,15680.0,15740.1,15740.1,1,1,669.1435294117673,7.848970588237762,15685.710000000001,15271.755,15508.47328600697,15253.589487212445,254.88379879452623,71.45855324062751,95.67065667300605,15952.525645591451,14590.984354408547,164.02191607385336,0.002142780162166571,0.006263511243256219,0.6082995951417086,1.157377049180328,144.0,-0.0007332565159839932,1418.0,0.0044574911057577715,1116.0,0.0031707387024508815,1360.0,0.01061005402941273,730.0,-0.0007332565159839932,0.003886637451843054
2021-06-09,708.0,1282.0,0.55,15766.3,15800.45,15566.9,15635.35,15635.35,1,1,661.426470588236,-6.751411764705722,15697.540000000003,15310.984999999997,15527.992780467437,15281.868043715225,246.1247367522119,65.55840500258157,79.73238399214335,15980.525083265364,14641.44491673463,168.9882077828639,0.008305689984333606,0.014813240899894147,0.2930849925069596,0.5522620904836193,-574.0,-0.0066549767790548,1059.0,-0.007383353489951783,1418.0,-0.002227150173098713,1116.0,0.003797460227783489,1375.0,-0.0066549767790548,0.005571967818634249
2021-06-10,1543.0,473.0,3.26,15692.1,15751.25,15648.5,15737.75,15737.75,1,0,628.267941176473,-34.36967647058668,15707.02,15363.047499999997,15560.263121933986,15315.637077514097,244.62604441988879,68.31278224096182,90.42748091603042,15994.196624592578,14731.898375407416,165.19619294123072,0.002909107130339447,0.006547880780775039,0.8686131386861314,3.2621564482029597,1070.0,0.006549261769004167,708.0,-0.00014930019504322267,1059.0,-0.0008824472356864232,1418.0,0.003020965115500873,1360.0,0.006549261769004167,0.005349138597341644
2021-06-11,1043.0,959.0,1.09,15796.45,15835.55,15749.8,15799.35,15799.35,0,-1,609.2829411764687,-41.26052941176715,15732.84,15419.125,15597.045718559526,15351.467664364904,245.57805419462238,69.87360220195508,94.61429740385347,15993.520003894506,14844.729996105494,160.3821791597142,0.00018358555245005277,0.00542843486986,0.5778425655976803,1.0875912408759123,84.0,0.003914155454242119,1543.0,0.010489052051920744,708.0,0.0037642708750262877,1059.0,0.008238541184728998,1116.0,0.003914155454242119,0.005393179025935335
2021-06-14,899.0,1138.0,0.79,15791.4,15823.05,15606.5,15811.85,15811.85,1,0,571.0424999999996,-56.79017647058936,15744.880000000001,15463.560000000001,15630.09253108883,15385.570059597134,244.5224714916967,70.19443594011878,96.30034342803638,16014.631763565292,14912.48823643471,164.3941663625917,0.0012950086756082886,0.013713160327773298,0.9482798429923853,0.7899824253075571,-239.0,0.0007911717887127967,1043.0,0.004708424012326962,1543.0,0.011288522482707508,708.0,0.00382182184088653,1418.0,0.0007911717887127967,0.005016872411677623
2021-06-15,1188.0,810.0,1.47,15866.95,15901.6,15842.4,15869.25,15869.25,0,-1,561.4507352941182,-44.84338235294092,15770.710000000001,15501.617499999998,15666.885987844395,15421.39820333068,245.48778451371436,71.68560431598058,94.85773326975038,16054.367993689466,14948.867006310531,159.06244019383516,0.0001449553947040403,0.0037310258115139158,0.45354729729729787,1.4666666666666666,378.0,0.0036301887508418673,899.0,0.004424232642482151,1043.0,0.008355705231052779,1543.0,0.008205157527588769,1059.0,0.0036301887508418673,0.00506854162674661
2021-06-16,726.0,1291.0,0.56,15847.5,15880.85,15742.6,15767.55,15767.55,0,-1,557.0864705882359,-28.339647058823175,15797.15,15538.4875,15682.372758945256,15447.039077158037,235.33368178721867,65.43879332181797,74.59249431387396,16057.894102647619,15019.08089735238,157.57583732284692,0.005044959772834878,0.008723773465846348,0.18047016274863587,0.5623547637490317,-565.0,-0.00640862044520063,1188.0,-0.002801696196207293,899.0,-0.002012741030485543,1043.0,0.008455199275999581,708.0,-0.00640862044520063,0.0049678726141329736
2021-06-17,687.0,1324.0,0.52,15648.3,15769.35,15616.75,15691.4,15691.4,1,1,533.2611764705889,-33.16358823529333,15787.88,15577.755,15683.761565261371,15465.139886257442,218.62167900392888,61.1424138425158,60.159211523881616,16011.686424189274,15143.823575810724,157.220420371215,0.0027542927985787827,0.009751858029306722,0.48918741808649713,0.5188821752265861,-637.0,-0.0048295391484409755,726.0,-0.011207208910314015,1188.0,-0.007617704443186657,899.0,-0.0029451478133787345,1543.0,-0.0048295391484409755,0.004791519396532579
2021-06-18,565.0,1436.0,0.39,15756.5,15761.5,15450.9,15683.35,15683.35,0,1,470.153676470587,-68.4452352941189,15764.679999999998,15603.157499999998,15683.698247528853,15481.303598386521,202.39464914233213,60.6887997320503,51.57532726869322,15997.557535844224,15208.757464155771,168.17610463041396,0.00464252848030969,0.01971249960333833,0.7483902124919525,0.3934540389972145,-871.0,-0.0005130198707571365,687.0,-0.005340081369648364,726.0,-0.011714479260204413,1188.0,-0.007342074199255033,1043.0,-0.0005130198707571365,0.00411451782887599
2021-06-21,1255.0,770.0,1.63,15525.85,15765.15,15505.65,15746.5,15746.5,1,0,422.2095588235279,-86.6227647058837,15751.609999999997,15630.597499999998,15693.360055601337,15500.947776283816,192.4122793175211,63.00737542325867,65.5868648768582,15982.406868087206,15278.78813191279,174.69924001395583,0.014211782285671937,0.016714060743856212,0.9281310211946064,1.62987012987013,485.0,0.004026563202377043,565.0,0.0035114776246860657,687.0,-0.0013350203424120632,726.0,-0.0041329762172042095,899.0,0.004026563202377043,0.0047617399142901185
2021-06-22,1212.0,792.0,1.53,15840.5,15895.75,15752.1,15772.75,15772.75,1,0,376.37470588235374,-95.44241176470496,15732.309999999998,15658.8125,15705.573893201132,15521.081274336868,184.49261886426393,63.9589504587486,71.41113822942087,15957.116457187823,15360.508542812177,172.88143715581614,0.004277011457971655,0.009068526877308143,0.1437521754263814,1.5303030303030303,420.0,0.0016670371193598932,1255.0,0.005700312752058734,565.0,0.005184368507590076,687.0,-0.0060809427036564445,1188.0,0.0016670371193598932,0.004367820530622181
2021-06-23,782.0,1194.0,0.65,15862.8,15862.95,15673.95,15686.95,15686.95,1,0,332.5373529411754,-94.36994117647117,15716.189999999999,15678.0875,15702.708678862497,15533.367846608211,169.3408322542855,58.64854366506047,52.374084757044756,15927.318117850034,15428.856882149965,174.03276307325785,0.011085684746702887,0.011914668280505334,0.06878306878306878,0.6549413735343383,-412.0,-0.005439761614176253,1212.0,-0.003781792779347759,1255.0,0.00022954279538489608,565.0,-0.00511176435146854,726.0,-0.005439761614176253,0.004092427558651113
2021-06-24,783.0,1186.0,0.66,15737.3,15821.4,15702.7,15790.45,15790.45,1,-1,314.4447058823516,-68.69929411764753,15736.0,15700.717499999999,15716.20734365288,15552.410969081677,163.79637457120407,62.67450653742434,75.338362547149,15899.313039410896,15502.121960589102,171.20542285373935,0.003377326479129295,0.007542589897885845,0.7392586352148341,0.6602023608768971,-403.0,0.006597840880476991,782.0,0.0011221885847427782,1212.0,0.0027910964341282263,1255.0,0.0063123749314912825,687.0,0.006597840880476991,0.0045919005506630155
2021-06-25,1070.0,902.0,1.19,15839.35,15870.8,15772.3,15860.35,15860.35,1,-1,327.8889705882357,-26.802088235293184,15771.4,15721.9525,15738.383136937053,15575.22126766822,163.16186926883347,65.14277967607511,90.84757044597295,15891.306680562218,15552.59831943778,166.01217836418655,0.0013258119809209342,0.006218689529557716,0.8939086294416354,1.1862527716186253,168.0,0.004426726280758242,783.0,0.011053773996857252,782.0,0.005553882487201012,1212.0,0.011285854106424908,565.0,0.004426726280758242,0.004644086359546899
2021-06-28,1069.0,940.0,1.14,15915.35,15915.65,15792.15,15814.7,15814.7,0,0,344.4066176470569,5.276147058822232,15785.039999999999,15733.5475,15750.12419279289,15592.96043302613,157.16375976675954,62.2477080442713,78.27864443249082,15894.76411971986,15572.33088028014,162.9755941953161,0.006324083353492046,0.0077598042141705965,0.18259109311741775,1.1372340425531915,129.0,-0.002878246696951803,1070.0,0.00153573837351062,783.0,0.008143711811410048,782.0,0.004331121201536892,1255.0,-0.002878246696951803,0.004998901497652399
2021-06-29,903.0,1084.0,0.83,15807.5,15835.9,15724.05,15748.45,15748.45,1,0,307.84382352941066,-17.580470588235414,15780.180000000002,15742.227499999999,15749.866624670907,15604.478178727897,145.38844594301008,58.204906633010395,64.02366863905348,15886.09155553124,15598.363444468758,159.3237660385078,0.0037355685592281684,0.007075755179503423,0.21814930710774588,0.8330258302583026,-181.0,-0.004189140483221276,1069.0,-0.007055329800414234,1070.0,-0.0026598355335027968,783.0,-0.0015406317858330798,1212.0,-0.004189140483221276,0.005433967442045073
2021-06-30,965.0,1017.0,0.95,15776.9,15839.1,15708.75,15721.5,15721.5,1,1,278.43735294117505,-36.166941176470914,15787.090000000002,15749.492499999998,15745.50252856769,15613.146461785089,132.35606678260046,56.594661193314636,58.224852071006,15872.206171911053,15626.778828088944,157.25421132147156,0.003511462961671788,0.008262079369204367,0.09781357882623679,0.9488692232055064,-52.0,-0.0017112795227467448,903.0,-0.005893251215641215,1069.0,-0.008754535681747222,1070.0,0.00220246765623644,782.0,-0.0017112795227467448,0.00476655734563132
2021-07-01,966.0,1011.0,0.96,15755.05,15755.55,15667.05,15680.0,15680.0,1,0,237.6836764705895,-61.56841176470408,15765.0,15748.975,15735.425216480351,15618.098575726934,117.32664075341745,54.11209498430258,49.295320064550914,15872.764533074871,15625.18546692513,152.34319622708077,0.004763552003960589,0.005617246533651116,0.14632768361582743,0.9554896142433235,-45.0,-0.002639697229908089,965.0,-0.004346459492839072,903.0,-0.008517392046640149,1069.0,-0.006994734158937921,783.0,-0.002639697229908089,0.0033744994910513454
2021-07-02,1165.0,804.0,1.45,15705.85,15738.35,15635.95,15722.2,15722.2,1,0,185.64264705882306,-85.160176470588,15737.37,15751.5725,15733.390567791066,15625.809792339754,107.58077545131164,56.215370157803996,58.37547068316323,15870.739254902086,15632.405745097914,148.77582506800354,0.0010410133803646644,0.006519863617696567,0.842285156250003,1.449004975124378,361.0,0.0026913265306123257,966.0,4.4525013516594214e-05,965.0,-0.0016668307039739982,903.0,-0.00871040046405025,1070.0,0.0026913265306123257,0.0026334712471222715
2021-07-05,1338.0,696.0,1.92,15793.4,15845.95,15762.05,15834.35,15834.35,0,-1,154.67661764705736,-78.18020588235376,15741.3,15755.707499999999,15748.922788130902,15641.257215129403,107.66557300149907,61.29297777727223,82.50672404518573,15880.217516761273,15631.197483238724,146.98826613457473,0.002592855243329538,0.0053123456633784654,0.861740166865314,1.9224137931034482,642.0,0.007133225630000961,1165.0,0.009843749999999929,966.0,0.007178068250484948,965.0,0.0012425148754007243,1069.0,0.007133225630000961,0.004616318035686686
2021-07-06,865.0,1124.0,0.77,15813.75,15914.2,15801.0,15818.25,15818.25,0,0,147.07000000000153,-53.63205882352776,15755.26,15759.615,15759.588513033841,15654.367791786484,105.22072124735678,60.213429424897996,79.04249596557297,15886.797011695411,15632.432988304588,144.57481855353373,0.0002845624851790372,0.007158327404948271,0.15238515901059974,0.7695729537366548,-259.0,-0.0010167768174885738,1338.0,0.006109195914057786,1165.0,0.008816964285714324,966.0,0.004432182214757496,903.0,-0.0010167768174885738,0.004033728108549757
2021-07-07,1065.0,924.0,1.15,15819.6,15893.55,15779.7,15879.65,15879.65,0,0,134.3372058823552,-37.54482352941014,15786.89,15771.830000000002,15778.059511028634,15671.055362765263,107.00414826337146,62.89731442026353,92.25389994620764,15895.812907688478,15647.847092311526,142.38018865685265,0.003795924043591448,0.007196768565576787,0.8779095300834447,1.1525974025974026,141.0,0.0038815924644002298,865.0,0.002860868933678873,1338.0,0.010014501787281693,1165.0,0.01005947269662566,965.0,0.0038815924644002298,0.003904982946858196
2021-07-08,750.0,1213.0,0.62,15855.4,15885.75,15682.9,15727.9,15727.9,0,1,128.459852941176,-21.577411764706625,15796.470000000001,15771.3375,15770.342663178075,15675.266076634502,95.07658654357328,53.323386921303715,54.207317073170735,15895.934734615737,15646.740265384262,146.6994608956489,0.0080414243727689,0.01279374850208764,0.221838797140744,0.6183017312448474,-463.0,-0.009556255962820392,1065.0,-0.005711756989553174,865.0,-0.006722726224947739,1338.0,0.0030548469387754462,966.0,-0.009556255962820392,0.006395027200876613
2021-07-09,1088.0,869.0,1.25,15688.25,15730.85,15632.75,15689.8,15689.8,1,1,113.24426470588332,-22.31332352941135,15789.99,15765.86,15757.9514842276,15676.342663550466,81.60882067713464,51.21553217040437,20.166136443972903,15894.612443079308,15637.107556920693,143.22807083167402,9.880005736772887e-05,0.006253087501792766,0.581549439347595,1.2520138089758344,219.0,-0.0024224467347834233,750.0,-0.011955553176549838,1065.0,-0.008120367297267395,865.0,-0.002060780297922782,1165.0,-0.0024224467347834233,0.0063911887650478375
2021-07-12,1181.0,842.0,1.4,15766.8,15789.2,15644.75,15692.6,15692.6,1,0,81.4760294117641,-39.441441176471926,15761.64,15759.897500000001,15747.897409731046,15677.546910694875,70.35049903617073,51.3676799720779,21.155885471898355,15890.608538072123,15629.186461927879,143.31535148655448,0.004706091280411936,0.009161656138214522,0.33125649013499564,1.4026128266033253,339.0,0.00017845989113962624,1088.0,-0.002244419153224486,750.0,-0.011779226872128734,1065.0,-0.008952056762671079,1338.0,0.00017845989113962624,0.00493341533813257
2021-07-13,1063.0,921.0,1.15,15794.0,15820.8,15744.6,15812.35,15812.35,0,-1,51.046764705883106,-50.66605882352924,15760.460000000001,15757.0525,15757.813192849346,15687.532324717477,70.28086813186928,57.47598291731072,63.485330505479176,15880.388052351675,15633.716947648325,142.23568352322908,0.0011618336076991494,0.004824616943142897,0.8891076115485692,1.1541802388707927,142.0,0.007630985305175697,1181.0,0.007810807021122024,1088.0,0.0053694390223741895,750.0,-0.0003729868980449913,865.0,0.007630985305175697,0.0065288641947768445
2021-07-14,1029.0,957.0,1.08,15808.7,15877.35,15764.2,15853.95,15853.95,1,0,33.398823529412766,-48.126323529411096,15755.320000000002,15761.372500000001,15772.603470872524,15699.859559923589,72.74391094893508,59.3844740781261,78.19017320608025,15891.728913244197,15631.016086755806,140.15813470014126,0.0028623479476490793,0.007157451276828559,0.7931948740609835,1.0752351097178683,72.0,0.0026308549962530403,1063.0,0.010281916317245177,1181.0,0.010462211118051234,1088.0,-0.0016184235798647473,1065.0,0.0026308549962530403,0.006362038243129457
2021-07-15,927.0,1067.0,0.87,15872.15,15952.35,15855.0,15924.2,15924.2,1,0,43.40191176470762,-21.11164705882257,15794.580000000002,15773.0125,15795.926013815213,15716.47737029962,79.44864351559227,62.44933768143432,91.19211514393004,15917.144956004498,15628.880043995503,137.1754107929883,0.003279328887390876,0.006133384576128651,0.7108371854134614,0.8687910028116214,-140.0,0.004431072382592438,1029.0,0.007073584887761886,1063.0,0.014758548615270817,1181.0,0.012481005092860542,750.0,0.004431072382592438,0.003863051979932998
2021-07-16,1007.0,975.0,1.03,15958.35,15962.25,15882.6,15923.4,15923.4,0,-1,78.81367647058869,21.18623529411743,15841.3,15785.015000000003,15815.53739630518,15731.804972499649,83.73242380553165,62.391598114497846,88.20940819423357,15937.045694594502,15632.984305405504,133.06645287920338,0.0021900760416960854,0.004991117502749321,0.5122410546139292,1.0328205128205128,32.0,-5.023800253711741e-05,927.0,0.00438061177182969,1029.0,0.007022991522449118,1063.0,0.014888653775064098,1088.0,-5.023800253711741e-05,0.0031972215666329733
2021-07-19,915.0,1114.0,0.82,15754.5,15836.9,15707.5,15752.4,15752.4,0,0,84.63294117647274,26.374117647059755,15853.26,15785.310000000001,15805.823950719769,15733.330530092268,72.49342062750111,51.442911345734956,36.312594840667565,15937.063255645096,15633.556744354906,138.98313481640312,0.00013329524897650601,0.008213526294074685,0.3469860896445113,0.8213644524236984,-199.0,-0.010738912543803436,1007.0,-0.01078861104482498,927.0,-0.006405343778679851,1029.0,0.0038107133298497242,1181.0,-0.010738912543803436,0.007019021155291734
2021-07-20,479.0,1511.0,0.32,15703.95,15728.45,15578.55,15632.1,15632.1,1,0,55.12088235293959,-3.9527647058846895,15817.210000000001,15778.277500000002,15779.097189070573,15725.831972307657,53.26521676291668,45.40614025695915,13.956215793589,15944.091662464754,15612.46333753525,141.47362518666006,0.004575282015034457,0.009545369158714938,0.3572381587725188,0.3170086035737922,-1032.0,-0.00763693151519762,915.0,-0.01829383171935639,1007.0,-0.01834315067632908,927.0,-0.011399317621985317,1063.0,-0.00763693151519762,0.006602584486184693
2021-07-22,1369.0,638.0,2.15,15736.6,15834.8,15726.4,15824.05,15824.05,1,0,43.481470588236334,-17.60870588235266,15811.23,15785.132500000002,15786.01300613664,15733.10738176635,52.90562437029075,54.56737781206895,63.98227782121437,15946.555095301544,15623.709904698459,145.84693767332712,0.005557108905354327,0.006888400289770321,0.9008302583025827,2.14576802507837,731.0,0.012279220322285456,479.0,0.004548513242426555,915.0,-0.006239245387291703,1007.0,-0.0018859653272529364,1029.0,0.012279220322285456,0.009266530594131406
2021-07-23,875.0,1120.0,0.78,15856.8,15899.8,15768.4,15856.05,15856.05,0,-1,24.97455882352915,-32.43014705882415,15797.6,15788.4125,15796.787928269465,15742.214242376249,54.57368589321595,55.89609910263294,72.32212666145412,15952.773151841871,15624.05184815813,144.8150135538037,4.729831996367489e-05,0.008286665657635818,0.6670471841704709,0.78125,-245.0,0.002022238301825352,1369.0,0.014326290133763075,479.0,0.006579949721947198,915.0,-0.0042796498411223904,927.0,0.002022238301825352,0.009015482311289008
2021-07-26,969.0,1062.0,0.91,15849.3,15893.35,15797.0,15824.45,15824.45,1,0,6.01279411764699,-36.83173529411797,15777.810000000001,15786.617500000002,15801.043631612625,15748.305779978007,52.73785163461798,54.21005953421577,64.08652593171774,15948.56278481523,15624.672215184773,141.35322687138918,0.0015678925883161115,0.0060791328323648594,0.28489880643487936,0.9124293785310734,-93.0,-0.001992930143383642,875.0,2.5277978772830778e-05,1369.0,0.012304808694929115,479.0,-0.006214125124031189,1007.0,-0.001992930143383642,0.00901561107128921
2021-07-27,855.0,1153.0,0.74,15860.5,15881.55,15701.0,15746.45,15746.45,1,1,8.007941176469103,-19.51158823529513,15776.62,15783.205000000002,15792.644611364529,15748.168314794451,44.476296570077466,50.18602872979644,43.75814438363334,15945.51536596252,15620.894634037484,144.15299638057562,0.0071908199615396285,0.011383625989092353,0.2517308224868508,0.7415437987857763,-298.0,-0.004929081263487789,969.0,-0.006912188092242255,875.0,-0.004903927881926506,1369.0,-0.00037772022041082653,915.0,-0.004929081263487789,0.007769262762098987
2021-07-28,746.0,1223.0,0.61,15761.55,15767.5,15513.45,15709.4,15709.4,1,1,6.673529411764321,-11.156529411764858,15792.079999999998,15781.252499999999,15779.837748077678,15745.29658777264,34.54116030503792,48.35009485189335,43.66087344028503,15946.107768262456,15616.397231737541,152.0027823533916,0.0033086847423000683,0.016118338615174223,0.7713048612477837,0.6099754701553557,-477.0,-0.0023529112911164773,855.0,-0.007270394863644669,969.0,-0.009248835617950202,875.0,0.004944953013350739,479.0,-0.0023529112911164773,0.006775309789810628
2021-07-29,1202.0,793.0,1.52,15762.7,15817.35,15737.8,15778.45,15778.45,1,1,3.783235294115002,-6.107176470589911,15782.960000000001,15784.1,15779.62424837342,15747.752396085778,31.87185228764247,51.883006997901795,59.046345811051786,15946.680210969496,15621.519789030504,148.85615504243512,0.0009991943004688283,0.005046724228717231,0.510999371464499,1.515762925598991,409.0,0.004395457496785493,746.0,0.0020322040840952127,855.0,-0.002906894078467226,969.0,-0.0028816895801010434,1369.0,0.004395457496785493,0.0037276181888321993
2021-07-30,1059.0,906.0,1.17,15800.6,15862.8,15744.85,15763.05,15763.05,1,1,-2.599705882350463,-6.975264705879454,15764.36,15788.252499999999,15777.07436400828,15748.885551931276,28.188812077003604,51.04441015985656,55.61497326203185,15944.087702935294,15632.417297064703,146.64857253940394,0.0023764920319482227,0.007464906395959578,0.15430267062313757,1.1688741721854305,153.0,-0.0009760147543010911,1202.0,0.0034151527111156987,746.0,0.0010542058686242584,855.0,-0.005865269092869885,875.0,-0.0009760147543010911,0.003435808729656622
2021-08-02,1329.0,709.0,1.87,15874.9,15892.9,15834.65,15885.15,15885.15,1,1,-3.2620588235295145,-5.782647058823204,15776.5,15796.4,15793.701384930084,15758.979214751182,34.72217017890216,56.98137207334981,82.82085561497315,15954.590777224474,15638.209222775526,145.44867450087511,0.0006456733585723374,0.0036693144523745032,0.8669527896995708,1.8744710860366713,620.0,0.007745962868860978,1059.0,0.006762387940513648,1202.0,0.011187569226068561,746.0,0.0038358363165860165,969.0,0.007745962868860978,0.00517417738448615
2021-08-03,1014.0,990.0,1.02,15951.55,16146.9,15914.35,16130.75,16130.75,1,1,39.9424999999992,31.034999999999492,15853.36,15811.220000000001,15845.555018017763,15786.51779143628,59.03722658148399,65.93122461995569,97.45046965032762,16026.198455662143,15596.24154433786,153.7559120365269,0.011234018010788967,0.014578520582639259,0.9305525693399282,1.0242424242424242,24.0,0.015460980853186701,1329.0,0.023326703905652835,1059.0,0.022327921944170548,1202.0,0.02440550092242999,855.0,0.015460980853186701,0.007193927878079194
2021-08-04,609.0,1406.0,0.43,16195.25,16290.2,16176.15,16258.8,16258.8,1,0,146.08691176470893,109.2967352941203,15963.24,15833.247500000001,15909.131169091954,15821.501658737296,87.62951035465812,69.4946762479909,95.95751528805903,16123.644780417491,15542.850219582511,154.16263260534646,0.003923990058813496,0.007042188295951041,0.7246821569486965,0.43314366998577525,-797.0,0.007938254575887704,1014.0,0.023521968631079915,1329.0,0.03145013179555978,1059.0,0.034972691509542075,746.0,0.007938254575887704,0.005987226502647724
2021-08-05,661.0,1347.0,0.49,16288.95,16349.45,16210.3,16294.6,16294.6,1,0,229.28735294117723,147.39635294117616,16066.470000000001,15853.994999999999,15968.43406615473,15856.54598031231,111.88808584241997,70.42602466032396,93.43899521531097,16207.190884600695,15500.799115399303,153.09030170496467,0.00034686090877555865,0.008542600965685416,0.6058210564139433,0.49072011878247956,-686.0,0.002201884517922581,609.0,0.010157618213660236,1014.0,0.02577564580756242,1329.0,0.03271233866444412,1202.0,0.002201884517922581,0.0062904977180202794
2021-08-06,1072.0,911.0,1.18,16304.4,16336.75,16223.3,16238.2,16238.2,1,1,304.7089705882372,161.3562352941186,16161.5,15879.51,16009.93651751554,15884.816648437325,125.11986907821483,66.95771454662619,86.69258373205741,16264.848784187192,15494.171215812808,150.25885158318152,0.004060253673854843,0.006958244400284631,0.13133539003967704,1.1767288693743139,161.0,-0.0034612693775851744,661.0,-0.0012670061751174355,609.0,0.006661190583203025,1014.0,0.030143278109249216,1059.0,-0.0034612693775851744,0.007075557709131645
2021-08-09,673.0,1363.0,0.49,16281.35,16320.75,16179.05,16258.25,16258.25,1,1,363.86044117646816,147.08320588235,16236.12,15907.932499999999,16048.138591743918,15912.47837818271,135.66021356120837,67.56916716055531,89.09090909090901,16316.27726276041,15499.587737239588,149.64750504152576,0.0014188012664797676,0.008703209500440732,0.5589273112208915,0.4937637564196625,-690.0,0.0012347427670553746,1072.0,-0.0022308003878586113,661.0,-3.382783477245965e-05,609.0,0.02348734509903916,1329.0,0.0012347427670553746,0.007265272926057864
2021-08-10,350.0,1673.0,0.21,16274.8,16359.25,16202.25,16280.1,16280.1,1,1,400.44941176470275,111.57079411764391,16265.99,15937.3075,16083.824962244853,15939.709609428435,144.11535281641773,68.25852012225755,90.64199574367467,16363.596129069378,15511.018870930624,150.17268325284536,0.00032565684370936,0.009646815936294148,0.4958598726114673,0.20920502092050208,-1323.0,0.0013439330801285898,673.0,0.0025803352588340545,1072.0,-0.0008898653541664636,661.0,0.009258713946964647,1014.0,0.0013439330801285898,0.0040630925013781
2021-08-11,652.0,1352.0,0.48,16327.3,16338.75,16162.55,16282.25,16282.25,1,1,389.7620588235295,52.148411764706566,16270.680000000002,15960.802500000002,16114.35189113026,15965.082971692997,149.26891943726332,68.32985555337643,90.89619295341687,16408.226376736417,15513.378623263585,152.0317773062136,0.0027591824735258906,0.010791741439184724,0.6793416572077198,0.4822485207100592,-700.0,0.00013206307086566227,350.0,0.0014761736349238053,673.0,0.0027127390966978915,1072.0,0.0014422958643933725,609.0,0.00013206307086566227,0.0022223625881741173
2021-08-12,1598.0,410.0,3.9,16303.65,16375.5,16286.9,16364.4,16364.4,1,1,383.2873529411754,14.873705882352795,16284.64,15986.325,16152.820830956374,15994.662010826847,158.15882012952716,71.01068883494817,98.71237167217673,16463.689881928738,15508.960118071263,147.83307892719833,0.003726159479625728,0.005434365924194912,0.874717832957107,3.897560975609756,1188.0,0.005045371493497486,652.0,0.005178100871616298,350.0,0.006528992972798298,673.0,0.0042836277048838856,661.0,0.005045371493497486,0.0030452920134837816
2021-08-13,938.0,1052.0,0.89,16385.7,16543.6,16376.3,16529.1,16529.1,0,0,400.4958823529432,12.924852941179438,16342.820000000002,16016.570000000002,16210.709933886163,16034.250010024858,176.45992386130456,75.49019669563232,98.59243799446682,16547.9523740009,15485.187625999102,150.0735732895412,0.008751533349200693,0.010210122240734254,0.9133293484757916,0.8916349809885932,-114.0,0.01006453032191823,1598.0,0.015160681109797292,652.0,0.015294746346766752,350.0,0.017914547178874418,1072.0,0.01006453032191823,0.004079941278906688
2021-08-16,654.0,1355.0,0.48,16518.4,16589.4,16480.75,16563.05,16563.05,0,0,437.4963235294126,35.19811764705992,16403.78,16048.5525,16264.916097903675,16073.420379652645,191.49571825102976,76.30305641791182,97.55100144058719,16628.438397805614,15468.666602194386,147.11474662600267,0.0027030462998836337,0.0065775135606355,0.7574781408191272,0.4826568265682657,-701.0,0.0020539533307923907,938.0,0.012139155728288165,1598.0,0.017245773772052386,652.0,0.01874740516353235,673.0,0.0020539533307923907,0.003978192236917106
2021-08-17,676.0,1319.0,0.51,16545.25,16628.55,16495.4,16614.6,16614.6,1,0,470.7413235294098,54.38473529411567,16470.68,16091.6625,16318.71362130311,16113.507758937636,205.20586236547388,77.52206233959784,98.43390401347172,16704.340604614335,15478.984395385665,146.11726472414517,0.004191535334914767,0.008047626962421107,0.8952309425459936,0.5125094768764216,-643.0,0.0031123494766964743,654.0,0.005172695428063312,938.0,0.015289286499963195,1598.0,0.020546556839331265,350.0,0.0031123494766964743,0.00378727970517577
2021-08-18,687.0,1322.0,0.52,16691.95,16701.85,16535.85,16568.85,16568.85,0,0,519.5305882352932,77.22029411764635,16527.999999999996,16138.5,16357.196141102631,16147.236813831143,209.9593272714883,73.88925887217243,86.10240334378264,16746.695279494015,15530.304720505985,147.53746010099192,0.007374812409574806,0.009944913566120196,0.19879518072289157,0.5196671709531013,-635.0,-0.002753602253439791,676.0,0.0003501770507243762,654.0,0.0024048496288364696,938.0,0.017601989896973702,652.0,-0.002753602253439791,0.004659130666466919
2021-08-20,392.0,1633.0,0.24,16382.5,16509.55,16376.05,16450.5,16450.5,1,1,520.3358823529397,50.61588235294005,16545.219999999998,16169.8225,16371.550580932995,16169.700753547353,201.84982738564213,65.3568867273019,71.01591328413298,16774.529157375124,15565.115842624875,150.77049866520676,0.0041507706394018,0.008148939417060888,0.5576779026217283,0.2400489895897122,-1241.0,-0.007142921808091618,687.0,-0.009876855295944398,676.0,-0.006795246044659642,654.0,0.005261421133680555,1598.0,-0.007142921808091618,0.006482917954735237
2021-08-23,444.0,1619.0,0.27,16592.25,16592.5,16395.7,16496.45,16496.45,1,1,503.43205882352777,13.124823529411174,16538.690000000002,16201.842499999999,16390.76587617407,16193.904401432736,196.86147474133577,66.95250485974722,73.91746031746054,16804.516116706247,15599.16888329375,154.05832018912048,0.005773779927375689,0.011860959182750938,0.511941056910571,0.27424336009882644,-1175.0,0.0027932281693565653,392.0,-0.004369645449140869,687.0,-0.007111215437025087,676.0,-0.001975304160540925,938.0,0.0027932281693565653,0.004459844056715701
2021-08-24,1502.0,487.0,3.08,16561.4,16647.1,16495.3,16624.6,16624.6,1,1,488.0923529411739,-12.334088235294985,16551.0,16241.85,16426.740356762675,16225.807779104383,200.93257765829185,70.96854974997706,85.67587613573149,16845.234495159413,15638.465504840588,153.89701160418326,0.0038161025034113712,0.009165891772434653,0.8517786561264815,3.084188911704312,1015.0,0.007768338036365341,444.0,0.010583264946354198,392.0,0.0033647477042764162,687.0,0.0037161030124281957,654.0,0.007768338036365341,0.005778967004438849
2021-08-25,1257.0,719.0,1.75,16654.0,16712.45,16617.5,16634.65,16634.65,0,1,484.94602941176527,-18.321352941174723,16555.01,16286.259999999998,16458.726455722262,16256.092388059615,202.6340676626478,71.26348470587621,85.8519730860158,16867.601545564026,15704.918454435972,149.68651077531308,0.0011618830311035514,0.005701333013089992,0.18062137967352632,1.7482614742698193,538.0,0.0006045258231779371,1502.0,0.008377560020489394,444.0,0.01119418862648569,392.0,0.0012067699493218953,676.0,0.0006045258231779371,0.005630185336339374
2021-08-26,1003.0,988.0,1.02,16627.95,16683.7,16603.4,16636.9,16636.9,1,1,466.15294117647136,-26.438911764704244,16568.620000000003,16332.635,16486.13777022653,16284.300359314459,201.8374109120723,71.33369977082971,86.26113838879813,16868.724190432677,15796.545809567326,144.73033143421924,0.0005382503555760468,0.004829218274050575,0.4171855541718593,1.0151821862348178,15.0,0.00013525983414131026,1257.0,0.0007398674253817905,1502.0,0.008513953002009522,444.0,0.004107104596879241,687.0,0.00013525983414131026,0.005387387353789381
2021-08-27,1212.0,778.0,1.56,16642.55,16722.05,16565.6,16705.2,16705.2,1,1,481.078529411765,-3.6618529411756526,16619.56,16378.9725,16519.83965173014,16315.47811047635,204.36154125379107,73.4540940307794,96.9883824843613,16874.088342479063,15883.856657520939,145.56745061748936,0.0037644471550334208,0.009400602672066525,0.8922978587408216,1.557840616966581,434.0,0.004105332123171879,1003.0,0.004241147243855492,1257.0,0.004848236950061979,1502.0,0.015482812072581398,392.0,0.004105332123171879,0.003078697602001944
2021-08-30,1420.0,611.0,2.32,16775.85,16951.5,16764.85,16931.05,16931.05,1,1,519.2942647058808,31.381441176469536,16706.480000000003,16437.3725,16583.102782233196,16361.076028218842,222.02675401435408,78.98865224848018,97.40794727169013,16902.757572250648,15971.987427749356,152.76263271624006,0.00925139411713867,0.011126112834819188,0.8904366461291157,2.324058919803601,809.0,0.013519742355673658,1212.0,0.017680577511435258,1003.0,0.017818228817558346,1257.0,0.026345062119425666,444.0,0.013519742355673658,0.005562805011890578
2021-08-31,995.0,999.0,1.0,16947.5,17153.5,16915.85,17132.2,17132.2,1,1,573.2333823529407,68.29235294117609,16808.0,16499.725,16667.579277274242,16418.196322424854,249.38295484938863,82.4901406450743,97.85054745446297,16986.139475009455,16013.310524990542,158.8260160936516,0.010898362590352602,0.01402271721492854,0.9103723963812366,0.995995995995996,-4.0,0.01188053900968944,1420.0,0.025560903191820472,1212.0,0.02977117131196305,1003.0,0.030533065457214237,1502.0,0.01188053900968944,0.006289103774809854
2021-09-01,941.0,1058.0,0.89,17185.6,17225.75,17055.05,17076.25,17076.25,1,1,628.3860294117676,94.75700000000256,16896.32,16547.0,16730.451696155127,16466.941039282272,263.5106568728552,78.56811996485945,84.07626351387336,17063.630471419092,16030.369528580908,159.67415780124796,0.006362885206219076,0.009932734382273574,0.1241944932630383,0.889413988657845,-117.0,-0.0032657802267076486,995.0,0.008575959553601242,1420.0,0.022211646672892327,1212.0,0.026546996780815846,1257.0,-0.0032657802267076486,0.0072859265181887
2021-09-02,1304.0,678.0,1.92,17095.4,17245.5,17059.7,17234.15,17234.15,1,1,691.0247058823479,112.42132352940757,17015.77,16595.767499999998,16807.943742900494,16523.77133266877,284.1724102317239,81.27406009290699,98.69457703145683,17174.746898833586,16016.78810116641,161.54028938687307,0.008116218397931608,0.010868420744761706,0.9389128094725587,1.9233038348082596,626.0,0.009246760852060776,941.0,0.005950782736601212,995.0,0.017902020252731132,1420.0,0.03589911582085614,1003.0,0.009246760852060776,0.006802437554834445
2021-09-03,1020.0,955.0,1.07,17262.45,17340.1,17212.2,17323.6,17323.6,1,0,777.1227941176512,139.3105588235336,17139.45,16647.217500000002,16887.275474761955,16583.01790061923,304.2575741427245,82.61329882688695,98.28847051501478,17289.429607697835,16005.00539230217,159.13741157352484,0.003542370868561404,0.007409145283548848,0.8709929632525388,1.068062827225131,65.0,0.005190276282845296,1304.0,0.014485030378449615,941.0,0.011171945225948665,995.0,0.03701841342815393,1212.0,0.005190276282845296,0.006699664783074226
2021-09-06,1015.0,1006.0,1.01,17399.35,17429.55,17345.55,17377.8,17377.8,1,0,839.9058823529449,137.97132352941446,17228.8,16704.197500000002,16962.74078633704,16641.89064872151,320.8501376155291,83.38852119915344,95.08780256288561,17391.758845971166,16016.636154028836,155.33831074684457,0.0012385520148740772,0.004827766554497726,0.38392857142857145,1.0089463220675945,9.0,0.0031286799510494845,1020.0,0.00833519494724122,1304.0,0.01765902935363428,941.0,0.026386432028728368,1420.0,0.0031286799510494845,0.005851479656648299
2021-09-07,682.0,1299.0,0.53,17401.55,17436.5,17287.0,17362.1,17362.1,1,1,858.5694117647035,99.56764705882051,17274.78,16759.39,17024.18066536211,16695.239489556952,328.9411758051574,82.24458586444251,92.98411051911911,17471.67439657111,16047.10560342889,154.92128855064138,0.00226703943039561,0.008591188715947717,0.5023411371237361,0.5250192455735181,-617.0,-0.0009034515301131751,1015.0,0.002222401810247243,1020.0,0.007424212972499289,1304.0,0.013419175587490173,995.0,-0.0009034515301131751,0.004945163639993233
2021-09-08,1061.0,916.0,1.16,17375.75,17383.4,17254.2,17353.5,17353.5,0,1,845.2699999999968,42.89144117646788,17330.23,16813.059999999998,17074.845178383322,16743.99952736755,330.8456510157739,81.58437046235028,92.1731340468669,17534.500741571097,16091.619258428898,153.08405365416704,0.0012805202653122887,0.007435650259701062,0.7685758513931789,1.158296943231441,145.0,-0.0004953317859014428,682.0,-0.0013983358077547248,1015.0,0.0017259691980882064,1020.0,0.016236000292804365,941.0,-0.0004953317859014428,0.004213603598009287
2021-09-09,1086.0,897.0,1.21,17312.85,17379.65,17302.7,17369.25,17369.25,0,1,837.0857352941166,5.4949705882339686,17357.25,16867.409999999996,17120.13822786281,16790.314377192175,329.8238506706366,81.87138880909004,93.53862413528054,17584.47252558521,16150.347474414782,147.6459069645837,0.0032576958732965086,0.004444675486705004,0.864847303443777,1.2107023411371238,189.0,0.0009075978909154347,1061.0,0.000411816542929877,682.0,-0.0004920070434691892,1015.0,0.007839086929149364,1304.0,0.0009075978909154347,0.002567007944005162
2021-09-13,1053.0,977.0,1.08,17363.55,17378.35,17269.15,17355.3,17355.3,1,0,802.7924999999996,-33.93220588235272,17363.59,16916.955,17156.316962037763,16832.165164066828,324.15179797093515,80.67209727147177,91.37271568210788,17625.025163118484,16208.88483688152,144.89977075282752,0.00047513325328057916,0.006289036516150044,0.788919413919415,1.0777891504605936,76.0,-0.0008031434863337017,1086.0,0.00010372547324744019,1061.0,-0.0003916576911778824,682.0,0.0018298736983075603,1020.0,-0.0008031434863337017,0.0017063133596598135
2021-09-14,1199.0,819.0,1.46,17420.35,17438.55,17367.05,17380.0,17380.0,1,1,760.0300000000025,-60.7195294117613,17364.03,16959.5,17190.729737108875,16872.7455222841,317.9842148247735,81.19729209886918,93.29285755197901,17671.48236073559,16247.51763926441,140.49621569905412,0.0023162565620092907,0.004104395147055025,0.1811188811188913,1.4639804639804639,380.0,0.0014231963722897145,1053.0,0.0006189098550599681,1086.0,0.0015270694672544494,1061.0,0.00012659830358274782,1015.0,0.0014231963722897145,0.0010668315455390305
2021-09-15,1278.0,741.0,1.72,17387.65,17532.7,17386.9,17519.45,17519.45,1,0,730.5657352941234,-64.58305882352431,17395.5,17007.32,17241.30208524597,16920.649557670466,320.6525275755048,83.86327497774806,98.629924516596,17734.675588690025,16279.964411309975,141.36791457769317,0.007580092766992622,0.008385261953167867,0.9091220850480105,1.7246963562753037,537.0,0.008023590333716912,1199.0,0.009458205850662482,1053.0,0.00864746606790745,1086.0,0.009062843780418328,682.0,0.008023590333716912,0.0035956820628145
2021-09-16,950.0,1057.0,0.9,17539.2,17644.6,17510.45,17629.5,17629.5,1,1,725.3386764705901,-45.823852941176256,17450.7,17058.065,17301.024841361977,16973.156997843023,327.86784351895403,85.59866081029611,98.60055607043573,17809.943795484087,16306.186204515912,140.85234925071492,0.00514846743295015,0.0076485814632365106,0.8874394334700053,0.8987701040681173,-107.0,0.006281589890093642,1278.0,0.014355581127732941,1199.0,0.015799208311005897,1053.0,0.015904572564612307,1061.0,0.006281589890093642,0.0037813663931423333
2021-09-17,569.0,1431.0,0.4,17709.65,17792.95,17537.65,17585.15,17585.15,0,1,734.6423529411768,-16.031500000001643,17493.879999999997,17108.879999999997,17344.736404229367,17018.489812817614,326.2465914117529,81.78163834194041,79.78795836980849,17859.007004179017,16358.752995820978,149.02718144709237,0.007030065529245354,0.01441586931418742,0.18605562083823007,0.3976240391334731,-862.0,-0.0025156697580758225,950.0,0.0037501177262986296,1278.0,0.011803797468354471,1199.0,0.012430012809994784,1086.0,-0.0025156697580758225,0.004528687519032262
2021-09-20,448.0,1618.0,0.28,17443.85,17622.75,17361.8,17396.9,17396.9,1,1,718.6870588235288,-15.165705882355496,17502.2,17156.2,17352.761572809464,17046.520197053345,306.24137575611894,67.9341254238962,54.845513624444386,17851.63659092586,16460.76340907414,157.02166848658584,0.002691492990366066,0.01495942696136465,0.13450852653765888,0.276885043263288,-1170.0,-0.010705055117528173,569.0,-0.013193794492186273,950.0,-0.00699508260818682,1278.0,0.0023969623112249927,1053.0,-0.010705055117528173,0.007508844739297345
2021-09-21,971.0,1036.0,0.94,17450.5,17578.35,17326.1,17562.0,17562.0,1,1,681.8529411764721,-36.36441176470612,17538.6,17209.4775,17384.952100069546,17084.703886160507,300.2482139090389,72.35518556889959,68.70172110042007,17856.129492553624,16562.825507446378,163.82369216611545,0.006389501733474685,0.014455173204206183,0.9351833498513438,0.9372586872586872,-65.0,0.009490196529266637,448.0,-0.0013164516651834601,569.0,-0.003828809665617272,950.0,0.010471806674338335,1199.0,0.009490196529266637,0.008550765323785523
2021-09-22,1353.0,654.0,2.07,17580.9,17610.45,17524.0,17546.65,17546.65,1,1,658.1438235294154,-45.589147058821254,17544.04,17255.579999999998,17409.828700058846,17118.922116815284,290.90658324356264,71.36993963097706,66.40981929764756,17858.885692330645,16652.27430766935,158.2969998685358,0.0019481368985660573,0.004917268171709112,0.2620011567380135,2.0688073394495414,699.0,-0.0008740462361916945,971.0,0.00860785542251774,448.0,-0.002189347261752128,569.0,0.0015525601545711698,1278.0,-0.0008740462361916945,0.007915972490273784
2021-09-23,1240.0,779.0,1.59,17670.85,17843.9,17646.55,17822.95,17822.95,1,-1,647.211764705884,-40.89582352941147,17582.730000000003,17314.995000000003,17473.385823126715,17171.072330384523,302.31349274219247,77.34885428000165,96.68355231913873,17895.62235028463,16734.367649715376,168.22221416364042,0.008607395795901283,0.011168110192775232,0.8938434253863669,1.5917843388960204,461.0,0.01574659550398505,1353.0,0.01485878601526025,971.0,0.024489995343998094,448.0,0.01097308488612847,950.0,0.01574659550398505,0.010426899470976614
2021-09-24,736.0,1298.0,0.57,17897.45,17947.65,17819.4,17853.2,17853.2,1,-1,643.6905882352949,-26.226647058824142,17636.340000000004,17375.81,17531.818773414914,17221.600305911594,310.2184675033204,77.89317594724261,86.37969572427707,17912.750054008393,16838.86994599161,165.36705600909468,0.002472419255257034,0.007165825299134792,0.2635477582845947,0.5670261941448382,-562.0,0.0016972498940972525,1240.0,0.017470571305633786,1353.0,0.016581254982348304,971.0,0.015242974896432449,569.0,0.0016972498940972525,0.010113197803138506
2021-09-27,912.0,1123.0,0.81,17932.2,17943.5,17802.9,17855.1,17855.1,1,-1,673.0174999999981,12.234176470585226,17727.980000000003,17433.305,17581.554346735695,17268.526209177402,313.02813755829266,77.92905156182509,86.65368808133206,17914.015045556072,16952.594954443928,163.59798057987354,0.004299528222973321,0.007840644204280486,0.37126600284493333,0.8121104185218165,-211.0,0.00010642349830836118,736.0,0.0018038540196767539,1240.0,0.01757885408325799,1353.0,0.02633802574021793,448.0,0.00010642349830836118,0.0071543473056154385
2021-09-28,776.0,1250.0,0.62,17906.45,17912.85,17576.1,17748.6,17748.6,0,0,687.5094117647059,25.594794117646188,17765.3,17474.182500000003,17607.253678007128,17304.087230719815,303.1664472873126,70.97614938240073,71.29569543586376,17914.442012416843,17033.922987583162,175.96598196702544,0.008815259306004382,0.018806072672137693,0.512249443207127,0.6208,-474.0,-0.005964682359661966,912.0,-0.005858893643716612,736.0,-0.004171587756235717,1240.0,0.010625213529210642,971.0,-0.005964682359661966,0.008127749173091937
2021-09-29,1143.0,865.0,1.32,17657.95,17781.75,17608.15,17711.3,17711.3,1,0,671.460294117649,6.882382352942614,17798.23,17503.1375,17623.26080446757,17334.251139555385,289.00966491218423,68.66542190372677,65.16580692704463,17925.428165150803,17080.8468348492,175.79698325509497,0.0030213020197700493,0.009831265803788012,0.594182027649762,1.3213872832369942,278.0,-0.002101574208669965,776.0,-0.00805372134572191,912.0,-0.007948154952613584,736.0,0.009383557545172394,1353.0,-0.002101574208669965,0.008259116250673921
2021-09-30,1034.0,999.0,1.04,17718.9,17742.15,17585.35,17618.15,17618.15,0,1,613.6035294117646,-44.25273529411788,17757.27,17530.2325,17622.47452685717,17355.280684773505,267.1938420836668,63.13726020582077,51.43699336772292,17906.519408187756,17153.94559181224,174.44005587973126,0.005686018883790754,0.00884930780127451,0.20918367346940242,1.035035035035035,35.0,-0.005259354197602484,1143.0,-0.007349875483136481,776.0,-0.013270718170158458,912.0,-0.011490802588796978,1240.0,-0.005259354197602484,0.0033164676757866498
2021-10-01,1051.0,962.0,1.09,17531.9,17557.15,17452.9,17532.05,17532.05,1,1,503.3792647058799,-126.41473529411962,17693.039999999997,17545.127500000002,17608.56306118684,17368.374708123614,240.1883530632258,58.45286604881197,33.13490467379933,17896.08630737417,17194.168692625834,173.7836233168933,8.55583251089826e-06,0.005946303595160821,0.759232613908852,1.0925155925155925,89.0,-0.004887005729886651,1034.0,-0.010120657433389968,1143.0,-0.012200962329423137,776.0,-0.017988371832500683,736.0,-0.004887005729886651,0.0025486350451933534
2021-10-04,1506.0,545.0,2.76,17615.55,17750.9,17581.35,17691.25,17691.25,0,1,426.48852941176665,-153.99967647058656,17660.27,17563.510000000002,17621.284128696556,17392.291396410754,228.99273228580205,63.80085613073287,58.74829056391276,17904.50250666033,17222.517493339674,177.00265022282966,0.0042973395664626275,0.009625018804408771,0.6481863757003808,2.763302752293578,961.0,0.009080512547021025,1051.0,0.004149130300286741,1034.0,-0.0011320456431769266,1143.0,-0.009176649808738002,912.0,0.009080512547021025,0.006271250373654818
2021-10-05,1227.0,807.0,1.52,17661.35,17833.45,17640.9,17822.3,17822.3,1,1,389.6726470588219,-131.24820588235457,17675.01,17585.735,17652.209647358624,17424.143885565514,228.06576179311014,67.50849936790739,79.83267637358192,17933.29348299026,17238.176517009742,178.1131752069132,0.009113119891741047,0.010902337590274768,0.9420929628667801,1.520446096654275,420.0,0.007407616759697477,1506.0,0.016555394263648493,1051.0,0.011587482227134904,1034.0,0.004152440192465967,776.0,0.007407616759697477,0.006886452078040658
2021-10-06,721.0,1326.0,0.54,17861.5,17884.6,17613.15,17646.0,17646.0,1,1,365.5488235294142,-94.18973529411522,17661.95,17599.93,17651.25431699576,17440.57767181992,210.67664517584126,58.7854303088342,51.4681039337141,17932.66827311941,17267.191726880592,184.78009126356207,0.012065056126305181,0.015197491811997709,0.12101676183458794,0.5437405731523378,-605.0,-0.00989210146838504,1227.0,-0.0025577616053134022,1506.0,0.006499525155358343,1051.0,-0.0036869117456086453,1143.0,-0.00989210146838504,0.008429187766729218
2021-10-07,1425.0,608.0,2.34,17810.55,17857.55,17763.8,17790.35,17790.35,1,1,359.88014705882597,-49.11373529411577,17696.39,17621.7725,17672.653652842568,17466.486733166592,206.1669196759758,63.00094535204959,74.6923015043034,17944.12756118794,17299.41743881206,186.692227601879,0.0011341592483107331,0.005263734135105317,0.28319999999999224,2.34375,817.0,0.00818032415278247,721.0,-0.0017926979121662967,1227.0,0.005601639228432154,1506.0,0.009774011459772858,1034.0,0.00818032415278247,0.008752469080060025
2021-10-08,1089.0,960.0,1.13,17886.85,17941.85,17840.35,17895.2,17895.2,0,1,394.4980882352975,7.280441176472209,17769.019999999997,17648.07,17706.89155240525,17498.24327145055,208.64828095470148,65.7418861301829,91.56141903306242,17969.544024453728,17326.59597554627,184.17849705888764,0.000466823392604186,0.005674559802312872,0.5403940886699723,1.134375,129.0,0.005893644588217839,1425.0,0.014122180664173145,721.0,0.004090381151703237,1227.0,0.020713493288006868,1051.0,0.005893644588217839,0.007927565258244104
2021-10-11,1118.0,963.0,1.16,17867.55,18041.95,17839.1,17945.95,17945.95,0,1,406.83617647059145,23.54900000000123,17819.96,17677.6025,17743.669775112136,17531.40673282458,212.26304228755544,67.01559443737247,83.70257193786604,17994.557573272967,17360.647426727035,185.51217584039583,0.004387842765236502,0.011352983481227263,0.5267438994330838,1.1609553478712358,155.0,0.0028359560105504222,1089.0,0.008746314715562198,1425.0,0.016998186557860118,721.0,0.014396947643609215,1506.0,0.0028359560105504222,0.007429723913173563
2021-10-12,1034.0,1019.0,1.01,17915.8,18008.65,17864.95,17991.95,17991.95,1,1,406.5964705882325,19.924529411760147,17853.890000000003,17708.2,17781.86673278719,17565.521048911647,216.34568387554464,68.1707472607643,91.51175621763856,18022.46916965949,17393.930830340512,182.52559185179618,0.0042504381607297165,0.008020853101731474,0.8837856645789796,1.014720314033366,15.0,0.0025632524330001516,1118.0,0.005406477714694491,1089.0,0.011331986161036811,1425.0,0.009518973420939103,1227.0,0.0025632524330001516,0.006995711693439953
2021-10-13,1062.0,987.0,1.08,18097.85,18197.8,18050.75,18161.75,18161.75,1,0,438.7558823529398,37.44252941176239,17957.04,17740.315000000002,17840.310312358393,17609.68615639967,230.62415595872153,72.06043674552954,95.16042421801592,18099.001250222198,17381.628749777807,184.19162100523923,0.00353080614548145,0.008125274549186743,0.7548452907174468,1.0759878419452888,75.0,0.009437554017213134,1034.0,0.012024997283509586,1118.0,0.014895055657383027,1089.0,0.029227586988552545,721.0,0.009437554017213134,0.0030889727017881967
2021-10-14,1017.0,1044.0,0.97,18272.85,18350.75,18248.7,18338.55,18338.55,1,-1,487.8548529411746,60.946558823527425,18066.68,17775.7675,17916.962571995562,17663.676070740436,253.2865012551265,75.42760784995971,98.64119841844398,18214.799773612605,17336.735226387398,184.53507664772215,0.0035954982391909708,0.005584788360874154,0.8804507594316432,0.9741379310344828,-27.0,0.009734744724489541,1062.0,0.01926417092088406,1034.0,0.021876802286866948,1118.0,0.03081445840020014,1425.0,0.009734744724489541,0.0034480263276241087
2021-10-18,1059.0,1040.0,1.02,18500.1,18543.15,18445.3,18477.05,18477.05,1,-1,554.0563235294103,95.23638235294055,18183.05,17820.3625,18003.129868611628,17723.92599142633,279.20387718529673,77.6953476746461,93.93717037376729,18345.61187303479,17295.113126965207,185.9682854585993,0.00124593921113936,0.005289160599132015,0.32447623914153595,1.0182692307692307,19.0,0.007552396454463484,1017.0,0.01736066183049534,1062.0,0.026962058031508418,1034.0,0.032514305512092445,1089.0,0.007552396454463484,0.003503399970117732
2021-10-19,459.0,1617.0,0.28,18602.35,18604.45,18377.7,18418.75,18418.75,1,-1,616.1398529411781,115.45917647059105,18277.61,17871.454999999998,18067.071427286763,17775.39443650586,291.676990780903,74.57541699645164,83.87390907906727,18420.266945841584,17322.643054158412,188.88126506869935,0.009869720761086559,0.0121893201665381,0.18103638368246647,0.28385899814471244,-1158.0,-0.0031552655862272516,1059.0,0.004373301051609824,1017.0,0.014150618745440324,1062.0,0.02634577718092368,1118.0,-0.0031552655862272516,0.005495769343040788
2021-10-20,415.0,1636.0,0.25,18439.9,18458.3,18209.35,18266.6,18266.6,1,0,657.3345588235279,106.50626470588179,18332.54,17906.684999999998,18097.768130781107,17811.780033801722,285.98809697938486,67.01242955719432,70.66128261907842,18461.937532725802,17351.432467274193,193.17188899236376,0.009398098688170917,0.01350061551309935,0.2299658565977097,0.2536674816625917,-1221.0,-0.008260604004072025,459.0,-0.011389805190763713,1059.0,-0.003923429060640027,1017.0,0.015265160252223797,1034.0,-0.008260604004072025,0.008249130621310016
2021-10-21,920.0,1116.0,0.82,18382.7,18384.2,18048.0,18178.1,18178.1,1,-1,644.0613235294077,52.17194117646795,18335.81,17938.2575,18110.126879891708,17838.914846112704,271.21203377900383,63.00965797137232,62.9759888845467,18479.668863265873,17396.846136734126,203.3881826357664,0.011130029865036266,0.01828893470491281,0.38697204045210665,0.8243727598566308,-196.0,-0.004844908193095576,415.0,-0.013065490329148388,459.0,-0.016179530823372867,1059.0,0.0009002436439218275,1062.0,-0.004844908193095576,0.007957067260047319
2021-10-22,715.0,1311.0,0.55,18230.7,18314.25,18034.35,18114.9,18114.9,1,-1,588.9263235294093,-23.177352941177332,18291.079999999998,17952.855,18110.861206062214,17859.358190845094,251.50301521712026,60.24229915269659,52.150327436223414,18496.780791720164,17408.929208279835,208.8533124474975,0.006351922855403209,0.015353222860340056,0.287781350482324,0.5453852021357742,-596.0,-0.0034767109873967694,920.0,-0.008304774834944517,415.0,-0.016496776382762035,459.0,-0.012195620700655052,1017.0,-0.0034767109873967694,0.005939219885116157
2021-10-25,538.0,1531.0,0.35,18229.5,18241.4,17968.5,18125.4,18125.4,1,-1,486.69485294117476,-111.93652941176481,18220.75,17966.465,18113.097943591107,17879.064991523235,234.03295206787152,60.55228163006545,51.674568748108584,18513.349329724675,17419.580670275325,213.42807584410494,0.005710524150415455,0.014970240544172987,0.5749358739465028,0.3514043109079033,-993.0,0.0005796333405096998,715.0,-0.0028990928644906377,920.0,-0.007729955218814477,415.0,-0.019031717725502606,1059.0,0.0005796333405096998,0.003189248500550162
2021-10-26,1530.0,514.0,2.98,18154.5,18310.45,18099.3,18268.4,18268.4,1,-1,405.41588235293966,-151.07070588235217,18190.68,17987.13,18136.990567654015,17907.904621780774,229.08594587324114,64.60033690291371,66.10007061434484,18546.70735604508,17427.55264395492,213.2653561409547,0.006273926574678535,0.01163072516455983,0.8008524745441677,2.9766536964980546,1016.0,0.00788948105972831,538.0,0.008473687406499675,715.0,0.0049675158569928435,920.0,-0.008162877502544852,459.0,0.00788948105972831,0.006188974320787763
2021-10-27,1039.0,991.0,1.05,18295.85,18342.05,18167.9,18210.95,18210.95,0,-1,363.3745588235288,-134.32002941176324,18179.55,18010.247499999998,18148.36894186109,17930.35242757479,218.01651428629702,61.85413803995545,53.19098316778691,18566.690586463832,17453.804413536163,210.47140213088636,0.004640396592669804,0.009518552021359917,0.2472006890611531,1.0484359233097882,48.0,-0.0031447745834337626,1530.0,0.0047198958367815624,538.0,0.005302264986281946,715.0,-0.003046543965488757,415.0,-0.0031447745834337626,0.005153479682565612
2021-10-28,433.0,1628.0,0.27,18187.65,18190.7,17799.45,17857.25,17857.25,0,0,299.2791176470564,-129.45902941176536,18115.38,18017.545,18103.581412344,17924.937432939623,178.6439794043763,48.25358679449061,7.180124223602394,18561.809292323494,17473.280707676502,224.8305876929659,0.018166173199946196,0.021511850074088734,0.14773162939296938,0.26597051597051596,-1195.0,-0.019422380490858537,1039.0,-0.022506076065774816,1530.0,-0.014794156266896286,538.0,-0.017650359498517343,920.0,-0.019422380490858537,0.01000014371660586
2021-10-29,802.0,1209.0,0.66,17833.05,17915.85,17613.1,17671.65,17671.65,1,1,204.86411764705917,-147.06158823529256,18026.73,18020.22,18037.13042582954,17906.175400870023,130.95502495951587,42.920483962941134,5.90608765824409,18557.081615687315,17483.358384312687,230.3962600006112,0.009050611084475052,0.016976905240550552,0.1933938893476562,0.663358147229115,-407.0,-0.010393537638774042,433.0,-0.029614050886966337,1039.0,-0.03266569595585822,1530.0,-0.024468807445804264,715.0,-0.010393537638774042,0.010461315647559208
2021-11-01,1398.0,646.0,2.16,17783.15,17954.1,17697.1,17929.65,17929.65,1,1,134.23382352940826,-147.1996764705902,17987.58,18040.1,18020.59497570192,17907.914260064834,112.68071563708509,51.02378531667519,31.931204922580545,18530.628421193298,17549.5715788067,234.11438428628162,0.008238135538416983,0.014451882821659828,0.9048638132295833,2.1640866873065017,752.0,0.014599655380227672,802.0,0.004054375673746113,433.0,-0.015446750444100932,1039.0,-0.010799761660432283,538.0,0.014599655380227672,0.013680343985239794
2021-11-02,1300.0,734.0,1.77,17970.9,18012.25,17847.6,17888.95,17888.95,1,1,63.74014705882291,-149.3582058823522,17911.69,18049.984999999997,18000.341902517008,17906.50950006003,93.83240245697743,49.822174651247025,27.825692237857627,18519.51378409996,17580.456215900034,229.15264255154733,0.004560150020310653,0.009162034177475888,0.2511387792286779,1.771117166212534,566.0,-0.0022699829611844136,1398.0,0.012296531450090908,802.0,0.0017751893488640036,433.0,-0.0207708392634276,1530.0,-0.0022699829611844136,0.012533146611604635
2021-11-03,882.0,1140.0,0.77,17947.95,17988.75,17757.95,17829.2,17829.2,1,0,-24.748088235297473,-160.22191176470733,17835.34,18050.329999999998,17974.012379052852,17900.782870425955,73.22950862689686,48.033769336508215,21.798557522570405,18519.198760313997,17581.461239686,229.27031094072248,0.006616354514025279,0.012859407341785511,0.3087088388214914,0.7736842105263158,-258.0,-0.0033400507016901892,1300.0,-0.005602451804692321,1398.0,0.008915409709902455,802.0,-0.02096266257389101,1039.0,-0.0033400507016901892,0.01252962751526567
2021-11-04,1698.0,266.0,6.38,17935.05,17947.55,17900.6,17916.8,17916.8,1,1,-49.14073529412053,-114.930588235295,17847.25,18063.870000000003,17965.210474583182,17901.96932446848,63.24115011470349,50.82100567470493,30.63499268674031,18499.730172989443,17628.009827010563,221.34743158781362,0.0010175605866724654,0.002617779153110849,0.34504792332269385,6.383458646616542,1432.0,0.004913288313552977,882.0,0.0015568269797834322,1300.0,-0.0007166899521184877,1398.0,0.003334779991319925,433.0,0.004913288313552977,0.0094757794710873
2021-11-08,1120.0,964.0,1.16,18040.2,18087.8,17836.1,18068.55,18068.55,1,0,-18.370735294116457,-39.513617647055796,17926.63,18077.780000000002,17981.108863108846,17914.308633767112,66.80022934173394,55.29427454242311,45.94240177535681,18495.202903538346,17660.35709646166,223.51547218868413,0.0015714903382445064,0.01395217347922976,0.9235200635677396,1.161825726141079,156.0,0.008469704411502077,1698.0,0.013424606824759211,882.0,0.010039717255624137,1300.0,0.022459702404698856,802.0,0.008469704411502077,0.007503802669778924
2021-11-09,1197.0,828.0,1.45,18084.35,18112.6,17983.05,18044.25,18044.25,0,0,9.734558823529369,13.491529411765805,17949.55,18085.232500000002,17990.822884169025,17923.933920154734,66.88896401429156,54.44033252065318,51.01159488878385,18494.594787312086,17675.870212687918,216.8036527466352,0.0022173868565913924,0.007163652550409569,0.47240447703590177,1.4456521739130435,369.0,-0.0013448782553109329,1120.0,0.0071134354348991735,1698.0,0.012061674107643583,882.0,0.006391647355079355,1398.0,-0.0013448782553109329,0.0051412476392876496
2021-11-10,986.0,1043.0,0.95,17973.45,18061.25,17915.0,18017.2,18017.2,0,-1,5.612794117641897,20.995235294114536,17975.2,18088.795000000002,17994.880901989174,17930.84251866179,64.03838332738451,53.45075964690641,52.405654260147976,18494.470335580536,17683.119664419468,211.76410612187556,0.0024341459207887187,0.008137002078065145,0.6988034188034238,0.9453499520613614,-57.0,-0.0014990925086938445,1197.0,-0.002841954667087254,1120.0,0.0056036792284337444,1698.0,0.007169230167226148,1300.0,-0.0014990925086938445,0.005018046731368395
2021-11-11,794.0,1268.0,0.63,17967.45,17971.35,17798.2,17873.6,17873.6,1,-1,-1.4419117647084931,9.27929411764635,17984.079999999998,18082.8775,17976.22230168315,17926.60233209425,49.61996958889722,48.419054635514286,35.73633308183,18497.38732795753,17668.367672042466,212.28095568459872,0.005223334418629364,0.009636871119719148,0.4354605833092623,0.6261829652996845,-474.0,-0.007970161845347934,986.0,-0.009457306344126337,1197.0,-0.010789465673781251,1120.0,0.002490296816458182,882.0,-0.007970161845347934,0.006366630626237401
2021-11-12,975.0,1056.0,0.92,17977.6,18123.0,17905.9,18102.75,18102.75,1,-1,8.714705882346607,7.864823529408023,18021.27,18079.927499999998,17995.688101424203,17939.650307494678,56.03779392952492,55.60160480312558,67.17195966801577,18492.987297696873,17666.867702303123,214.93231599284178,0.0069614409042364645,0.012076139195443139,0.9067250115154301,0.9232954545454546,-81.0,0.012820584549279479,794.0,0.004748240570121798,986.0,0.0032420300095599153,1197.0,0.010378527415610073,1698.0,0.012820584549279479,0.008392448485629748
2021-11-15,721.0,1379.0,0.52,18140.95,18210.15,18071.3,18109.45,18109.45,1,-1,36.905000000002474,24.999970588240103,18029.45,18068.4725,18013.189931974324,17952.228062495073,60.96186947925162,55.79542374879259,68.09108992386332,18464.56683784565,17672.37816215435,209.49786485049611,0.0017364029998428968,0.007653954175498095,0.27475693194094963,0.5228426395939086,-658.0,0.00037010951374805146,975.0,0.013195439083340865,794.0,0.005120107452878386,986.0,0.0022636016725194885,1120.0,0.00037010951374805146,0.007598588949289257
2021-11-16,934.0,1124.0,0.83,18127.05,18132.65,17958.8,17999.2,17999.2,0,-1,31.410735294124606,15.170470588243187,18020.44,18044.579999999998,18011.037634747503,17955.707465273215,55.330169474287686,51.78901646881065,52.9665957884631,18394.122471522973,17695.037528477023,206.95158878974652,0.007052995385349439,0.009590639403543445,0.2323842392867469,0.8309608540925267,-190.0,-0.0060879816891180605,721.0,-0.005720125395312858,975.0,0.007027123802703539,794.0,-0.0024966402039430236,1197.0,-0.0060879816891180605,0.008158102479840897
2021-11-17,792.0,1259.0,0.63,17939.35,18022.65,17879.25,17898.65,17898.65,0,-1,17.90294117647136,-0.7953529411759526,17996.73,18018.575,17993.747229401735,17951.480986364088,42.266243037647655,48.37720188244302,47.82681517460875,18327.983103478873,17709.16689652113,202.41218959047902,0.0022687555569180094,0.0079936006600017,0.13528591352860012,0.6290706910246228,-467.0,-0.005586359393750739,934.0,-0.01164033142917087,721.0,-0.011274530112828085,975.0,-0.006579823723997014,986.0,-0.005586359393750739,0.008484816610097366
2021-11-18,474.0,1594.0,0.3,17890.55,17945.6,17688.5,17764.8,17764.8,1,-1,0.7667647058842704,-18.373264705881592,17974.969999999998,17993.485,17958.524578724544,17937.652765151935,20.871813572608517,44.202586887906726,25.408257264885687,18299.74046868325,17687.229531316752,206.31846176258756,0.007028850426621876,0.01437071526588051,0.29677168416958266,0.2973651191969887,-1120.0,-0.00747821763093881,792.0,-0.013022801013378493,934.0,-0.01903150012838606,721.0,-0.006087190045653834,794.0,-0.00747821763093881,0.008390325894645206
2021-11-22,349.0,1758.0,0.2,17796.25,17805.25,17280.45,17416.55,17416.55,0,-1,-89.99735294118,-89.39497058824054,17837.730000000003,17955.4075,17875.143874305384,17899.052560325865,-23.908686020480673,35.59594642840949,14.63913090244148,18339.786333019463,17571.02866698054,229.06714306525984,0.021335955608625452,0.02948935871321201,0.25933689024390005,0.19852104664391354,-1409.0,-0.019603372962262444,474.0,-0.02693499230388896,792.0,-0.032370883150362295,934.0,-0.03790584303489808,975.0,-0.019603372962262444,0.007313166468656307
2021-11-23,1548.0,495.0,3.13,17281.75,17553.7,17216.1,17503.35,17503.35,1,-1,-237.62926470588354,-182.1200294117669,17716.51,17924.83,17817.94481671994,17869.741259560986,-51.796442841045064,38.794752531685916,28.89693677380405,18348.847426998476,17500.812573001527,236.81948998917002,0.01282277547123402,0.019535058660147393,0.850859004739331,3.1272727272727274,1053.0,0.004983765441491039,349.0,-0.014717306133477437,474.0,-0.022085464546208966,792.0,-0.03346871384829475,721.0,0.004983765441491039,0.008735172841693286
2021-11-24,1175.0,866.0,1.36,17550.05,17600.6,17354.0,17415.05,17415.05,1,-1,-345.76058823529456,-214.81708823529408,17599.68,17889.3125,17755.960998763025,17836.06042551943,-80.09942675640559,36.792758733575845,20.014083798601696,18356.938709566373,17421.686290433627,237.51809784708635,0.007692285776963599,0.014051242019253424,0.2475669099756676,1.3568129330254042,309.0,-0.005044748576701008,1548.0,-8.61249788276508e-05,349.0,-0.019687809601008688,474.0,-0.03245422018756394,934.0,-0.005044748576701008,0.00876747077588987
2021-11-25,1273.0,763.0,1.67,17417.3,17564.35,17351.7,17536.25,17536.25,0,-1,-436.13529411764466,-214.38414705882096,17527.2,17852.704999999998,17722.159306645637,17813.852245851325,-91.69293920568816,41.272547187526655,32.206629445198985,18310.419971241296,17394.9900287587,235.74180514372287,0.006829416729343856,0.012209125409793586,0.8678579826005227,1.6684141546526867,510.0,0.006959497675860904,1175.0,0.00187964018316511,1548.0,0.006872773310443225,349.0,-0.02024733708966886,792.0,0.006959497675860904,0.010694235277976657
2021-11-26,428.0,1657.0,0.26,17338.75,17355.4,16985.7,17026.45,17026.45,1,1,-548.4257352941167,-216.83608823529283,17379.53,17793.480000000003,17615.127105623233,17755.526153566043,-140.39904794281028,31.242231336358117,3.3280248274735578,18346.96365955865,17239.996340441357,258.22810477631407,0.018011679042606837,0.02132218297166755,0.11022450635650506,0.2582981291490646,-1229.0,-0.02907120963718013,1273.0,-0.022314032977223675,1175.0,-0.02724621286782236,1548.0,-0.041562528145546174,474.0,-0.02907120963718013,0.015645298837463288
2021-11-29,441.0,1656.0,0.27,17055.8,17160.7,16782.4,17053.95,17053.95,0,-1,-638.0055882352899,-196.814294117644,17307.010000000002,17753.315000000002,17528.792166296582,17703.557549598187,-174.76538330160474,32.19943465908517,19.019436175801033,18392.422857953916,17114.20714204609,266.80466872086305,0.00010846750079143429,0.022180138134827995,0.7178165477134544,0.266304347826087,-1215.0,0.0016151341001793273,428.0,-0.027503029439019167,1273.0,-0.02073493903261825,1175.0,-0.02081927821526064,349.0,0.0016151341001793273,0.014679434927688374
2021-11-30,1164.0,893.0,1.3,17051.15,17324.65,16931.4,16983.2,16983.2,1,1,-666.9372058823501,-139.88432352941095,17202.980000000003,17718.892499999998,17444.85490994326,17650.19773110943,-205.34282116617032,31.00359510741103,14.064086849938663,18440.69635720322,16997.088642796778,275.8364780979443,0.003985068455793346,0.023062960562777287,0.13172282263191168,1.3034714445688689,271.0,-0.004148599004922593,441.0,-0.002540165448464027,428.0,-0.03153752940337873,1273.0,-0.029717168427757956,1548.0,-0.004148599004922593,0.013807068146217282
2021-12-01,1206.0,850.0,1.42,17104.4,17213.05,17064.25,17166.9,17166.9,1,1,-711.0826470588217,-110.96535294117712,17153.35,17680.754999999997,17402.092616105834,17614.397899175397,-212.3052830695633,37.494568377006644,26.930485028891614,18433.90726342251,16927.602736577486,272.5517296623767,0.003654030541848881,0.008699515914033772,0.6898521505376476,1.4188235294117648,356.0,0.010816571670827724,1164.0,0.006623099047434744,441.0,0.008248930340734706,428.0,-0.014249169540138995,1175.0,0.010816571670827724,0.015749139086910544
2021-12-02,1439.0,627.0,2.3,17183.2,17420.35,17149.3,17401.65,17401.65,1,1,-726.5469117647044,-68.34729411764783,17126.43,17656.390000000003,17402.02452132032,17598.638795532777,-196.61427421245753,44.65943449026479,43.3724391525127,18412.547792790934,16900.232207209072,272.4444632579212,0.01271299874295828,0.015774128218259652,0.9310090389227186,2.295055821371611,812.0,0.013674571413592407,1206.0,0.024639055066183024,1164.0,0.020388238501930722,441.0,-0.007675529260816827,1273.0,0.013674571413592407,0.017020769824910215
2021-12-03,1088.0,974.0,1.12,17424.9,17489.8,17180.8,17196.7,17196.7,1,1,-670.3917647058843,12.201058823525841,17160.480000000003,17624.765000000003,17370.436133424886,17568.86555141924,-198.42941799435357,40.31454180617288,29.017685168972108,18401.980777695273,16847.549222304733,275.05557302521254,0.013096201412920632,0.01773324380627722,0.05145631067961636,1.1170431211498972,114.0,-0.011777618789022948,1439.0,0.0017358987353568445,1206.0,0.012571246879268916,1164.0,0.009999148383838197,428.0,-0.011777618789022948,0.010509486671822957
2021-12-06,640.0,1439.0,0.44,17209.05,17216.75,16891.7,16912.25,16912.25,1,1,-617.224411764706,61.21217647058734,17132.14,17574.5375,17299.945959051827,17520.22736242522,-220.2814033733921,35.19645696124381,9.616737641177451,18398.219352946555,16750.855647053442,278.6266035234116,0.017246739360975726,0.01888831748411442,0.06322104291647229,0.44475330090340515,-799.0,-0.016540964254769808,1088.0,-0.028123769872397286,1439.0,-0.014833778958344368,1206.0,-0.008308925498198394,441.0,-0.016540964254769808,0.013423816177454577
2021-12-07,1544.0,511.0,3.02,17044.1,17251.65,16987.75,17176.7,17176.7,1,1,-578.4622058823516,82.2793823529421,17170.840000000004,17529.945,17280.985042274624,17494.780891134462,-213.79584885983786,42.50451236608767,31.791977423906413,18338.241415863933,16721.648584136066,282.96756041459656,0.007779818236222634,0.015483363744638995,0.7159909056460768,3.0215264187866926,1033.0,0.01563659477597601,640.0,-0.0011630138340495977,1088.0,-0.012926935089488722,1439.0,0.011393612511187534,1164.0,0.01563659477597601,0.01527186790772735
2021-12-08,1550.0,534.0,2.9,17315.25,17484.6,17308.95,17469.75,17469.75,1,-1,-494.6519117647076,122.80352941176318,17231.410000000003,17501.219999999998,17310.025805001605,17492.92675105043,-182.90094604882324,49.324505166488564,59.09129986244844,18274.437533685366,16728.00246631463,284.7484489564109,0.00892277039026292,0.010144237016502668,0.9154568744662753,2.902621722846442,1016.0,0.017060902268771105,1544.0,0.03296427146003644,640.0,0.01587804636936152,1088.0,0.017641507785330912,1206.0,0.017060902268771105,0.016353145885826884
2021-12-09,1277.0,780.0,1.64,17524.4,17543.25,17379.6,17516.85,17516.85,0,-1,-433.6730882352931,125.20758823529536,17254.45,17476.2025,17341.844911924436,17494.698843565213,-152.85393164077686,50.344001661729806,71.80427237620356,18212.52012200391,16739.88487799609,276.0985597452388,0.0004308278742783154,0.009338408162333743,0.8386801099908266,1.6371794871794871,497.0,0.002696088953762832,1550.0,0.019802988932681842,1544.0,0.035749235021951487,640.0,0.006620061890682649,1439.0,0.002696088953762832,0.015371654493860683
2021-12-10,1282.0,783.0,1.64,17476.05,17534.35,17405.25,17511.3,17511.3,1,-1,-384.8230882352909,116.94385294117893,17317.370000000003,17458.0875,17367.914925474524,17495.928558856678,-128.01363338215378,50.215802582306296,89.08579809337576,18171.88890086266,16744.28609913734,265.59866262057875,0.0020170461860660733,0.007387252840315664,0.8214562354763785,1.6372924648786717,499.0,-0.0003168377876159312,1277.0,0.002378396943287564,1550.0,0.019479876809864516,1544.0,0.018294207609599322,1088.0,-0.0003168377876159312,0.013673287875880964
2021-12-13,1035.0,1083.0,0.96,17619.1,17639.5,17355.95,17368.25,17368.25,0,-1,-276.22382352940986,157.34300000000076,17408.57,17421.3625,17367.96647540152,17486.47088783026,-118.50441242873785,46.90070649586115,68.35258429588141,18071.44999016844,16771.27500983156,266.8809010048231,0.014237390105056364,0.016093330533341617,0.04337859284076637,0.9556786703601108,-48.0,-0.008169010867268511,1282.0,-0.008483260403554183,1277.0,-0.005810043074457316,1550.0,0.026962704548478156,640.0,-0.008169010867268511,0.010780471197978161
2021-12-14,995.0,1101.0,0.9,17283.2,17376.2,17225.8,17324.9,17324.9,0,-1,-216.31823529411486,144.81979411764843,17438.21,17382.135000000002,17361.340863801288,17474.502673916908,-113.16181011562003,45.91155315892898,63.29483140823719,17951.016955328618,16813.253044671386,258.56083664733586,0.0024127476393260927,0.00870209220514728,0.6589095744680933,0.9037238873751136,-106.0,-0.0024959336720740133,1035.0,-0.010644555230051367,1282.0,-0.010958020420338,1277.0,0.008627966955235822,1544.0,-0.0024959336720740133,0.009434050472458391
2021-12-15,844.0,1229.0,0.69,17323.65,17351.2,17192.2,17221.4,17221.4,1,-1,-213.88691176470456,91.09811764705807,17388.54,17343.245,17339.811500139553,17455.75432770084,-115.94282756128814,43.54994532354226,51.21922762804816,17839.82354957551,16846.666450424487,251.4493483153833,0.005902335824147913,0.009178204362244676,0.18364779874214293,0.6867371847030106,-385.0,-0.0059740604563374156,995.0,-0.008455083269759411,1035.0,-0.016555024469913637,1282.0,-0.01421600194622119,1550.0,-0.0059740604563374156,0.004340304936159606
2021-12-16,709.0,1354.0,0.52,17373.0,17379.35,17184.95,17248.4,17248.4,1,-1,-221.1294117647085,41.34688235293726,17334.85,17310.732500000002,17325.748192425774,17440.39474787115,-114.64655544537527,44.35407713523382,54.36938513592356,17737.893098924487,16883.571901075517,247.37439486428434,0.007172048581131557,0.011189777240545548,0.3263888888888963,0.5236336779911374,-645.0,0.001567816786091747,844.0,-0.00441560990251022,995.0,-0.006900522505145834,1035.0,-0.015325243979368297,1277.0,0.001567816786091747,0.003995371967076573
2021-12-17,437.0,1731.0,0.25,17276.0,17298.15,16966.45,16985.2,16985.2,0,0,-263.2536764705874,-25.091264705882338,17229.629999999997,17271.752500000002,17273.35616282181,17406.67661839921,-133.32045557740275,38.58405419928219,12.503343139876984,17667.160186411802,16876.344813588203,253.39765237397836,0.016832600138921003,0.019200046307015554,0.05652698221284281,0.25245522819179667,-1294.0,-0.015259386377866946,709.0,-0.013715493513883903,844.0,-0.01960761678278089,995.0,-0.03004345765305827,1282.0,-0.015259386377866946,0.006323962225607955
2021-12-20,245.0,1893.0,0.13,16824.25,16840.1,16410.2,16614.2,16614.2,1,1,-404.2591176470596,-140.48964705882463,17078.82,17231.635,17171.947522387683,17347.974646665938,-176.02712427825463,32.22112121924464,16.594810054502574,17713.49740577424,16749.772594225757,276.3692486329799,0.012484954752812118,0.025552402038723734,0.47452896022331015,0.1294241944004226,-1648.0,-0.021842545274709746,437.0,-0.036768627814753874,709.0,-0.035258457500551676,844.0,-0.043415427576180665,1035.0,-0.021842545274709746,0.009579280606156591
2021-12-21,1480.0,610.0,2.43,16773.15,16936.4,16688.25,16770.85,16770.85,1,1,-472.19191176470486,-157.24770588235185,16968.010000000002,17195.010000000002,17110.24021125112,17305.22467283883,-194.98446158771185,36.949165161566434,29.337834539981944,17699.514282041837,16690.505717958167,279.6428737306243,0.00013712391530528912,0.014794478079549842,0.33286318758814454,2.4262295081967213,870.0,0.009428681489328294,245.0,-0.012619810187692981,437.0,-0.027686626005890558,709.0,-0.031979982568442145,995.0,0.009428681489328294,0.01256159180022647
2021-12-22,1572.0,513.0,3.06,16865.55,16971.0,16819.5,16955.45,16955.45,1,1,-517.0502941176455,-141.47341176470434,16914.82,17172.030000000002,17086.4263325971,17279.315437813733,-192.88910521663274,42.07689286788254,44.35451069714474,17676.218979846402,16667.841020153603,273.96481132129406,0.005330392427166707,0.00898280815034197,0.8973597359736022,3.064327485380117,1059.0,0.011007194030117962,1480.0,0.02053965884604736,245.0,-0.0017515248569343056,437.0,-0.01544299534300353,844.0,0.011007194030117962,0.014806001274392936
2021-12-23,1363.0,720.0,1.89,17066.8,17118.65,17015.55,17072.6,17072.6,1,1,-536.3470588235286,-97.72664705882346,16879.66,17148.8475,17084.299204505238,17264.003183160865,-179.703978655627,45.12682039286287,53.884324412267,17625.820075179705,16671.874924820295,266.05303908405887,0.0003398410949914028,0.0060409684299342695,0.5533462657613779,1.8930555555555555,643.0,0.006909282855954713,1572.0,0.017992528703077104,1480.0,0.02759085601473421,245.0,-0.010192249715915813,709.0,0.006909282855954713,0.015400513598398197
2021-12-24,731.0,1347.0,0.54,17149.5,17155.6,16909.6,17003.75,17003.75,0,1,-530.0672058823548,-38.084088235296065,16883.370000000003,17147.7125,17071.90701919674,17244.725169593396,-172.81815039665526,43.67142379546203,48.2835760188725,17625.95105122058,16669.47394877942,264.62067914948324,0.00849879005218811,0.01434444152890755,0.38272357723577827,0.5426874536005939,-616.0,-0.004032777667139054,1363.0,0.0028486415872182036,1572.0,0.013887191168008961,1480.0,0.0010921272637354207,437.0,-0.004032777667139054,0.013699676466776802
2021-12-27,1204.0,919.0,1.31,16937.75,17112.05,16833.2,17086.25,17086.25,1,1,-431.47441176470966,65.95176470587904,16977.78,17149.3275,17074.11363162801,17232.986268142035,-158.87263651402463,45.92204082993087,54.9947124379728,17626.5055857013,16672.1494142987,265.6370592102343,0.008767398267184248,0.016463225635045892,0.9074771382463711,1.310119695321001,285.0,0.004851870910828504,731.0,0.0007995267270364259,1363.0,0.007714333739299084,1572.0,0.02841244236857632,245.0,0.004851870910828504,0.005893968905217625
2021-12-28,1612.0,472.0,3.42,17177.6,17250.25,17161.15,17233.25,17233.25,0,1,-328.0310294117662,140.56297058823475,17070.260000000002,17161.829999999998,17098.596149839086,17233.005803835218,-134.40965399613196,49.77291123908054,66.95273733018789,17634.019160611035,16689.64083938896,258.3772692666461,0.0032396842399404725,0.005186987704917948,0.8092031425364727,3.4152542372881354,1140.0,0.008603409174043453,1204.0,0.013497022715577511,731.0,0.009409814556658125,1363.0,0.02757164961823655,1480.0,0.008603409174043453,0.005771376538344373
2021-12-29,1143.0,963.0,1.19,17220.1,17285.95,17176.65,17213.6,17213.6,0,1,-238.56147058823626,174.33476470588283,17121.890000000003,17164.165,17116.289049863844,17231.568336884462,-115.27928702061763,49.26786371656165,65.35426665582024,17636.892913390522,16691.43708660948,247.72889289045705,0.00037746586837474814,0.006347233755901492,0.33806038426347057,1.1869158878504673,180.0,-0.0011402376220388533,1612.0,0.007453361621186483,1204.0,0.01234139528045275,731.0,0.01522519307951109,1572.0,-0.0011402376220388533,0.005401488310451451
2021-12-30,963.0,1142.0,0.84,17201.45,17264.05,17146.35,17203.95,17203.95,1,1,-190.95397058823437,152.8636470588259,17148.16,17154.28,17129.775349884792,17229.52253415228,-99.74718426748586,49.00488053310901,64.56926706255597,17614.842234012467,16693.71776598753,238.441114826853,0.000145336584997195,0.006842446421667983,0.48937977909942076,0.8432574430823118,-179.0,-0.000560603243946467,1143.0,-0.0017002016450755608,1612.0,0.006888579998536981,1204.0,0.007693614329393528,1363.0,-0.000560603243946467,0.00508704734772107
2021-12-31,1522.0,595.0,2.56,17244.5,17400.8,17238.5,17354.05,17354.05,1,1,-113.10867647058694,147.31723529411977,17218.22,17162.1475,17164.27914221021,17238.746790881738,-74.46764867152888,53.19029271917047,95.28063799717343,17630.646913525306,16693.64808647469,235.47032091064912,0.006352750152222406,0.009411696482936546,0.7119531731361664,2.5579831932773107,927.0,0.008724740539236553,963.0,0.008159246177441126,1143.0,0.007009705075943229,1612.0,0.02060133794016017,731.0,0.008724740539236553,0.004780571496879035
2022-01-03,1619.0,544.0,2.98,17387.15,17646.65,17383.3,17625.7,17625.7,1,1,13.765735294116894,185.14361764705828,17326.11,17197.82,17235.26696648556,17267.409991557164,-32.143025071603915,59.645565348492475,98.30563306239632,17692.68162045419,16702.95837954581,239.55101227417435,0.013719902341671824,0.015146243058810798,0.920448072906776,2.9761029411764706,1075.0,0.015653406553513438,1522.0,0.024514719003484675,963.0,0.023940372728540327,1143.0,0.03157217060501871,1204.0,0.015653406553513438,0.0070902515868119294
2022-01-04,1115.0,1013.0,1.1,17681.4,17827.6,17593.55,17805.25,17805.25,1,1,124.59808823529238,205.45014705882204,17440.510000000002,17229.2475,17322.95666394932,17307.24999218256,15.706671766762156,63.25271608983382,98.42316918301125,17790.1773552168,16668.3176447832,239.15808282601898,0.0070045358399220955,0.0132370739873539,0.9045075838496107,1.1006910167818362,102.0,0.01018682945925553,1619.0,0.025999694595786105,1522.0,0.0349512757244701,963.0,0.033191649862910344,1612.0,0.01018682945925553,0.007254754709715195
2022-01-05,1093.0,1041.0,1.05,17820.1,17944.7,17748.85,17925.25,17925.25,0,1,250.75705882353213,233.7454117647081,17582.840000000004,17252.0225,17415.617177187887,17353.027770539407,62.58940664847978,65.47397952673786,98.73248615184096,17882.802259879416,16621.242740120582,236.06464833844637,0.005900640288213953,0.010990398482612454,0.9006893030380367,1.0499519692603265,52.0,0.0067395852346920915,1115.0,0.01699506969935949,1619.0,0.032914506988282355,1522.0,0.04134231073104999,1143.0,0.0067395852346920915,0.005887358962740648
2022-01-06,1069.0,1040.0,1.03,17768.5,17797.95,17655.55,17745.9,17745.9,1,1,357.7229411764747,230.97591176470888,17691.23,17263.475,17466.42991915898,17382.129417166117,84.30050199286416,59.66866246125538,87.04463994786579,17920.82935078695,16606.120649213048,238.46717345712884,0.0012719137800038577,0.008014182401440834,0.6344803370786606,1.0278846153846153,29.0,-0.010005439254682558,1093.0,-0.0033332865306580084,1115.0,0.006819587307170805,1619.0,0.031501486577210525,963.0,-0.010005439254682558,0.009676331151300788
2022-01-07,1180.0,935.0,1.26,17797.6,17905.0,17704.55,17812.7,17812.7,1,1,447.0442647058808,208.2666470588214,17782.960000000003,17278.545000000002,17519.70223928837,17414.02353441307,105.67870487529945,61.05376661886824,89.4942098770345,17970.82564894126,16586.264351058744,235.75166106733397,0.0008484290016632683,0.011262754528700542,0.5395360439012276,1.2620320855614973,245.0,0.0037642497703693767,1069.0,-0.006278852456729989,1093.0,0.0004184159166538137,1115.0,0.026428989198486796,1522.0,0.0037642497703693767,0.009614524516053073
2022-01-10,1538.0,628.0,2.45,17913.3,18017.45,17879.15,18003.3,18003.3,0,1,517.1386764705858,177.68647058823262,17858.48,17310.2975,17594.101894782467,17457.673642975064,136.42825180740329,64.77139806722562,98.8188154764388,18070.997293922363,16549.59770607764,233.53725670538157,0.005024199896166536,0.0077205205071092025,0.8976861894432283,2.449044585987261,910.0,0.010700230734251415,1180.0,0.014504758845705013,1069.0,0.004354193107487969,1093.0,0.02142326262219374,1619.0,0.010700230734251415,0.00846314491133685
2022-01-11,1036.0,1111.0,0.93,17997.75,18081.25,17964.4,18055.75,18055.75,1,0,563.5438235294132,136.3024705882359,17908.579999999998,17346.84,17665.124680200548,17501.97559534728,163.1490848532667,65.7405427760548,97.95681262769921,18174.136801999448,16519.543198000552,225.20245265499707,0.0032226250503535163,0.006492478226444892,0.7817715019255429,0.9324932493249325,-75.0,0.002913354773847132,1538.0,0.01364475907638929,1180.0,0.017460371127978824,1069.0,0.014068884177419472,1115.0,0.002913354773847132,0.0077918767146487496
2022-01-12,1148.0,975.0,1.18,18170.4,18227.95,18128.8,18212.35,18212.35,1,-1,608.6770588235304,109.85170588235343,17966.0,17396.3875,17749.313190938927,17554.595921617853,194.71726932107413,68.52470171286785,98.88151998566035,18302.62954982637,16490.14545017363,221.4165631796402,0.0023086998635141265,0.0054566767930261,0.8426626323751694,1.1774358974358974,173.0,0.008673137366213002,1036.0,0.011611760066210008,1538.0,0.022436239312400685,1180.0,0.016016513019344147,1093.0,0.008673137366213002,0.008077630349252735
2022-01-13,1110.0,989.0,1.12,18257.0,18272.25,18163.8,18257.8,18257.8,0,-1,676.1239705882326,113.61841176470409,18068.379999999997,17446.8575,17827.541930794476,17606.685112609124,220.85681818535159,69.30438232648817,98.99586532782038,18424.155821022545,16469.55917897745,213.34752295252312,4.381880922381949e-05,0.0059401873254094715,0.8667588750576244,1.122345803842265,121.0,0.002495559331991748,1148.0,0.011190341027096595,1036.0,0.014136297234395911,1538.0,0.028846099662457103,1069.0,0.002495559331991748,0.003729020672773731
2022-01-14,1239.0,848.0,1.46,18185.0,18286.95,18119.65,18255.75,18255.75,0,-1,719.6010294117659,102.58411764706034,18156.989999999998,17510.385,17893.420095287634,17654.763993156597,238.6561021310372,69.22109287732076,97.26459758022088,18523.896184495992,16496.873815504005,210.0584141702,0.00389056915039868,0.009199890019246593,0.8135086670651472,1.4610849056603774,391.0,-0.00011228077862612817,1110.0,0.0023829983500207597,1148.0,0.01107680378826692,1036.0,0.02487270318368351,1180.0,-0.00011228077862612817,0.004547650900248906
2022-01-17,1296.0,864.0,1.5,18235.65,18321.55,18228.75,18308.1,18308.1,1,-1,751.2320588235307,87.39647058823607,18217.95,17595.08,17957.21700370492,17703.159252922775,254.0577507821472,70.20580318342176,98.85551395507142,18577.501641861814,16612.65835813819,201.6828131580428,0.00397298697880235,0.005088932941792548,0.8550646551724048,1.5,432.0,0.002867589663530623,1239.0,0.0027549869097043267,1110.0,0.005257421474988089,1148.0,0.016930229457932766,1538.0,0.002867589663530623,0.003220058263627588
2022-01-18,511.0,1626.0,0.31,18337.2,18350.95,18085.9,18113.05,18113.05,1,-1,758.5939705882338,55.748352941175085,18229.41,17662.19,17981.191310827242,17733.521530484053,247.6697803431889,62.21868569148823,80.25070562842429,18592.203354526933,16732.176645473064,206.20904078961112,0.012223785528870353,0.014454224199986872,0.1024335031126123,0.31426814268142683,-1115.0,-0.010653754349167821,1296.0,-0.007816715281486641,1239.0,-0.007928118393234707,1110.0,0.0031735042853384687,1036.0,-0.010653754349167821,0.007089611743779093
2022-01-19,898.0,1216.0,0.74,18129.2,18129.2,17884.9,17938.4,17938.4,0,-1,703.0870588235302,-18.64055882352841,18174.62,17711.3375,17974.608032238437,17748.69771341116,225.9103188272784,56.06779695143269,62.915187199424786,18589.190016014752,16833.48498398525,208.92982359035315,0.010524457780817646,0.013475498091476693,0.2189930413426122,0.7384868421052632,-318.0,-0.00964221928388631,511.0,-0.02019324779742282,1296.0,-0.017383564082549263,1239.0,-0.015041990737054589,1148.0,-0.00964221928388631,0.006626977608333773
2022-01-20,1042.0,1066.0,0.98,17921.0,17943.7,17648.45,17757.0,17757.0,0,-1,605.1448529411828,-102.38694117646594,18074.46,17745.557500000003,17941.129873432525,17749.312697602923,191.81717582960118,50.48522058311382,38.61933550353952,18573.060309828114,16918.05469017189,215.0955504767565,0.009151275040455332,0.016475085095697783,0.36765453005926935,0.9774859287054409,-24.0,-0.010112384605093117,898.0,-0.01965709805913407,511.0,-0.030101430514362426,1296.0,-0.027429372651688544,1110.0,-0.010112384605093117,0.006403761523459215
2022-01-21,461.0,1672.0,0.28,17613.7,17707.6,17485.85,17617.15,17617.15,0,-1,467.87397058823626,-189.31241176470644,17946.739999999998,17776.2275,17891.286815981366,17739.522868150856,151.76394783051,46.63043259699751,15.177436134551217,18534.013966277547,17018.441033722454,219.09943972841685,0.0001958702600816823,0.01258963193423301,0.5921082299887391,0.2757177033492823,-1211.0,-0.007875767303035297,1042.0,-0.01790850912009989,898.0,-0.027378050632002826,511.0,-0.034980759486736956,1239.0,-0.007875767303035297,0.005659500314242248
2022-01-24,187.0,2008.0,0.09,17575.15,17599.4,16997.85,17149.1,17149.1,0,1,267.3064705882316,-293.0947941176513,17714.94,17779.370000000003,17777.10422890731,17695.78784088042,81.31638802688758,36.567111015455914,11.178035621905236,18526.126196759302,17032.613803240703,247.68519403353017,0.024241613869583067,0.03422730389214333,0.2514337960269292,0.09312749003984064,-1821.0,-0.026567861430481288,461.0,-0.03423438643915089,1042.0,-0.04400057976185179,898.0,-0.06330531294891328,1296.0,-0.026567861430481288,0.007672322425747791
2022-01-25,1363.0,769.0,1.77,17001.55,17309.15,16836.8,17277.95,17277.95,0,1,47.73999999999796,-370.4904705882378,17547.920000000002,17781.605,17700.311270613878,17664.836889704093,35.474380909785395,40.38153986097363,29.135158339662585,18522.05069611715,17041.15930388285,263.73268017399243,0.01625734124241622,0.02778276098355751,0.9339472848523328,1.7724317295188556,594.0,0.0075135138287141245,187.0,-0.019253965596024325,461.0,-0.02697809314636479,1042.0,-0.04610488018307235,511.0,0.0075135138287141245,0.012079652137003665
2022-01-27,859.0,1276.0,0.67,17062.0,17182.5,16866.75,17110.15,17110.15,1,1,-135.89794117647034,-386.331411764706,17382.27,17776.432500000003,17609.517228980974,17623.748971948233,-14.23174296725847,37.24083815514406,18.053033054849383,18533.926550982196,17018.93844901781,274.26606016156444,0.002822060719728136,0.018506036806939397,0.7708630245447393,0.6731974921630094,-417.0,-0.009711800300382767,1363.0,-0.0022712562175273288,187.0,-0.028778775227548126,461.0,-0.04617189938902022,898.0,-0.009711800300382767,0.012080131818207267
2022-01-28,1296.0,815.0,1.59,17208.3,17373.5,17077.1,17101.95,17101.95,1,1,-242.8617647058818,-323.6939117647045,17251.260000000002,17771.3325,17531.4299629839,17585.097196248364,-53.66723326446299,37.089029733120086,17.511475085031286,18545.368211885063,16997.296788114938,275.84705586430994,0.006180157249699189,0.01722424643921837,0.08383940620783421,1.5901840490797545,481.0,-0.0004792476980038929,859.0,-0.010186393640449265,1363.0,-0.002749415421217316,187.0,-0.03688967731035642,1042.0,-0.0004792476980038929,0.012681526505399793
2022-01-31,1212.0,947.0,1.28,17301.05,17410.0,17264.15,17339.85,17339.85,1,-1,-290.06676470588354,-219.31076470588232,17195.8,17770.6225,17501.95612252484,17566.930737267005,-64.9746147421647,44.196326955661135,33.223260575240154,18546.212442865053,16995.03255713495,278.1472661597163,0.0022426384525794257,0.00843012418321423,0.5190263969831871,1.279831045406547,265.0,0.013910694394498657,1296.0,0.013424780028228778,859.0,0.0035826009451351837,1363.0,-0.015740343926231137,461.0,0.013910694394498657,0.015837690020942787
2022-02-01,1165.0,946.0,1.23,17529.45,17622.4,17244.55,17576.85,17576.85,1,-1,-266.99308823529645,-89.37717647058963,17281.35,17768.18,17513.47825752102,17567.665497469447,-54.187239948427305,50.22879261213215,48.8756067760789,18545.88492244708,16990.47507755292,285.268890005451,0.002704020947605191,0.02155515432600579,0.8794495170040951,1.2315010570824525,219.0,0.013667938303964622,1212.0,0.027768763211212688,1296.0,0.02727620739736336,859.0,0.024942999924194353,187.0,0.013667938303964622,0.010090944553346418
2022-02-02,1558.0,569.0,2.74,17706.2,17794.6,17674.8,17780.0,17780.0,0,-1,-148.26573529412053,68.55132352941001,17381.76,17766.917500000003,17554.481602517786,17583.39397913838,-28.912376620592113,54.744791315025026,62.29237526004688,18544.45957363552,16989.375426364488,280.44611214791877,0.004168031536975707,0.006765991573573057,0.878130217028392,2.7381370826010545,989.0,0.011557816104706076,1165.0,0.02538372592611826,1212.0,0.039647525574568965,1296.0,0.029057266631747458,1363.0,0.011557816104706076,0.010498625707788827
2022-02-03,982.0,1141.0,0.86,17767.75,17781.15,17511.15,17560.2,17560.2,1,0,-34.66661764705714,161.90417647059076,17471.77,17748.665,17555.361355976587,17581.67590660961,-26.31455063302201,49.510384463381776,47.77597992272897,18527.620486596265,16969.709513403737,279.6999612802103,0.011681276470008823,0.015196071534099704,0.18166666666666398,0.8606485539000877,-159.0,-0.012362204724409409,1558.0,-0.0009472687085568809,1165.0,0.01270772238514195,1212.0,0.026303100791050804,859.0,-0.012362204724409409,0.01149642864327637
2022-02-04,834.0,1265.0,0.66,17590.2,17617.8,17462.55,17516.3,17516.3,0,-1,16.31205882352151,161.04808823528873,17554.64,17737.185,17549.351916595573,17576.833246860748,-27.48133026517462,48.51268103830424,44.876663474556636,18522.704992169787,16951.665007830215,270.8106783316238,0.004201202942547637,0.008825937169560323,0.3462157809983897,0.6592885375494071,-431.0,-0.0024999715265202616,982.0,-0.014831271091113707,1558.0,-0.003444872090277773,1165.0,0.024228231283567103,1296.0,-0.0024999715265202616,0.01178058753651386
2022-02-07,723.0,1425.0,0.51,17456.3,17536.75,17119.4,17213.6,17213.6,1,-1,-6.16220588235592,81.79291176470579,17529.39,17707.23,17497.69777558087,17549.92708042662,-52.22930484575045,42.19827574129265,24.885249149687873,18524.01650662118,16890.443493378818,281.2777727365077,0.013903289929710233,0.02390827380372694,0.22570983586916837,0.5073684210526316,-702.0,-0.017281046796412514,834.0,-0.019737816197993308,982.0,-0.0318560179977504,1558.0,-0.007280916501584467,1212.0,-0.017281046796412514,0.013861222148310084
2022-02-08,580.0,1546.0,0.38,17279.85,17306.45,17043.65,17266.75,17266.75,1,0,-68.51558823529194,-20.255970588231136,17467.370000000003,17670.4025,17462.16734856843,17528.95100039502,-66.78365182659036,43.586737508612394,33.26756422160324,18496.833486515778,16843.971513484223,279.9579318267571,0.0007581084326541345,0.015208465351261689,0.8489345509893423,0.37516170763260026,-966.0,0.003087674861737222,723.0,-0.014246730188453016,834.0,-0.01671108529515608,982.0,-0.017642524115526914,1165.0,0.003087674861737222,0.011614551920203872
2022-02-09,1181.0,946.0,1.25,17370.1,17477.15,17339.0,17463.8,17463.8,1,-1,-148.92367647058563,-100.5324705882318,17404.129999999997,17640.805,17462.41852571175,17524.12500036576,-61.70647465400907,48.5236842428876,56.644683349896034,18452.17575797594,16829.43424202406,274.98950812484594,0.005394327033235315,0.007953322087955824,0.9033659066232208,1.248414376321353,235.0,0.011412107084425305,580.0,0.01453501882232655,723.0,-0.002997208314541311,834.0,-0.017784026996625513,1558.0,0.011412107084425305,0.01156741396165817
2022-02-10,1056.0,1042.0,1.01,17554.1,17639.45,17427.15,17605.85,17605.85,0,-1,-185.20544117646932,-106.70647058823306,17413.26,17610.48,17484.48490637148,17530.17870404237,-45.69379767089049,51.79850274847629,80.2933806640217,18378.30531698197,16842.65468301803,270.5116861159283,0.002948029235335335,0.012094040708438444,0.8417333961375304,1.0134357005758157,14.0,0.008133968552090476,1181.0,0.019638901356653582,580.0,0.022787214760422003,723.0,0.002599628705823198,982.0,0.008133968552090476,0.011282599306066197
2022-02-11,479.0,1628.0,0.29,17451.0,17454.75,17303.0,17374.75,17374.75,0,-1,-227.65000000000146,-100.3586176470606,17384.95,17566.327500000003,17467.60261308356,17518.665466705897,-51.06285362233757,46.60397434859075,56.16517018166644,18279.816837322905,16852.8381626771,272.8215656790762,0.004369377113059424,0.008695776746318263,0.4728171334431631,0.2942260442260442,-1149.0,-0.013126318808804993,1056.0,-0.005099119321109957,1181.0,0.006254796067586499,580.0,-0.008081044512825208,834.0,-0.013126318808804993,0.012891667600125802
2022-02-14,264.0,1906.0,0.14,17076.15,17099.5,16809.65,16842.8,16842.8,1,1,-301.8191176470609,-115.39635294117906,17310.79,17495.68,17371.479134147627,17468.601358061016,-97.12222391338946,37.325268446960315,3.3656530788362775,18201.895611126303,16789.464388873697,293.6985967019992,0.013665258269574944,0.016973966614254297,0.1143695014662687,0.1385099685204617,-1642.0,-0.030616267859969293,479.0,-0.043340707776108434,1056.0,-0.0355592711780941,1181.0,-0.021541107031649354,723.0,-0.030616267859969293,0.01751050312536441
2022-02-15,1467.0,662.0,2.22,16933.25,17375.0,16839.25,17352.45,17352.45,1,-1,-312.5048529411797,-77.2842352941203,17327.93,17447.8975,17368.55157504799,17459.9975537602,-91.44597871221049,48.006052714533126,55.10939641606182,18049.31710017405,16846.47789982595,310.9879826518564,0.024756027342654287,0.03163893523098047,0.9579094727018213,2.216012084592145,805.0,0.030259220557152133,264.0,-0.0012834717046288358,479.0,-0.014392943254656676,1056.0,0.00496329650918681,580.0,0.030259220557152133,0.023528296129481496
2022-02-16,1277.0,830.0,1.54,17408.45,17490.6,17257.7,17322.2,17322.2,1,-1,-323.49132352940796,-53.35717647058408,17299.61,17408.355,17361.420563502146,17449.79032755574,-88.36976405359383,47.488756273938314,52.038174526625795,17928.090991536592,16888.619008463407,305.41026960529507,0.004954490491686508,0.013378560411753936,0.2769428939459021,1.53855421686747,447.0,-0.001743269682379145,1467.0,0.02846320089296328,264.0,-0.0030245039496971104,479.0,-0.008108200964280332,1181.0,-0.001743269682379145,0.022827701262617094
2022-02-17,749.0,1367.0,0.55,17396.55,17442.9,17235.85,17304.6,17304.6,0,-1,-366.2226470588248,-59.885058823529846,17239.36,17376.665,17352.67893834797,17439.035488477537,-86.35655012956704,47.17027502109812,50.25128179095371,17837.177710029307,16916.152289970694,298.3845360620599,0.005285530751787035,0.011901785124062123,0.33204539966191277,0.5479151426481346,-618.0,-0.0010160372239093052,1277.0,-0.0027575356793998473,1467.0,0.027418243997435088,264.0,-0.01711078987950032,1056.0,-0.0010160372239093052,0.02222938914670551
2022-02-18,629.0,1492.0,0.42,17236.05,17380.8,17219.2,17276.3,17276.3,0,-1,-381.419705882352,-44.328176470586925,17219.670000000002,17352.629999999997,17340.928332448282,17426.981007849572,-86.05267540128989,46.62876630227269,47.3780394943905,17780.23368964561,16925.026310354384,288.61421205762696,0.0023352218170636543,0.009375698028260451,0.35334158415841,0.4215817694369973,-863.0,-0.001635403303167915,749.0,-0.002649778896445132,1277.0,-0.004388429299609031,1467.0,-0.00566626857940411,479.0,-0.001635403303167915,0.02153605297691851
2022-02-21,323.0,1842.0,0.18,17192.25,17351.05,17070.7,17206.65,17206.65,0,-1,-321.2155882352963,19.755235294115835,17292.44,17332.105,17320.27012745624,17410.660192453306,-90.39006499706738,45.25189550328628,40.306614548961996,17746.143257771608,16918.06674222839,288.0239111963678,0.0008375867033111696,0.0163067661300876,0.4849295523452878,0.1753528773072747,-1519.0,-0.004031534529962855,629.0,-0.005660344648243609,749.0,-0.006670630751290263,1277.0,0.02160270263851638,264.0,-0.004031534529962855,0.014519674562219056
2022-02-22,387.0,1771.0,0.22,16847.95,17148.55,16843.8,17092.2,17092.2,1,-1,-322.3938235294081,20.55479411764975,17240.39,17329.26,17285.182415539894,17387.070548567877,-101.88813302798371,43.00473103275904,29.08389089037563,17749.031388494437,16909.48861150556,293.36863182519886,0.01449731272944186,0.018088254060583037,0.8150943396226463,0.21852060982495766,-1384.0,-0.006651498112648313,323.0,-0.010656216898294102,629.0,-0.012274192989147226,749.0,-0.014997882143443775,1467.0,-0.006651498112648313,0.0023331254089802743
2022-02-23,1471.0,648.0,2.27,17194.5,17220.7,17027.85,17063.25,17063.25,0,-1,-351.11882352941393,-2.6447058823549128,17188.6,17318.525,17251.038966995293,17363.083841266554,-112.0448742712615,42.430751687929586,30.561581103880304,17753.694827192274,16883.35517280773,286.18872955197054,0.007633254819855186,0.011215795748640681,0.1835623541612707,2.2700617283950617,823.0,-0.001693755046161427,387.0,-0.008333987150316968,323.0,-0.01233192292331109,629.0,-0.014949024950641432,1277.0,-0.001693755046161427,0.0023399706679835923
2022-02-24,159.0,2027.0,0.08,16548.9,16705.25,16203.25,16247.95,16247.95,1,0,-490.71735294118116,-117.34429411765086,16977.27,17275.415,17096.717587457555,17280.48133450607,-183.76374704851332,30.204261419763924,3.1123798913800798,17909.828924893336,16641.001075106666,327.175248869687,0.018185498734054874,0.03033434246384956,0.08904382470119666,0.07844104588061174,-1868.0,-0.047781049917219764,1471.0,-0.04939387556897301,387.0,-0.055716830411497886,323.0,-0.06106179859690475,749.0,-0.047781049917219764,0.019908458345070323
2022-02-25,1788.0,337.0,5.31,16515.65,16748.8,16478.3,16658.4,16658.4,0,-1,-592.9713235294148,-177.28794117647192,16853.690000000002,17253.2375,17029.284112464084,17234.401235653768,-205.1171231896842,39.63477614259046,31.691268625539703,17939.26748686178,16567.20751313822,339.5805882361378,0.008643317096208747,0.016378404725215172,0.6658040665434461,5.3056379821958455,1451.0,0.025261648392566505,159.0,-0.02372642960748972,1471.0,-0.025379997893776096,387.0,-0.03576576002963583,629.0,0.025261648392566505,0.026177257831669964
2022-02-28,1353.0,773.0,1.75,16481.6,16815.9,16356.3,16793.9,16793.9,0,-1,-677.8616176470605,-190.84902941176477,16771.140000000003,17225.94,16993.071172084994,17201.77151449423,-208.70034240923633,42.401594628701055,41.12588775936507,17938.929741580185,16512.950258419813,348.1534033621282,0.018948403067663513,0.027885642170663177,0.9521322889469106,1.7503234152652005,580.0,0.008134034481102725,1788.0,0.033601161992743656,159.0,-0.01578538672292784,1471.0,-0.023987818663133154,323.0,0.008134034481102725,0.027069896296363263
2022-03-02,1027.0,1115.0,0.92,16593.1,16678.5,16478.65,16605.95,16605.95,1,-1,-718.9036764705888,-152.58911764705704,16673.890000000003,17177.394999999997,16933.514068687302,17157.636587494657,-224.12251880735494,39.684513348531645,28.039270296616106,17919.80853563805,16434.981464361943,345.8031602648333,0.0007744182822981953,0.012044162935195868,0.636977733299976,0.9210762331838565,-88.0,-0.011191563603451304,1353.0,-0.003148561686596607,1788.0,0.022033548847700812,159.0,-0.028448649091398437,387.0,-0.011191563603451304,0.027233820747614115
2022-03-03,1158.0,948.0,1.22,16723.2,16768.95,16442.95,16498.05,16498.05,0,1,-776.3208823529421,-124.96591176470463,16560.85,17113.297499999997,16866.519596581562,17108.77832175431,-242.2587251727491,38.17223468835758,22.899755311298374,17857.89085779579,16368.704142204204,344.3886488173452,0.013463332376578731,0.01949387676999617,0.169018404907971,1.2215189873417722,210.0,-0.006497671015509576,1027.0,-0.017616515520516463,1353.0,-0.00962577438409462,1788.0,-0.03312381873324255,1471.0,-0.006497671015509576,0.02715261008538317
2022-03-04,561.0,1565.0,0.36,16339.45,16456.0,16133.8,16245.35,16245.35,0,1,-751.6283823529448,-48.09120588235453,16560.329999999998,17047.555,16770.95504326132,17044.820668291028,-273.8656250297063,34.82511104582247,8.221550707547255,17852.448264289516,16242.661735710484,345.8073167589634,0.005759067777679198,0.01971914599328623,0.34621353196772453,0.3584664536741214,-1004.0,-0.015316961701534404,1158.0,-0.021715108138950168,1027.0,-0.03266364572850866,1353.0,-0.0001600201871621021,159.0,-0.015316961701534404,0.016631019186873125
2022-03-07,429.0,1757.0,0.24,15867.95,15944.6,15711.45,15863.15,15863.15,0,1,-838.8723529411745,-86.15497058823235,16401.28,16964.8975,16631.292728913424,16957.289507676876,-325.9967787634523,30.47291636277376,8.52654357417863,17890.717559986635,16039.077440013363,359.2425084190374,0.0003024965417713751,0.01469313931541249,0.6506540853527735,0.24416619237336368,-1328.0,-0.023526732264925077,561.0,-0.038483335909395344,1158.0,-0.04473095486858636,1027.0,-0.04773867838447876,1788.0,-0.023526732264925077,0.011760731250470852
2022-03-08,1498.0,614.0,2.44,15747.75,16028.75,15671.45,16013.45,16013.45,1,1,-914.7473529411745,-114.6528235294096,16245.189999999999,16904.89,16536.24000138828,16887.375470071183,-351.1354686829036,33.96773757370087,18.799989005854407,17910.58332581989,15899.196674180108,359.1037578176775,0.016872251591497245,0.02268895556508068,0.9571788413098257,2.439739413680782,884.0,0.009474789055137212,429.0,-0.014274854035154605,561.0,-0.0293731683441375,1158.0,-0.046472230988632846,1353.0,0.009474789055137212,0.012272583262873565
2022-03-09,1748.0,379.0,4.61,16078.0,16418.05,15990.0,16345.35,16345.35,1,1,-930.4102941176443,-88.01444117646827,16193.070000000002,16858.82,16506.872308867005,16847.225435251097,-340.3531263840923,41.01826271382267,38.04228174659174,17878.308968257472,15839.331031742526,364.0284894021291,0.0166283119791019,0.026623336235850184,0.8301600280341104,4.612137203166227,1369.0,0.02072632693142329,1498.0,0.030397493562123623,429.0,0.006155607604637625,561.0,-0.01569317021910821,1027.0,0.02072632693142329,0.018054383146735655
2022-03-10,1512.0,619.0,2.44,16757.1,16757.3,16447.9,16594.9,16594.9,0,1,-889.7729411764722,-24.6866764705901,16212.440000000002,16815.375,16520.415030579774,16828.534662269536,-308.1196316897622,45.71185434312894,54.02345920964118,17801.548654839095,15829.201345160904,367.45145444483404,0.009679479146152801,0.018463815337976013,0.47511312217194906,2.4426494345718903,893.0,0.015267339029142901,1748.0,0.03631010182065708,1498.0,0.04612892143111558,429.0,0.005870390743148546,1158.0,0.015267339029142901,0.019568998772153654
2022-03-11,1297.0,811.0,1.6,16528.8,16694.4,16470.9,16630.45,16630.45,1,1,-796.5339705882361,77.53341176470417,16289.460000000001,16766.605000000003,16537.343487413655,16813.861724323644,-276.51823690998935,46.36662555519486,57.09692783996194,17685.786011498127,15847.423988501878,357.1692076987744,0.006149871739025305,0.013521852766081022,0.7138702460850079,1.599260172626387,486.0,0.0021422244183453287,1512.0,0.017442269513959552,1748.0,0.038530110625755176,1498.0,0.023705244885459553,561.0,0.0021422244183453287,0.017281007284106562
2022-03-14,975.0,1161.0,0.84,16633.7,16887.95,16606.5,16871.3,16871.3,1,1,-587.7086764705928,236.1259705882312,16491.09,16741.4325,16588.721412426938,16818.11641141078,-229.39499898384383,50.7045605597101,77.44715184766814,17619.261215225084,15863.603784774914,351.7606928631477,0.014284254254916137,0.016920468687063053,0.9408420678628481,0.8397932816537468,-186.0,0.014482470408196946,1297.0,0.016655719528288593,1512.0,0.032177347074244356,1748.0,0.06355295133690353,429.0,0.014482470408196946,0.0069939816959819654
2022-03-15,607.0,1516.0,0.4,16900.65,16927.75,16555.0,16663.0,16663.0,1,1,-393.0639705882386,326.43399999999815,16621.0,16732.442499999997,16600.14888743818,16806.626306861835,-206.4774194236561,47.15250316961895,64.00193642084875,17609.6170722909,15855.267927709096,353.2599290872086,0.014061589347155371,0.022055364734492457,0.289738430583501,0.4003957783641161,-909.0,-0.012346410768583338,975.0,0.0019572531110101377,1297.0,0.0041036704047627826,1512.0,0.04056277691565513,1498.0,-0.012346410768583338,0.013276588519736192
2022-03-16,1510.0,600.0,2.52,16876.65,16987.9,16837.85,16975.35,16975.35,1,1,-246.58514705882408,336.1477941176487,16747.0,16713.5875,16657.872135524613,16819.124358205405,-161.25222268079233,52.52342971037304,99.04667856735897,17551.997982325775,15875.17701767423,351.2342198666938,0.0058483170534434905,0.008890982511339804,0.9163612129290059,2.5166666666666666,910.0,0.018745123927264018,607.0,0.00616727815876672,975.0,0.020739065990396988,1297.0,0.038543071882829016,1748.0,0.018745123927264018,0.01282575518385848
2022-03-17,1357.0,765.0,1.77,17202.9,17344.6,17175.75,17287.05,17287.05,1,-1,-121.99808823529384,307.17988235294325,16885.43,16711.83,16754.66873005929,16853.785516856857,-99.11678679756733,57.19826331615629,96.56038012132807,17545.26253740104,15878.397462598963,352.5210613047871,0.004891617111068355,0.009815205575803993,0.6591649392952338,1.7738562091503267,592.0,0.01836191890005212,1510.0,0.03745123927264005,607.0,0.024642440120204112,975.0,0.04170859721962761,1512.0,0.01836191890005212,0.01334874164396977
2022-03-21,893.0,1258.0,0.71,17329.5,17353.35,17096.4,17117.6,17117.6,1,1,6.459411764706601,275.03870588235515,16982.86,16702.48,16810.504310050168,16873.327330423013,-62.82302037284535,54.080677633026745,85.98311433497827,17512.98275039554,15891.977249604459,345.69455692587354,0.01222770420381439,0.014827317579849222,0.08250632418757474,0.7098569157392687,-365.0,-0.009802135124269418,1357.0,0.00837979776558373,1510.0,0.027282002040448727,607.0,0.02929265293482719,1297.0,-0.009802135124269418,0.01560002633100012
2022-03-22,978.0,1151.0,0.85,17120.4,17334.4,17006.3,17315.5,17315.5,1,0,95.98808823529544,227.82802941176632,17071.7,16704.44,16888.195954657833,16906.080861502793,-17.884906844959914,57.026618270481436,97.7495689398895,17520.65331010878,15888.226689891217,344.43780285973986,0.011395761781266707,0.01916427186280707,0.9423956110941746,0.8496959165942659,-173.0,0.01156120016824791,893.0,0.001645740597730816,1357.0,0.020037878453168956,1510.0,0.026328735782067847,975.0,0.01156120016824791,0.015248425583056035
2022-03-23,849.0,1250.0,0.68,17405.05,17442.4,17199.6,17245.65,17245.65,0,1,215.22117647058985,225.40408823529506,17188.23,16706.390000000003,16943.188884710475,16931.234131021105,11.954753689369682,55.66909286841021,88.89014370817922,17527.564545147827,15885.21545485218,337.17795979833005,0.009158261539035959,0.013949974289071443,0.18966227347612175,0.6792,-401.0,-0.0040339580144955756,978.0,0.007480604757676534,893.0,-0.0023948562652388317,1357.0,0.034966692672387945,607.0,-0.0040339580144955756,0.013151996270516532
2022-03-24,868.0,1254.0,0.69,17094.95,17291.75,17091.15,17222.75,17222.75,1,1,286.91411764705845,190.39717647058714,17237.71,16712.917500000003,16986.19828706271,16952.827899093616,33.370387969094736,55.20510847864727,87.59705242948694,17548.209580217295,15877.625419782711,327.42239124130634,0.007475892003193883,0.011734459591867688,0.6560319042871361,0.6921850079744817,-386.0,-0.001327871086332033,849.0,-0.0053564725246166844,978.0,0.006142800392578529,893.0,0.014574073583166314,1510.0,-0.001327871086332033,0.011633709603608024
2022-03-25,712.0,1410.0,0.5,17289.0,17294.9,17076.55,17153.0,17153.0,1,1,285.56602941176607,107.53626470588279,17210.9,16717.405000000002,17011.86008905306,16967.65546212372,44.20462692934234,53.73601940053656,83.65848838194182,17561.0994102569,15873.710589743107,319.63150615264175,0.007866273352999017,0.012629417548730534,0.35012594458438273,0.5049645390070922,-698.0,-0.004049875890900112,868.0,-0.005372369264133314,849.0,-0.009384655366579064,978.0,-0.007754359477180839,1357.0,-0.004049875890900112,0.007944623595663294
2022-03-28,672.0,1507.0,0.45,17181.85,17235.1,17003.9,17222.0,17222.0,1,1,276.8638235294129,44.75317647058836,17231.78,16766.107500000002,17044.18930612182,16986.495798262702,57.69350785911956,55.01146024762435,87.55470227843806,17608.234656238128,15923.980343761876,313.3149699988814,0.0023367681594241283,0.013456059737455344,0.9433391003460263,0.44591904445919045,-835.0,0.004022619949862971,712.0,-4.354705259035363e-05,868.0,-0.001371360314050274,849.0,0.006098985839136484,893.0,0.004022619949862971,0.006645701113896697
2022-03-29,921.0,1237.0,0.74,17297.2,17343.65,17235.7,17325.3,17325.3,1,1,301.85823529411573,28.57355882352715,17233.739999999998,16799.4525,17087.437105180004,17011.592405798798,75.84469938120674,56.92601711118034,91.93748278711085,17674.066506561583,15924.838493438418,299.6246149989614,0.0016245403880395986,0.006240894480031492,0.8300138953218892,0.7445432497978981,-316.0,0.005998141911508492,672.0,0.010044890106686744,712.0,0.005954333657516964,868.0,0.0005659669082613838,978.0,0.005998141911508492,0.004650874681548191
2022-03-30,1376.0,751.0,1.83,17468.15,17522.5,17387.2,17498.25,17498.25,1,1,320.3988235294091,26.07861764705666,17284.260000000002,16834.670000000002,17150.639088998465,17047.64111648037,102.9979725180965,59.995598009510196,97.7433463614368,17760.761785083258,15908.578214916746,292.3085710704642,0.0017231361077159597,0.007745525427706956,0.8207686622320759,1.8322237017310252,625.0,0.009982511125348426,921.0,0.016040529555220173,672.0,0.02012767445927821,712.0,0.01464717189552145,849.0,0.009982511125348426,0.005638999028243124
2022-03-31,931.0,1188.0,0.78,17519.2,17559.8,17435.2,17464.75,17464.75,0,1,378.97867647058956,66.24555882353087,17332.66,16877.61,17198.963844537164,17078.538070815157,120.42577372200685,59.11681030915977,91.27100743869966,17836.36346862407,15918.856531375934,280.3293874225738,0.003108018630987758,0.007112196903968134,0.23715890850722005,0.7836700336700336,-257.0,-0.001914477162001882,1376.0,0.008048922673777659,921.0,0.014095343165718255,672.0,0.014051182302477816,868.0,-0.001914477162001882,0.005754523633047926
2022-04-01,1785.0,356.0,5.01,17436.9,17703.7,17422.7,17670.45,17670.45,1,1,453.5942647058837,107.25550000000146,17436.15,16936.230000000003,17271.50017614683,17122.383398902923,149.11677724390756,62.72702333430082,97.10542352224253,17937.413744573725,15935.04625542628,280.3772883209614,0.01339400925623243,0.01611524984372222,0.8816725978647687,5.014044943820225,1429.0,0.011778009991554539,931.0,0.009840984098409944,1376.0,0.019921732957005167,921.0,0.030166734681979834,712.0,0.011778009991554539,0.0053803166786662434
2022-04-04,1696.0,464.0,3.66,17809.1,18114.65,17791.4,18053.4,18053.4,1,-1,603.4125000000022,191.7640000000021,17602.43,17026.6325,17391.792456739626,17191.34759157678,200.4448651628445,68.33339655661388,96.07283685442248,18086.740593202594,15966.524406797407,292.0789105837499,0.013717706116536093,0.018150833001106176,0.8105181747873164,3.6551724137931036,1232.0,0.021671774063478866,1785.0,0.03370503442648776,931.0,0.03172602974583172,1376.0,0.04827546161885965,672.0,0.021671774063478866,0.008604177450082169
2022-04-05,1487.0,655.0,2.27,18080.6,18095.45,17921.55,17957.4,17957.4,0,-1,716.179705882354,221.6669117647063,17728.85,17131.345,17478.809001856607,17248.092214422944,230.71678743366283,65.66685717339912,87.6840538847118,18122.55520015868,16140.134799841322,283.63755982776786,0.006813933165934598,0.00961804364899403,0.20615296147212123,2.2702290076335876,832.0,-0.005317557911529103,1696.0,0.01623897523832163,1785.0,0.028208248042485673,931.0,0.03648421672351998,921.0,-0.005317557911529103,0.010930321557174133
2022-04-06,1313.0,834.0,1.57,17842.75,17901.0,17779.85,17807.65,17807.65,0,-1,771.727058823526,186.9486176470549,17790.730000000003,17221.055,17529.3999246479,17289.540939280505,239.85898536739478,61.6269974577688,72.36101733063245,18110.91227445393,16331.197725546068,276.0598769829275,0.0019671855515544716,0.006789872637345782,0.22946760214612114,1.5743405275779376,479.0,-0.008339180504972843,1487.0,-0.01361239434123207,1696.0,0.007764374987620615,1785.0,0.01768176817681777,1376.0,-0.008339180504972843,0.012707696926532912
2022-04-07,917.0,1229.0,0.75,17723.3,17787.5,17623.7,17639.55,17639.55,1,-1,803.5985294117672,133.89611764706058,17825.690000000002,17285.765,17546.346090086685,17315.467536370837,230.87855371584737,57.36098408672068,57.227098807112114,18096.167490185315,16475.362509814684,269.48060005557556,0.004725417952638617,0.009242071171847189,0.09676434676433832,0.7461350691619203,-312.0,-0.009439763247817812,1313.0,-0.01770022386314285,1487.0,-0.02292365980923272,1696.0,0.010008731874203702,931.0,-0.009439763247817812,0.013909319744141878
2022-04-08,1463.0,688.0,2.13,17698.15,17842.75,17600.55,17784.35,17784.35,0,-1,824.0451470588268,80.25255882353156,17848.47,17345.2375,17582.962076227195,17350.19957071374,232.76250551345584,59.93383438306017,70.26333558406456,18117.8064573582,16572.668542641797,267.53198576589165,0.004870565567587408,0.013685046177142848,0.7588769611890946,2.126453488372093,775.0,0.008208826188876639,917.0,-0.0013084264347066332,1313.0,-0.009636695735462997,1487.0,0.006445789439431193,1785.0,0.008208826188876639,0.01336762229735587
2022-04-11,1195.0,993.0,1.2,17740.9,17779.05,17650.95,17674.95,17674.95,0,-1,764.2342647058795,-11.722676470591296,17772.78,17397.4625,17597.114064499932,17374.255158068278,222.85890643165476,57.12906040735256,60.4141345937429,18108.4553437569,16686.4696562431,257.9511296397564,0.0037173987790924206,0.0072206032388434935,0.18735362997658292,1.203423967774421,202.0,-0.006151475876261858,1463.0,0.002006853916341589,917.0,-0.007451853557319477,1313.0,-0.02096281032935632,1696.0,-0.006151475876261858,0.007134840375706861
2022-04-12,549.0,1609.0,0.34,17584.85,17595.3,17442.35,17530.3,17530.3,1,-1,657.2419117647041,-106.92747058823659,17687.36,17430.4125,17586.834977653787,17385.814035248404,201.0209424053828,53.56001329169845,47.39140220571666,18100.731661947135,16760.093338052862,256.14033466548824,0.0031021020935634524,0.00869782795986322,0.5750245178162818,0.34120571783716597,-1060.0,-0.008183898681467405,1195.0,-0.014285031502416445,1463.0,-0.0061934686542457484,917.0,-0.02378406673571909,1487.0,-0.008183898681467405,0.0073579588106642314
2022-04-13,1193.0,953.0,1.25,17599.9,17663.65,17457.4,17475.65,17475.65,0,-1,584.6633823529373,-142.09326470588564,17620.96,17471.045000000002,17569.72959647628,17392.46855115593,177.26104532035242,52.2323403717415,42.471303173531396,18041.438439564747,16900.651560435257,252.5767393322391,0.007059699202836379,0.011718816584185136,0.08848484848484849,1.2518363064008395,240.0,-0.0031174594844354253,549.0,-0.011275845193338574,1195.0,-0.017357957979909133,1463.0,-0.01864367280354229,1313.0,-0.0031174594844354253,0.007092473189660095
2022-04-18,869.0,1344.0,0.65,17183.45,17237.75,17067.85,17173.65,17173.65,1,-1,473.2644117647069,-187.425411764704,17527.780000000002,17480.96,17508.79427394147,17376.259769588825,132.53450435264313,45.51757290462701,15.282466801710555,18022.717784991128,16939.20221500887,263.6641150942222,0.0005703162054185436,0.009887420744961078,0.622719246615668,0.6465773809523809,-475.0,-0.017281188396425895,1193.0,-0.02034477447619254,549.0,-0.02836217358464943,1195.0,-0.026412238407442223,917.0,-0.017281188396425895,0.009217408791203714
2022-04-19,668.0,1469.0,0.45,17258.95,17275.65,16824.7,16958.65,16958.65,1,1,321.4422058823511,-238.72702941176465,17362.640000000003,17464.54,17424.156693335088,17345.325712582246,78.83098075284215,41.4337925160637,10.384123415636315,18047.175702303335,16881.904297696667,277.04167830177784,0.017399667998342846,0.02612847247370209,0.29703958310234063,0.4547311095983662,-801.0,-0.01251917909122402,869.0,-0.029584021195205867,1193.0,-0.0326092536921786,549.0,-0.046428460978331865,1463.0,-0.01251917909122402,0.005552740613186084
2022-04-20,1075.0,1084.0,0.99,17045.25,17186.9,16978.95,17136.55,17136.55,1,-1,181.22205882353228,-262.34473529411406,17254.96,17465.4875,17379.909509745074,17329.86084498356,50.048664761514374,45.769399134940834,24.175355633939173,18045.920774264578,16885.05422573542,273.5565584230794,0.005356330942637936,0.012199879731890158,0.7578744890598605,0.9916974169741697,-9.0,0.010490221804211775,668.0,-0.0021602862524857658,869.0,-0.019404142335192276,1193.0,-0.030461189423449664,1195.0,0.010490221804211775,0.010661800841021704
2022-04-21,1495.0,614.0,2.43,17234.6,17414.7,17215.5,17392.6,17392.6,0,-1,119.03588235294228,-216.88970588235168,17227.420000000002,17469.342500000002,17381.861892861216,17334.50818979959,47.3537030616244,51.35159291953927,44.02496220783732,18046.756224528177,16891.928775471828,273.8846613928596,0.009167604702168894,0.011558144662481331,0.8890562248995878,2.4348534201954397,881.0,0.014941747317867238,1075.0,0.02558871136558616,668.0,0.01274918261406266,869.0,-0.007854971107168818,549.0,0.014941747317867238,0.014028371466517921
2022-04-22,789.0,1343.0,0.59,17242.75,17315.3,17149.2,17171.95,17171.95,0,0,34.155147058823786,-191.66879411764748,17166.68,17465.6575,17349.567755497952,17322.46684240703,27.100913090922404,46.87388955049852,26.919648048373954,18049.637880897768,16881.677119102234,271.7071855790837,0.004106073567151369,0.0096330341737831,0.13696568332330042,0.5874906924795235,-554.0,-0.012686429860975235,1495.0,0.0020657600275435506,1075.0,0.012577652112638615,668.0,-0.017378466609253462,1193.0,-0.012686429860975235,0.01492851259648383
2022-04-25,441.0,1738.0,0.25,17009.05,17054.3,16888.7,16953.95,16953.95,1,1,-12.856323529413203,-141.45611764706047,17122.739999999998,17452.2175,17288.703485421345,17295.169298525027,-6.465813103681285,42.89430043460827,10.019768208070074,18069.37117071217,16835.06382928783,272.5316723234349,0.0032394519388207186,0.009735993485820698,0.39402173913043825,0.2537399309551208,-1297.0,-0.012695121986728397,789.0,-0.025220496073042442,1495.0,-0.010655587034729797,1075.0,-0.012792854169032197,869.0,-0.012695121986728397,0.013973618287302985
2022-04-26,1281.0,865.0,1.48,17121.3,17223.85,17064.45,17200.8,17200.8,0,-1,-19.03926470587976,-79.54276470588084,17171.17,17454.607500000002,17275.1798722796,17288.178980115765,-12.999107836163603,48.251818633471906,29.59669486523695,18067.46289425994,16841.752105740063,272.3436957289037,0.00464333899879098,0.009310040709525435,0.8553952321204543,1.4809248554913295,416.0,0.014560028783852541,441.0,0.0016800654555830796,789.0,-0.011027678437956379,1495.0,0.014278848847048442,668.0,0.014560028783852541,0.014358913631177419
2022-04-27,596.0,1546.0,0.39,17073.35,17110.7,16958.45,17038.4,17038.4,1,-1,-64.19602941176709,-75.61591176470829,17151.54,17445.427499999998,17238.7521996212,17269.67683344052,-30.924633819318842,45.24444725363006,19.855058998420596,18077.154602057133,16813.700397942863,270.20128889112476,0.0020470499345469455,0.008917406367233144,0.5251231527093644,0.3855109961190168,-950.0,-0.009441421329240418,1281.0,0.004981140088297975,441.0,-0.007777218079484283,789.0,-0.005727523918174771,1075.0,-0.009441421329240418,0.014498614459893477
2022-04-28,1023.0,1106.0,0.92,17189.5,17322.5,17071.05,17245.05,17245.05,1,-1,-127.46911764705874,-89.58799999999974,17122.03,17441.415,17239.72109198717,17267.85262355604,-28.131531568869832,49.5531039634183,41.289720544177484,18077.149878780856,16805.680121219146,271.19405397033,0.0032316239564850213,0.014628116001047194,0.6919864784251322,0.9249547920433996,-83.0,0.012128486242839465,596.0,0.002572554764894708,1281.0,0.017170040020172195,441.0,-0.00848349297977291,1495.0,0.012128486242839465,0.0137578413681191
2022-04-29,702.0,1421.0,0.49,17329.25,17377.65,17053.25,17102.55,17102.55,0,-1,-160.57691176470325,-83.74938235293885,17108.15,17421.629999999997,17218.617847066067,17255.60798477411,-36.99013770804231,46.817304443354566,27.29237267324775,18073.483438587627,16769.776561412367,274.9944786867351,0.013081927954181555,0.018719794566989422,0.15197287299629794,0.494018296973962,-719.0,-0.008263240756043011,1023.0,0.003765024884965662,596.0,-0.0057119436305288485,1281.0,-0.004041474614123741,789.0,-0.008263240756043011,0.012989684560358785
2022-05-02,698.0,1465.0,0.48,16924.45,17092.25,16917.25,17069.1,17069.1,1,-1,-165.75485294117243,-58.34761764705618,17131.18,17401.8475,17195.615101363597,17241.792578494544,-46.1774771309465,46.17288833296755,25.609053282338575,18071.04936003442,16732.64563996558,268.5877302091111,0.008546806543196252,0.010340070135218574,0.8677142857142774,0.4764505119453925,-767.0,-0.0019558486892305993,702.0,-0.01020292779667209,1023.0,0.0018018123767489236,596.0,0.006791927544908205,441.0,-0.0019558486892305993,0.01129671386487424
2022-05-04,364.0,1815.0,0.2,17096.6,17132.85,16623.95,16677.6,16677.6,1,-1,-227.6033823529433,-78.48332352941435,17026.54,17352.204999999998,17115.920470384583,17200.000535643096,-84.08006525851306,39.34656124045623,5.160142348754235,18079.15138447312,16625.258615526876,285.7528923370316,0.02450779687189266,0.02976615233438215,0.10542346236981341,0.20055096418732782,-1451.0,-0.02293618292704358,698.0,-0.024847171912960375,702.0,-0.03290509450537982,1023.0,-0.030417189898144348,1281.0,-0.02293618292704358,0.012735317636986787
2022-05-05,920.0,1221.0,0.75,16854.75,16945.7,16651.85,16682.65,16682.65,0,-1,-276.2795588235276,-84.74279411764655,16955.389999999996,17283.667500000003,17049.2634749408,17161.678273743608,-112.41479880280895,39.47087201260335,5.645859382514253,17991.472122952953,16575.862877047053,286.3312571701009,0.010210771444251534,0.017434254438659855,0.10481538199762695,0.7534807534807535,-301.0,0.0003028013623065373,364.0,-0.022640326672173527,698.0,-0.02455189430815863,702.0,-0.020879307916236267,596.0,0.0003028013623065373,0.01284007532524707
2022-05-06,401.0,1754.0,0.23,16415.55,16484.2,16340.9,16411.25,16411.25,0,-1,-423.4532352941169,-172.7196470588242,16788.629999999997,17206.36,16951.107555719136,17106.090994207047,-154.98343848791046,35.28533894106046,6.5514993481095445,17940.199865773586,16472.520134226415,290.2897388008081,0.00026194675170793986,0.008729527795291726,0.49092812281925907,0.22862029646522236,-1353.0,-0.016268398605737144,920.0,-0.015970523336691023,364.0,-0.038540403419043634,698.0,-0.04835010626237668,1023.0,-0.016268398605737144,0.009751352401705727
2022-05-09,515.0,1645.0,0.37,16227.7,16403.7,16142.1,16301.85,16301.85,0,-1,-593.1404411764706,-255.89414705882444,16628.489999999998,17131.07,16851.221777916195,17046.517587228747,-195.2958093125526,33.73253987529124,12.55304101838755,17910.277512411565,16351.862487588436,288.7797574578932,0.004569347473763974,0.01612058393980665,0.610665137614678,0.3130699088145897,-1130.0,-0.0066661588849112885,401.0,-0.02282610976073951,920.0,-0.02253022017556472,364.0,-0.04681757983458601,702.0,-0.0066661588849112885,0.00984100994789095
2022-05-10,441.0,1722.0,0.26,16248.9,16404.55,16197.3,16240.05,16240.05,1,0,-705.6922058823548,-260.4584411764721,16462.68,17061.094999999998,16757.195350544473,16986.779247434024,-229.5838968895514,32.85300728982858,7.696841112682609,17894.552431965567,16227.637568034428,282.956203353758,0.0005446522533833284,0.01275470954956951,0.20627261761158022,0.25609756097560976,-1281.0,-0.0037909807782553484,515.0,-0.010431868382969056,401.0,-0.02653055719564945,920.0,-0.048570223386118716,698.0,-0.0037909807782553484,0.009518003798515197
2022-05-11,423.0,1729.0,0.24,16270.05,16318.75,15992.6,16167.1,16167.1,0,0,-818.7901470588258,-255.31902941176668,16360.579999999998,16980.232500000002,16666.411450460706,16926.062266142613,-259.65081568190726,31.79901352048256,12.270585753463186,17830.951118741636,16129.513881258368,286.04147454277523,0.006327577358397726,0.020046035506959086,0.5350298942204513,0.2446500867553499,-1306.0,-0.004491981243900045,441.0,-0.008265933007603476,515.0,-0.014876989869753943,401.0,-0.030609919892550352,364.0,-0.004491981243900045,0.006176480130923324
2022-05-12,408.0,1779.0,0.23,16021.1,16041.95,15735.75,15808.0,15808.0,1,0,-963.0839705882408,-262.25197058823903,16185.65,16886.885000000002,16534.34815038983,16843.24283902094,-308.8946886311096,27.17692715589891,4.400389792313779,17818.10273560146,15955.667264398544,296.42065493257707,0.01330120903059093,0.01911229566009829,0.23595689092096614,0.22934232715008432,-1371.0,-0.022211775766835085,423.0,-0.026603982130596893,441.0,-0.03029410772397001,515.0,-0.052428720856698474,920.0,-0.022211775766835085,0.008155871537289536
2022-05-13,1420.0,709.0,2.0,15977.0,16083.6,15740.85,15782.15,15782.15,1,1,-1021.7144117647094,-201.23017647058919,16059.829999999998,16799.4775,16418.625358022164,16764.643369463833,-346.01801144166893,26.874104588334035,2.8259942749253666,17798.425696091137,15800.529303908863,299.72989386596447,0.012195656255867833,0.021452713275333293,0.12049598832968424,2.002820874471086,711.0,-0.0016352479757085758,408.0,-0.023810701981184068,423.0,-0.028195725998380494,441.0,-0.03833346027877216,401.0,-0.0016352479757085758,0.008276411598015444
2022-05-16,1406.0,746.0,1.88,15845.1,15977.95,15739.65,15842.3,15842.3,1,1,-1065.3388235294115,-150.414911764703,15967.920000000002,16717.81,16329.959918326445,16696.321638392437,-366.3617200659919,28.86046778421847,6.489432973993494,17748.836226435957,15686.783773564046,295.34204430410995,0.00017671078125105499,0.015039349704325066,0.4307595467897573,1.8847184986595173,660.0,0.003811267793044637,1420.0,0.0021697874493926683,408.0,-0.0200901831497301,423.0,-0.028190052049307357,515.0,0.003811267793044637,0.00980716898617477
2022-05-17,1828.0,322.0,5.68,15912.6,16284.25,15900.8,16259.3,16259.3,1,-1,-1074.8658823529422,-86.10723529411621,15971.769999999999,16672.092500000002,16319.089161660839,16663.949665178185,-344.86050351734593,40.855167402358646,31.886838418904855,17699.2940300192,15644.890969980805,305.8140411395307,0.021787765669972155,0.024097256262333038,0.9349328465249689,5.6770186335403725,1506.0,0.02632193557753615,1406.0,0.030233523315897903,1420.0,0.02854883603238867,408.0,0.001185341178136845,441.0,0.02632193557753615,0.017485287667948927
2022-05-18,1164.0,976.0,1.19,16318.15,16399.8,16211.2,16240.3,16240.3,0,-1,-1020.9597058823529,8.232852941178407,15986.41,16636.175,16306.967752174556,16632.56820849832,-325.60045632376386,40.51993243428874,30.72964248736213,17670.993162045288,15601.35683795471,297.4416096295641,0.004770761391456774,0.011557682703002396,0.15429480381759686,1.1926229508196722,188.0,-0.0011685619922137125,1828.0,0.025122614771845075,1406.0,0.029029631577446757,1420.0,0.004527713690148483,423.0,-0.0011685619922137125,0.017317149075936504
2022-05-19,399.0,1760.0,0.23,15917.4,15984.75,15775.2,15809.4,15809.4,1,1,-981.2729411764685,51.55741176470838,15986.689999999999,16569.8175,16230.418867224626,16571.592785646593,-341.17391842196776,33.755200554159074,4.485656860953747,17637.465245875865,15502.169754124137,309.41720894173795,0.006785027705529798,0.013164838478645965,0.16320687186828456,0.22670454545454546,-1361.0,-0.026532761094314794,1164.0,-0.027670317910365116,1828.0,-0.0020767186582756336,1406.0,8.856275303648076e-05,408.0,-0.026532761094314794,0.01881003797504816
2022-05-20,1763.0,372.0,4.74,16043.8,16283.05,16003.85,16266.15,16266.15,1,1,-896.4573529411755,111.3215882352946,16083.49,16513.495,16235.915964574684,16548.967394117215,-313.05142954253097,44.35904188460781,37.96435473480783,17518.59767878403,15508.39232121597,321.1481225887566,0.013858936162255848,0.01740236103666207,0.9394699140401157,4.739247311827957,1391.0,0.02889103950814076,399.0,0.0015917193647900785,1164.0,0.0004212973498243233,1828.0,0.03066755796897125,1420.0,0.02889103950814076,0.02264503315384642
2022-05-23,849.0,1325.0,0.64,16290.95,16414.7,16185.75,16214.7,16214.7,1,1,-772.958382352941,176.34447058823503,16157.970000000001,16465.6325,16232.651970024734,16524.206846404828,-291.55487638009436,43.51408835083,34.28172643332626,17431.143355596065,15500.121644403933,314.56254240384544,0.004680512800051562,0.014053815155040112,0.12644682245031943,0.6407547169811321,-476.0,-0.00316301030053201,1763.0,0.025636646552051445,399.0,-0.0015763255604883675,1164.0,0.023506687791545522,1406.0,-0.00316301030053201,0.023045188046934537
2022-05-24,573.0,1574.0,0.36,16225.55,16262.8,16078.6,16125.15,16125.15,1,1,-716.3675000000003,161.23567647058735,16131.14,16424.1925,16216.113205405545,16494.64708000447,-278.53387459892474,42.01402415702109,32.18314806396953,17373.316827089904,15475.068172910098,305.2509322321421,0.006187771755040639,0.011352465709945051,0.25271444082518757,0.3640406607369759,-1001.0,-0.005522766378656452,849.0,-0.008668308112245393,1763.0,0.019972294963755743,399.0,-0.008250662697656064,1828.0,-0.005522766378656452,0.019807274617145276
2022-05-25,352.0,1799.0,0.2,16196.35,16223.35,16006.95,16025.8,16025.8,1,1,-700.3823529411766,113.10535294117585,16088.24,16365.442500000001,16186.834250727768,16459.917666670804,-273.083415943036,40.3520196525099,38.75342374240083,17258.835030343682,15472.049969656322,298.90443707270333,0.010530150311644358,0.013361035048020055,0.08710720887245184,0.19566425792106726,-1447.0,-0.006161182996747394,573.0,-0.011649922601096652,849.0,-0.014776084076440932,1763.0,-0.013207884090811084,1164.0,-0.006161182996747394,0.01991200581162983
2022-05-26,1171.0,974.0,1.2,16105.0,16204.45,15903.7,16170.15,16170.15,1,1,-608.0792647058843,130.76970588235122,16160.39,16322.029999999999,16184.267442923498,16438.45339506556,-254.1859521420629,43.82886003791773,63.98114735989383,17163.25833131017,15480.801668689828,299.0362629960817,0.004045327538031645,0.018674324743868365,0.8859517871986664,1.202258726899384,197.0,0.00900735064708158,352.0,0.002790671714681725,573.0,-0.0027475068918945134,849.0,0.0228187027970701,399.0,0.00900735064708158,0.014899803678791007
2022-05-27,1528.0,627.0,2.44,16296.6,16370.6,16221.95,16352.45,16352.45,1,1,-532.098088235296,133.87902941176367,16177.65,16277.4,16210.141682473728,16432.08277320885,-221.941090735123,47.9548118992614,90.8314308859268,17005.060394001837,15549.739605998162,291.99438706779017,0.0034270952223163335,0.009121534553219667,0.8779011099899113,2.4370015948963317,901.0,0.011273859549849607,1171.0,0.02038275780304266,352.0,0.01409599290549246,573.0,0.005305496383594122,1763.0,0.011273859549849607,0.008378421952225386
2022-05-30,1606.0,559.0,2.87,16527.9,16695.5,16506.15,16661.4,16661.4,0,-1,-439.4847058823543,159.79767647058793,16266.990000000002,16255.342499999999,16279.56603901623,16449.06923445264,-169.50319543640944,54.107174581943646,96.44699140401161,16904.07989777657,15606.605102223428,295.641216562948,0.008077251193436552,0.011456385868743067,0.8199102191708539,2.8729874776386404,1047.0,0.018893193374693196,1528.0,0.030380052133097246,1171.0,0.03966104656241831,352.0,0.02754907583859101,849.0,0.018893193374693196,0.0109829543012399
2022-05-31,1129.0,991.0,1.14,16578.45,16690.75,16521.9,16584.55,16584.55,1,-1,-319.5560294117604,200.36405882353392,16358.87,16231.115,16326.48664839835,16459.104846715407,-132.61819831705725,52.44637517980617,88.43969783797857,16785.865021269874,15676.364978730126,286.5847010941659,0.00036794754636281104,0.010184908721864743,0.3710393840686903,1.1392532795156407,138.0,-0.004612457536581682,1606.0,0.014193591785940152,1528.0,0.025627467896092382,1171.0,0.028489657460550655,573.0,-0.004612457536581682,0.010759871083538443
2022-06-01,1111.0,1008.0,1.1,16594.4,16649.2,16438.85,16522.75,16522.75,0,-1,-199.34058823529267,220.37114705882487,16458.260000000002,16223.372500000001,16356.68101018322,16463.819302514265,-107.1382923310448,51.088332746327744,81.92708060888215,16756.89684290661,15689.848157093393,281.13936530172566,0.004317721641035617,0.012675962975461731,0.3988590444497294,1.1021825396825398,103.0,-0.0037263597746094446,1129.0,-0.008321629634964745,1606.0,0.010414341581842512,1528.0,0.031009372387025946,352.0,-0.0037263597746094446,0.01012643664393405
2022-06-02,1303.0,814.0,1.6,16481.65,16646.4,16443.05,16628.0,16628.0,1,-1,-72.56058823529384,240.0474117647056,16549.83,16220.64,16398.422393231955,16475.980835661358,-77.55844242940293,53.30590675019161,92.93822252445467,16745.212089039178,15696.067910960819,275.5829820658883,0.008879572130217455,0.012337963735427107,0.9095156134742992,1.6007371007371007,489.0,0.006370004993115463,1111.0,0.0026199082881357416,1129.0,-0.0020046334641747876,1606.0,0.02831451779977301,1171.0,0.006370004993115463,0.010009520414237609
2022-06-03,734.0,1409.0,0.52,16761.65,16793.85,16567.9,16584.3,16584.3,0,-1,30.231470588238153,230.37355882353077,16596.2,16229.2925,16427.018948119345,16484.00447746422,-56.98552934487452,52.24672917326392,79.42865557355326,16771.56521577494,15687.019784225062,272.0377690611818,0.010580700587352807,0.013480176474272942,0.07258242974108443,0.5209368346344926,-675.0,-0.0026280971854703017,1303.0,0.0037251668154514306,1111.0,-1.5074270932835532e-05,1129.0,0.01417830355695937,1528.0,-0.0026280971854703017,0.009983992056209992
2022-06-06,814.0,1333.0,0.61,16530.7,16610.95,16444.55,16569.55,16569.55,0,-1,34.00029411764626,139.44538235293876,16577.829999999998,16242.6775,16448.94680225483,16490.34118283724,-41.39438058240921,51.872082060738855,77.98066067834883,16804.32256627756,15681.032433722443,264.49221412824033,0.002350172708959605,0.010066119402082274,0.7512019230769165,0.6106526631657915,-519.0,-0.0008893953920273701,734.0,-0.0035151551599711395,1303.0,0.0028324582772238927,1111.0,-0.005512742026480444,1606.0,-0.0008893953920273701,0.004399303808760881
2022-06-07,694.0,1432.0,0.48,16469.6,16487.25,16347.1,16416.35,16416.35,1,-1,14.78794117646612,53.364235294113314,16544.19,16251.492500000002,16443.93190960024,16484.860354478926,-40.928444878685696,48.02048166451507,62.941147597310085,16818.207075667437,15684.77792433257,261.48919883336595,0.0032332297080681985,0.008509617719920317,0.49411344987512207,0.48463687150837986,-738.0,-0.009245875717807661,814.0,-0.010127047870576389,734.0,-0.012728530190040943,1303.0,-0.010141969483645985,1129.0,-0.009245875717807661,0.0056383751764295005
2022-06-08,900.0,1232.0,0.73,16474.95,16514.3,16293.35,16356.25,16356.25,0,-1,6.721470588239754,4.085352941180463,16510.89,16260.95,16430.442385046357,16475.33366155456,-44.89127650820228,46.55991915052635,50.839746110206185,16828.02851396338,15693.87148603662,258.5935417738397,0.007204877708278369,0.013411269836934189,0.28467979180810116,0.7305194805194806,-332.0,-0.0036609843235554385,694.0,-0.012873011035302695,814.0,-0.013750957230633798,734.0,-0.010077015024738567,1111.0,-0.0036609843235554385,0.005633514120035376
2022-06-09,1098.0,1008.0,1.09,16263.85,16492.8,16243.85,16478.1,16478.1,0,-1,-0.7122058823551924,-17.718000000002213,16480.909999999996,16294.454999999998,16437.774325808456,16475.53857551348,-37.76424970502558,49.88783653062077,64.52845026119185,16828.763698131428,15760.146301868568,257.9047173614225,0.013173387605025759,0.015306953765559747,0.9409519983932485,1.0892857142857142,90.0,0.007449751623996859,900.0,0.003761493876531574,694.0,-0.00551916014617182,814.0,-0.009014914601876423,1303.0,0.007449751623996859,0.006041048121848213
2022-06-10,665.0,1462.0,0.45,16283.95,16324.7,16172.6,16201.8,16201.8,0,-1,-58.227794117647136,-57.541735294117096,16404.41,16315.4375,16401.470583376384,16455.261643993967,-53.79106061758284,43.30275716454605,33.48873785317073,16798.086887106103,15832.788112893897,261.30438040703507,0.005044844770464258,0.009340485570147314,0.1919789612097228,0.4548563611491108,-797.0,-0.016767709869463077,1098.0,-0.009442873519296957,900.0,-0.01306928763092885,694.0,-0.023063982200032584,734.0,-0.016767709869463077,0.009075813557158238
2022-06-13,244.0,1942.0,0.13,15877.55,15886.15,15684.0,15774.4,15774.4,0,-1,-171.8679411764715,-130.00823529411792,16245.38,16312.0425,16304.998185933864,16404.82744814256,-99.8292622086974,35.49727590097679,8.145244852908029,16808.70820575579,15815.376794244208,279.6254960922468,0.006496594247853078,0.012731813157571518,0.4471926787039317,0.12564366632337795,-1698.0,-0.026379784962164643,665.0,-0.04270516625096332,1098.0,-0.0355735575085977,900.0,-0.0479886297455272,814.0,-0.026379784962164643,0.012835064090060317
2022-06-14,882.0,1220.0,0.72,15674.25,15858.0,15659.45,15732.1,15732.1,0,-1,-262.8101470588208,-165.43082352940982,16108.529999999999,16285.682499999999,16216.860003482501,16354.995785317187,-138.135781834686,34.828154181259634,6.404266572637498,16843.004427860287,15728.360572139713,273.83438922851485,0.003690766703351061,0.012667272756272184,0.36590279526567565,0.7229508196721312,-338.0,-0.0026815599959427727,244.0,-0.028990605982051276,665.0,-0.0452722097814674,1098.0,-0.04168100704480582,694.0,-0.0026815599959427727,0.013225584706660467
2022-06-15,1145.0,961.0,1.19,15729.25,15783.65,15678.9,15692.15,15692.15,1,-1,-358.98779411764735,-188.46661764705897,15975.709999999997,16258.275,16136.135387562117,16305.896097515913,-169.76070995379632,34.17298402822745,2.882581100140953,16872.805144499776,15643.744855500223,261.7569328550495,0.0023586630004609477,0.006659567366530508,0.12649164677804295,1.1914672216441207,184.0,-0.002539393977917803,882.0,-0.005214144436555435,244.0,-0.031456381389722066,665.0,-0.04060221627818117,900.0,-0.002539393977917803,0.013335284756582714
2022-06-16,292.0,1874.0,0.16,15832.25,15863.15,15335.1,15360.6,15360.6,0,1,-465.83808823529216,-202.2917352941164,15752.210000000001,16235.834999999997,16016.822251014099,16235.874164366585,-219.05191335248674,29.25448068303278,1.7480719794344495,16940.462144026485,15531.207855973511,280.7778662225459,0.02979045934721847,0.033352808350044956,0.04829088154530828,0.15581643543223053,-1582.0,-0.02112839859420146,1145.0,-0.02361413924396616,882.0,-0.026232376508773636,244.0,-0.067817284759772,1098.0,-0.02112839859420146,0.010852825693797048
2022-06-17,637.0,1500.0,0.42,15272.65,15400.4,15183.4,15293.5,15293.5,1,1,-600.6130882352954,-228.58967647059,15570.55,16187.2025,15905.541904704238,16166.068670709801,-260.52676600556333,28.36469312610093,6.83659846626722,17002.34309061854,15372.06190938146,276.22230434950694,0.0013651854786170287,0.014208405221097845,0.5073732718894026,0.4246666666666667,-863.0,-0.0043683189458745275,292.0,-0.025404421956200962,1145.0,-0.027879304097990776,882.0,-0.05606167215988345,665.0,-0.0043683189458745275,0.011434595213618856
2022-06-20,383.0,1816.0,0.21,15334.5,15382.5,15191.1,15350.15,15350.15,1,1,-649.7401470588247,-182.14229411764865,15485.7,16143.975,15820.0969962882,16105.630250657223,-285.53325436902196,30.292379038478217,10.354248812443734,17036.701089289963,15251.248910710035,270.16356832454215,0.0010205745215037748,0.012481659004206178,0.8309822361546477,0.21090308370044053,-1433.0,0.0037041880537482808,637.0,-0.0006803119669804847,292.0,-0.021794336658775282,1145.0,-0.026894842276092956,244.0,0.0037041880537482808,0.009312707377047046
2022-06-21,1792.0,387.0,4.63,15455.95,15707.25,15419.85,15638.8,15638.8,0,1,-650.1030882352952,-105.04664705882419,15467.039999999999,16119.657499999998,15792.2051507054,16071.05023209002,-278.84508138461933,39.261133991702415,28.27781054984631,17039.203033007452,15200.111966992543,276.37331344421773,0.011830395414063746,0.018594780650817298,0.7618302018093221,4.630490956072351,1405.0,0.018804376504464093,383.0,0.02257821950501837,637.0,0.01811127169511595,292.0,-0.005930549640543958,882.0,0.018804376504464093,0.014432210408701105
2022-06-22,629.0,1515.0,0.42,15545.65,15565.4,15385.95,15413.3,15413.3,1,1,-662.3083823529432,-56.58782352941307,15411.269999999999,16089.032499999998,15733.912050596877,16022.327992675944,-288.41594207906746,35.4263733586823,14.275513055357186,17058.48531590904,15119.579684090955,274.69307676963064,0.008513635647271126,0.011543422114868076,0.15241014210085657,0.4151815181518152,-886.0,-0.014419264905235707,1792.0,0.004113966313032735,383.0,0.007833393271651223,637.0,-0.017770031512571616,1145.0,-0.014419264905235707,0.015653502669815272
2022-06-23,1437.0,667.0,2.15,15451.55,15628.45,15367.5,15556.65,15556.65,1,1,-655.6391176470588,-11.958352941175349,15450.48,16058.357500000002,15706.640965889665,15987.833326551801,-281.1923606621367,39.47358754300307,26.146194529088277,17054.070890124884,15062.644109875122,273.7114284289428,0.006801906604839021,0.016888273344745398,0.7248515041195597,2.154422788605697,770.0,0.009300409386698627,629.0,-0.005252960585211075,1792.0,0.013452637270645607,383.0,0.012763173313542486,292.0,0.009300409386698627,0.012717205770575432
2022-06-24,1678.0,452.0,3.73,15657.4,15749.25,15619.45,15699.25,15699.25,1,0,-559.8388235294115,75.68708823529528,15531.63,16025.6975,15705.503894214331,15966.45678384426,-260.9528896299289,43.28187224581918,38.7594860620633,17023.531159721897,15027.863840278103,267.9177549697326,0.0026728575625583023,0.008290009835604843,0.6147919876733414,3.7123893805309733,1226.0,0.00916649792853863,1437.0,0.018552159498614884,629.0,0.003865386091004508,1792.0,0.026530879131657192,637.0,0.00916649792853863,0.012295493672408083
2022-06-27,1591.0,550.0,2.89,15926.2,15927.45,15815.5,15832.05,15832.05,0,0,-430.27294117647034,161.3595294117655,15628.009999999998,15984.23,15724.972525873665,15956.500725781721,-231.5281999080562,46.648494480465715,48.73769629573971,16941.03203563695,15027.427964363053,265.0807724718946,0.005911642450804426,0.007029297635343065,0.14783385439927793,2.8927272727272726,1041.0,0.00845900281860601,1678.0,0.01770304017895885,1437.0,0.02716809508671081,629.0,0.03139383002771967,383.0,0.00845900281860601,0.012323968389428256
2022-06-28,1131.0,986.0,1.15,15757.45,15892.1,15710.15,15850.2,15850.2,0,0,-372.3299999999999,163.7478529411768,15670.289999999999,15947.5125,15744.238291123871,15948.626597946039,-204.38830682216758,47.11056120835588,50.92408736826037,16864.896511128394,15030.128488871607,259.1428601524736,0.005886104667950715,0.011546919076373443,0.7697169552074775,1.1470588235294117,145.0,0.0011464087089165798,1591.0,0.009615109002022448,1678.0,0.01886974380731088,1437.0,0.013517661201626785,1792.0,0.0011464087089165798,0.010173805884357318
2022-06-29,848.0,1257.0,0.67,15701.7,15861.6,15687.8,15799.1,15799.1,0,1,-309.1676470588245,156.28205882352847,15747.45,15911.329999999998,15752.67855402789,15937.550553653738,-184.87199962584782,45.90511441394508,53.947253132392895,16791.43360094652,15031.226399053478,253.04694157015413,0.00620314997739096,0.011068865154728538,0.6403912543153072,0.6746221161495625,-409.0,-0.00322393408285071,1131.0,-0.0020812213200437357,1591.0,0.006360176441549736,1678.0,0.0250303309479476,629.0,-0.00322393408285071,0.005707376511638919
2022-06-30,755.0,1357.0,0.56,15774.5,15890.0,15728.85,15780.25,15780.25,0,1,-243.85411764705714,139.23858823529554,15792.170000000002,15868.9425,15756.920314946678,15925.898660790499,-168.97834584382144,45.443187051786246,80.21638330757335,16686.321704087088,15051.563295912909,246.4828743151431,0.00036451234587467113,0.010215854702209239,0.31895749301892495,0.5563743551952837,-602.0,-0.001193105936414085,848.0,-0.004413193524371972,1131.0,-0.0032718441389459896,1591.0,0.01437327445176173,1437.0,-0.001193105936414085,0.0056457608726270805
2022-07-01,1111.0,999.0,1.11,15703.7,15793.95,15511.05,15752.05,15752.05,0,1,-244.1564705882356,75.7997647058819,15802.730000000001,15827.330000000002,15756.171035724112,15913.020982213424,-156.84994648931206,44.718217880491835,76.42631543579044,16576.70831794032,15077.951682059685,249.0840975783473,0.0030788922355876984,0.01801486273935451,0.8518911276069239,1.112112112112112,112.0,-0.0017870439314966458,755.0,-0.002978017735187466,848.0,-0.0061923508851624565,1131.0,0.0033632179881204483,1678.0,-0.0017870439314966458,0.004625093364337381
2022-07-04,1345.0,803.0,1.67,15710.5,15852.35,15661.8,15835.35,15835.35,1,1,-257.17029411765,28.165411764703435,15803.39,15790.62,15768.352414843479,15907.26757612354,-138.9151612800615,47.388235930546884,87.62179961024121,16458.46139239723,15122.778607602771,244.90309060846542,0.007946914483943883,0.01212883103656797,0.9107845709787462,1.6749688667496887,542.0,0.00528820058341628,1111.0,0.003491706405158279,755.0,0.0022944344931039584,848.0,0.0002084379470757014,1591.0,0.00528820058341628,0.0033271409915600356
2022-07-05,1063.0,1037.0,1.03,15909.15,16025.75,15785.45,15810.85,15810.85,1,1,-224.51352941176629,31.258882352940418,15795.52,15760.344999999998,15774.890504867559,15900.125533447723,-125.235028580164,46.674208509075704,74.4880394135455,16363.768621429486,15156.921378570509,244.57429842214643,0.006178834192901524,0.015104515326085886,0.10570120682480114,1.0250723240115718,26.0,-0.0015471713602793757,1345.0,0.0037328474706468384,1111.0,0.0019391327767304123,755.0,-0.00248261851585474,1131.0,-0.0015471713602793757,0.0033225086782968653
2022-07-06,1219.0,902.0,1.35,15818.2,16011.35,15800.9,15989.8,15989.8,1,0,-198.99764705882626,34.74076470588079,15833.66,15742.022500000001,15807.953504118705,15906.768086525668,-98.81458240696338,52.32472163282887,95.73217783581639,16291.828444378638,15192.216555621364,242.13684853485032,0.010848263392800605,0.013304295052534467,0.8976003801377951,1.3514412416851442,317.0,0.011318177074603808,1063.0,0.00975349455490404,1345.0,0.015093273573915766,1111.0,0.012070307802343194,848.0,0.011318177074603808,0.005785677226181135
2022-07-07,1486.0,631.0,2.35,16113.75,16150.5,16045.95,16132.9,16132.9,1,-1,-139.90750000000116,73.04158823529468,15904.189999999999,15724.7625,15857.945272715828,15923.518598634877,-65.57332591904924,56.31140101425132,98.16552011673959,16197.298184233574,15252.226815766428,236.31993078236107,0.0011884260336668768,0.006488247614614803,0.8316594930655142,2.3549920760697307,855.0,0.008949455277739604,1219.0,0.020368923871898037,1063.0,0.01879023829596438,1345.0,0.022347554696535266,755.0,0.008949455277739604,0.005978840911056278
2022-07-08,1156.0,948.0,1.22,16273.65,16275.5,16157.9,16220.6,16220.6,0,-1,-24.61088235293937,144.42908823529723,15997.9,15725.702500000003,15913.738307682625,15945.524628365627,-31.786320683002486,58.596473837633916,93.95374449339211,16202.089368494602,15249.315631505404,229.62565001219244,0.0032598710184868957,0.00722640587698521,0.533163265306127,1.219409282700422,208.0,0.005436096424077608,1486.0,0.014434201803649849,1219.0,0.02591574773019789,1063.0,0.029745334734209372,1111.0,0.005436096424077608,0.00486582665870422
2022-07-11,1351.0,778.0,1.74,16136.15,16248.55,16115.5,16216.0,16216.0,0,0,60.04602941176745,165.64273529412057,16074.029999999999,15747.782500000001,15960.240106500682,15965.559841079285,-5.319734578602947,58.42386416577635,93.44713656387665,16269.892049112143,15225.67295088786,222.72738929703578,0.004948516219792229,0.008245461277938002,0.7553551296505114,1.736503856041131,573.0,-0.0002835900028359539,1156.0,0.005150964798641411,1486.0,0.014146518405483643,1219.0,0.02403799095062631,1345.0,-0.0002835900028359539,0.0056177280611615105
2022-07-12,865.0,1243.0,0.7,16126.2,16158.75,16031.15,16058.3,16058.3,1,1,98.51014705882153,139.5021176470571,16123.519999999999,15764.092500000002,15975.326243962116,15972.429482480818,2.8967614812972897,52.69317851777484,76.07929515418495,16303.322833228836,15224.862166771169,220.02186149010467,0.0042105393707135876,0.007912589450707566,0.21277429467084294,0.6958970233306516,-378.0,-0.009724962999506759,1351.0,-0.010005795100058057,1156.0,-0.004624091142943931,1486.0,0.015650644968486782,1063.0,-0.009724962999506759,0.008413272943805233
2022-07-13,973.0,1141.0,0.85,16128.2,16140.0,15950.15,15966.65,15966.65,1,1,126.56485294117738,102.44432352941222,16118.89,15777.8175,15973.991437198712,15972.001372667424,1.9900645312882261,49.645417334361625,59.59840408136568,16322.965748895724,15232.669251104275,217.86672852652578,0.01001661685742991,0.011771307399461835,0.0869107189886751,0.852760736196319,-168.0,-0.005707328920246835,865.0,-0.01537678835717815,1351.0,-0.015656017656560217,1156.0,-0.0014477979712066436,1219.0,-0.005707328920246835,0.00768958500889746
2022-07-14,744.0,1360.0,0.55,16018.85,16070.85,15858.2,15938.65,15938.65,1,1,109.58220588235235,35.56373529411648,16080.039999999999,15806.720000000001,15968.554293014295,15969.530900617985,-0.9766076036903542,48.71831213644079,55.93564000261625,16320.728293122851,15292.711706877151,217.49410506034533,0.005006601597492999,0.013274985407816393,0.3783211850458455,0.5470588235294118,-616.0,-0.0017536552752143164,973.0,-0.007450975507992674,865.0,-0.01710347804637402,1351.0,-0.012040612661083916,1486.0,-0.0017536552752143164,0.005720459855216457
2022-07-15,1119.0,986.0,1.13,16010.8,16066.95,15927.3,16049.2,16049.2,1,1,83.42308823529311,-12.20217647058925,16045.76,15844.505000000001,15980.96132485825,15975.432315387025,5.529009471225436,52.49068021745126,70.397017463536,16310.953343226829,15378.056656773173,211.93381184174933,0.0023983810927624763,0.008722237489694548,0.8728965270318667,1.1348884381338742,133.0,0.006935970110392153,744.0,0.005170151534604983,973.0,-0.0005666851410173201,865.0,-0.010566810105668067,1156.0,0.006935970110392153,0.00624941423484856
2022-07-18,1578.0,565.0,2.79,16151.4,16287.95,16142.2,16278.5,16278.5,0,1,101.54044117647027,-2.3837058823526576,16058.26,15890.9225,16026.736505649289,15997.881773506506,28.854732142783178,59.19553571252337,98.78362723645247,16335.61191799197,15446.233082008031,213.84925385305294,0.007869286872964596,0.009023985536857486,0.9351629502572849,2.792920353982301,1013.0,0.014287316501756964,1119.0,0.021322383012363,744.0,0.01953133562769893,973.0,0.0038542180562406436,1351.0,0.014287316501756964,0.009736514877635572
2022-07-19,1302.0,834.0,1.56,16187.05,16359.5,16187.05,16340.55,16340.55,1,1,145.16867647059007,31.91282352941343,16114.710000000001,15926.01,16075.015504780167,16023.264605098617,51.750899681550436,60.80743075158631,97.76651541045428,16395.63109684194,15456.388903158062,210.89216429212064,0.009482889099619758,0.010653578014524002,0.890113076253983,1.5611510791366907,468.0,0.0038117762693121726,1578.0,0.018153552825062924,1119.0,0.025215435435246958,744.0,0.01757658033540288,865.0,0.0038117762693121726,0.00775635214544749
2022-07-20,1228.0,899.0,1.37,16562.8,16588.0,16490.95,16520.85,16520.85,1,1,244.20308823529376,107.41958823529384,16225.55,15981.3875,16143.60542712168,16060.12278249872,83.48264462295992,65.11918788300724,93.7647987371743,16457.27605930145,15505.498940698553,213.50343827125494,0.002532784311831377,0.005859516506870775,0.30808861411641464,1.3659621802002224,329.0,0.011033900327712232,1302.0,0.014887735356451604,1578.0,0.02938775764524082,1119.0,0.0347098483401338,973.0,0.011033900327712232,0.006246577544275946
2022-07-21,1300.0,824.0,1.58,16523.55,16626.95,16483.9,16605.25,16605.25,1,1,366.0727941176465,177.99117647058773,16358.87,16033.8175,16214.62766910296,16100.502576387704,114.12509271525596,66.95203676153102,97.75164482204832,16541.000697941327,15526.634302058672,208.47104982330808,0.004944458061373054,0.008657340583591255,0.8483047885354712,1.5776699029126213,476.0,0.005108695981139055,1228.0,0.016198965151111855,1302.0,0.020072488251374532,1578.0,0.04182286454624462,744.0,0.005108695981139055,0.004344264618776445
2022-07-22,1130.0,988.0,1.14,16661.25,16752.25,16610.9,16719.45,16719.45,0,1,498.43852941176374,227.35382352941087,16492.920000000002,16084.8275,16292.29264308712,16146.350533692319,145.94210939480035,69.3024897232138,96.60736450144815,16649.14834710205,15520.506652897948,204.08026055021466,0.0034931352689624566,0.008483757221096769,0.7679518924655139,1.1437246963562753,142.0,0.006877343008988124,1300.0,0.012021173244718186,1228.0,0.02318771399983488,1302.0,0.04176220621588622,1119.0,0.006877343008988124,0.004348725936863706
2022-07-25,882.0,1290.0,0.68,16662.55,16706.05,16564.25,16631.0,16631.0,1,1,576.0425000000032,210.05738235294376,16563.420000000002,16124.775,16344.401467227563,16182.250494159554,162.15097306800817,65.42148914366354,87.25495348714983,16723.904697560523,15525.645302439476,200.58881336805652,0.0018934676865185265,0.00851010199519277,0.4707334273624848,0.6837209302325581,-408.0,-0.005290245791578108,1130.0,0.0015507143824995406,1300.0,0.0066673324919723775,1228.0,0.02165432933009792,1578.0,-0.005290245791578108,0.006017743194187391
2022-07-26,582.0,1543.0,0.38,16632.9,16636.1,16463.3,16483.85,16483.85,0,1,627.0370588235292,164.67826470588187,16592.079999999998,16156.457499999999,16365.855087654092,16204.591198295884,161.26388935820796,59.45610471933794,69.97930764498611,16761.147467069037,15551.76753293096,198.603898127481,0.008961155300639269,0.010389048211676813,0.1189236111111074,0.3771872974724563,-961.0,-0.008847934580001326,882.0,-0.014091372622903386,1130.0,-0.007310940816910416,1300.0,0.008769594658686541,1302.0,-0.008847934580001326,0.008450430409219898
2022-07-27,1177.0,943.0,1.25,16475.35,16653.45,16438.75,16641.8,16641.8,1,1,623.1333823529403,84.9885294117637,16616.269999999997,16198.592500000002,16408.308151091926,16236.977035459153,171.3311156327727,63.322141877480256,87.64610480398179,16815.130507971888,15582.054492028117,199.75361968980383,0.010102972015769058,0.013031589617216068,0.9457382394038127,1.2481442205726405,234.0,0.009582106122052902,582.0,0.0006493896939450128,882.0,-0.0046442915287285835,1130.0,0.007321051882923646,1228.0,0.009582106122052902,0.008069156568118645
2022-07-28,1258.0,879.0,1.43,16774.85,16947.65,16746.25,16929.6,16929.6,1,1,663.8413235294138,66.14276470588379,16681.140000000003,16256.060000000001,16488.506897077783,16288.282440239956,200.22445683782644,69.10322871717345,98.34320069759944,16918.465740161515,15593.654259838486,207.33193256910369,0.009225119747717565,0.012006068608661269,0.9103773584905522,1.4311717861205915,379.0,0.017293802353110843,1177.0,0.027041619524564853,582.0,0.017954422464073083,882.0,0.019532979027717,1300.0,0.017293802353110843,0.010811020399840434
2022-07-29,1424.0,714.0,1.99,17079.5,17172.8,17018.15,17158.25,17158.25,1,1,708.0801470588231,68.45326470588111,16768.9,16326.369999999999,16591.544297527355,16352.724481703664,238.81981582369008,72.77472357519392,98.89319945230494,17055.06165179718,15597.678348202819,209.89393738559633,0.004610790714013877,0.009054714716472836,0.9059165858389946,1.9943977591036415,710.0,0.013505930441357172,1258.0,0.031033301686115733,1177.0,0.04091277219824252,582.0,0.026244882457257868,1130.0,0.013505930441357172,0.011638612876457005
2022-08-01,1550.0,630.0,2.46,17243.2,17356.25,17154.8,17340.05,17340.05,0,1,788.1316176470573,106.08691176470461,16910.71,16401.605,16706.699020984684,16425.85970528117,280.8393157035134,75.28907609085942,98.91859417242411,17217.472392962165,15585.737607037832,209.29079900091094,0.005616706875753836,0.01168286628931989,0.9195830230826475,2.4603174603174605,920.0,0.010595486136406596,1424.0,0.024244518476514543,1258.0,0.041957600740304635,1177.0,0.04263423726775284,882.0,0.010595486136406596,0.010110337273358357
2022-08-02,1224.0,913.0,1.34,17310.15,17390.15,17215.85,17345.45,17345.45,1,1,892.5644117647025,157.4142352941151,17083.03,16478.335,16804.968402371658,16493.977504889972,310.99089748168626,75.36186183374888,97.08215020072453,17344.625952335795,15612.044047664203,206.7914562151318,0.0020392659797863837,0.01006923683503626,0.7435456110154907,1.3406352683461118,311.0,0.00031141778714594004,1550.0,0.010910203546399044,1424.0,0.024563486437954918,1258.0,0.05226934241697201,582.0,0.00031141778714594004,0.006315789612776547
2022-08-03,769.0,1359.0,0.57,17349.25,17407.5,17225.85,17388.15,17388.15,1,1,996.1632352941178,186.40708823529496,17232.3,16548.2525,16894.688648160634,16560.212504527753,334.47614363288085,75.9647337744624,98.69274422375365,17469.515526759373,15626.989473240625,204.99563791405106,0.0022421718518092397,0.010470193236018933,0.8934764657308099,0.5658572479764533,-590.0,0.0024617406870390823,1224.0,0.002773925104022412,1550.0,0.013398802325412129,1424.0,0.04484791308632485,1177.0,0.0024617406870390823,0.007241169089160346
2022-08-04,1006.0,1129.0,0.89,17463.1,17490.7,17161.25,17382.0,17382.0,1,1,1032.142499999998,148.72611764705835,17322.78,16610.7075,16969.65962536669,16621.085652340513,348.57397302617755,75.67751292664691,91.93919169447528,17579.028983430904,15642.386016569099,213.8852352059046,0.004644078084646973,0.018865493526349888,0.6700561541963864,0.8910540301151462,-123.0,-0.00035368915036970705,769.0,0.0021071808456971652,1224.0,0.002419254846439456,1550.0,0.026722426991777848,1258.0,-0.00035368915036970705,0.0063301905582713956
2022-08-05,1191.0,929.0,1.28,17423.65,17474.4,17348.75,17397.5,17397.5,1,1,1032.8691176470566,84.49494117647009,17370.629999999997,16669.552499999998,17035.481221464124,16678.597826241214,356.8833952229106,75.92458236893881,92.8508418670655,17678.09961068636,15661.005389313637,207.58271840548292,0.001500833637039395,0.007211462581032186,0.3879824910465534,1.2820236813778256,262.0,0.0008917270739845495,1006.0,0.0005377225294236343,769.0,0.0030007869498918094,1224.0,0.013943729692713402,1424.0,0.0008917270739845495,0.004490617554504239
2022-08-08,1198.0,985.0,1.22,17401.5,17548.8,17359.75,17525.1,17525.1,1,1,1017.009558823529,22.85979411764822,17407.640000000003,16735.0075,17110.807187392722,16741.301690964086,369.5054964286355,77.91360425905614,97.86496103779102,17786.330560373826,15683.684439626175,206.25895280509124,0.007102835962416949,0.010864005976496238,0.874636339592696,1.216243654822335,213.0,0.007334387124586783,1191.0,0.008232654470141432,1006.0,0.007876053519206838,769.0,0.010671826205806756,1550.0,0.007334387124586783,0.0030905083006208347
2022-08-10,958.0,1202.0,0.8,17566.1,17566.1,17442.8,17534.75,17534.75,1,1,997.6297058823584,-17.533117647053587,17445.5,16808.829999999998,17176.029158563073,16800.07563978156,375.9535187815127,78.0612223154417,97.2191422362178,17867.04176349479,15750.618236505205,200.33331331901326,0.0017846875515907655,0.0070192017579314295,0.7457420924574312,0.7970049916805324,-244.0,0.000550638798066938,1198.0,0.007889064520764544,1191.0,0.00878782648717058,1006.0,0.010913524872516955,1224.0,0.000550638798066938,0.0030570035996613553
2022-08-11,1129.0,1002.0,1.13,17711.65,17719.3,17631.95,17659.0,17659.0,0,1,1005.3711764705877,-11.633235294118322,17499.670000000002,16893.447500000002,17250.332364937985,16863.699666464407,386.6326984735788,79.92197789072556,95.29108586154392,17939.332783610847,15847.562216389158,199.20593379622656,0.0029726197164014335,0.004931782188559425,0.3096737263880907,1.1267465069860279,127.0,0.007085929368824795,958.0,0.0076404699545225,1198.0,0.015030895243569375,1191.0,0.015576700224003037,769.0,0.007085929368824795,0.003778932775256152
2022-08-12,1119.0,1024.0,1.09,17659.65,17724.65,17597.85,17698.15,17698.15,1,-1,1014.28205882353,0.8497352941176359,17562.9,16981.4225,17319.227385716757,16925.510802281857,393.7165834348998,80.48366595707267,97.93918656194106,17986.459411498134,15976.385588501866,194.0340813822106,0.002180111157355893,0.007180210253317755,0.7910094637224023,1.0927734375,95.0,0.0022169998301151406,1129.0,0.009318638703146753,958.0,0.00987440870522871,1198.0,0.018188355770337283,1006.0,0.0022169998301151406,0.0033407378063012826
2022-08-16,1290.0,910.0,1.42,17797.2,17839.1,17764.05,17825.25,17825.25,1,-1,1035.5144117647033,21.5530294117616,17648.45,17070.225,17397.07701868341,16992.15815026098,404.9188684224282,82.22244634996368,99.01096154532806,18043.44484643691,16097.005153563088,190.24236128348107,0.0015760906209965203,0.004216955476142274,0.8154563624250676,1.4175824175824177,380.0,0.007181541573554107,1119.0,0.009414462880117824,1129.0,0.016567102467956563,958.0,0.024586865929012713,1191.0,0.007181541573554107,0.003241218381398798
2022-08-17,1340.0,831.0,1.61,17868.15,17965.95,17833.35,17944.25,17944.25,0,-1,1062.8680882352928,39.73499999999842,17732.28,17153.5125,17481.2574773475,17062.683472463872,418.5740048836269,83.68780827472452,98.57909900471446,18126.563312585684,16180.46168741432,186.7036211918039,0.004258974767952952,0.00742102567977111,0.836349924585216,1.6125150421179302,509.0,0.006675923198833145,1290.0,0.013905408192381508,1119.0,0.016153236310096908,1129.0,0.023917124581314786,1198.0,0.006675923198833145,0.0031276413350874773
2022-08-18,1151.0,987.0,1.17,17898.65,17968.45,17852.05,17956.5,17956.5,1,-1,1081.2177941176487,41.36708823529625,17816.629999999997,17234.31,17554.37171160173,17128.892104133214,425.4796074685146,83.83551780355725,99.02225495008994,18192.167567490404,16276.452432509599,181.681933963818,0.003232087336195665,0.006503283767211574,0.8973367697594452,1.166160081053698,164.0,0.0006826699360520383,1340.0,0.007363150586948253,1290.0,0.014597570932554982,1119.0,0.024052239125165853,958.0,0.0006826699360520383,0.0030836533584137757
2022-08-19,742.0,1420.0,0.52,17966.55,17992.2,17710.75,17758.45,17758.45,0,-1,1056.327500000003,6.285529411767584,17836.519999999997,17296.19,17585.76837135531,17175.52602234557,410.242349009739,72.41812567299671,76.00225861095424,18221.021928297574,16371.358071702425,188.8082243949739,0.01158263550876482,0.015665222315914894,0.1694794812577744,0.5225352112676056,-678.0,-0.011029432239022086,1151.0,-0.010354291764771428,1340.0,-0.003747493022538184,1290.0,0.005631689223625447,1129.0,-0.011029432239022086,0.00735884972679991
2022-08-22,646.0,1546.0,0.42,17682.9,17690.05,17467.35,17490.7,17490.7,0,-1,983.164558823526,-60.65391176470871,17795.03,17340.4625,17571.142468069876,17198.872242912563,372.2702251573137,60.43507841239161,40.112252209219115,18211.99052013108,16468.934479868924,196.11477979533308,0.01086925787059819,0.012594088073788841,0.10484957341716258,0.4178525226390686,-900.0,-0.015077329384039717,742.0,-0.0259404672402751,1151.0,-0.02527550608133522,1340.0,-0.011721564118283623,1119.0,-0.015077329384039717,0.010232612000420383
2022-08-23,1373.0,735.0,1.87,17357.35,17625.55,17345.2,17577.5,17577.5,0,1,869.0922058823526,-141.4418235294121,17745.48,17383.364999999998,17572.12054990528,17226.91874343756,345.2018064677213,62.59587751811507,50.09326674288461,18211.800056053627,16554.92994394637,202.13158123852347,0.01268338772911772,0.01615165909542635,0.8286070982700213,1.8680272108843536,638.0,0.004962637287243998,646.0,-0.010189515413788985,742.0,-0.02110656308300618,1151.0,-0.013898823298410967,1290.0,0.004962637287243998,0.009754842648842214
2022-08-24,1380.0,758.0,1.82,17525.45,17623.65,17499.25,17604.95,17604.95,1,0,752.7507352941175,-195.75982352941207,17677.620000000003,17432.0625,17577.17123453524,17254.92105873848,322.2501757967584,63.27888776001169,53.39671460376682,18189.312934053072,16674.812065946928,196.5793254357719,0.0045362601245617085,0.007098248547112995,0.8496784565916358,1.8205804749340369,622.0,0.0015616555255297815,1373.0,0.006532042742714683,646.0,-0.008643772401307537,742.0,-0.018908564024687546,1340.0,0.0015616555255297815,0.008733074092772918
2022-08-25,1165.0,1001.0,1.16,17679.0,17726.5,17487.45,17522.45,17522.45,1,0,642.0707352941172,-218.6104117647061,17590.81,17483.9925,17568.75258306828,17274.738017350446,294.01456571783274,59.74766614367486,43.46831939346536,18104.035975309234,16863.949024690766,199.6129450475024,0.008855138865320395,0.013521692403416441,0.14641288433382182,1.1638361638361638,164.0,-0.0046861820113093255,1380.0,-0.003131844687811136,1373.0,0.001815250390207357,646.0,-0.024172305293347796,1151.0,-0.0046861820113093255,0.008369701204316774
2022-08-26,1246.0,914.0,1.36,17619.3,17685.85,17519.35,17558.9,17558.9,0,1,548.0494117647067,-210.9761176470572,17550.9,17529.847499999996,17567.236801057774,17295.787053102267,271.4497479555066,60.78879525659299,33.02936630602793,18014.932824941432,17044.76217505856,197.24773468696648,0.0034280590034790155,0.009449864637074118,0.23753753753755502,1.363238512035011,332.0,0.002080188558106988,1165.0,-0.0026157415954035645,1380.0,-0.0010581709571895193,1373.0,-0.011236904121699753,742.0,0.002080188558106988,0.007996485075378321
2022-08-29,729.0,1483.0,0.49,17188.65,17380.15,17166.2,17312.9,17312.9,1,1,455.87161764705525,-197.69532352941462,17515.34,17549.0125,17528.1080624335,17297.054678798395,231.053383635106,51.1694310063259,17.760290556900813,17962.76655118685,17135.25844881315,211.20861078075464,0.007228607249551302,0.012447167171360213,0.6856742229492883,0.4915711395819285,-754.0,-0.01400998923622776,1246.0,-0.011958944097429258,1165.0,-0.01658908432003492,1380.0,-0.010165402185161265,646.0,-0.01400998923622776,0.007570755916542589
2022-08-30,1621.0,554.0,2.93,17414.95,17777.65,17401.5,17759.3,17759.3,0,-1,435.31308823529616,-131.49802941176245,17551.700000000004,17579.065,17563.676052828345,17331.295072961475,232.3809798668699,62.703137500888104,71.80387409200951,17961.01382392609,17197.11617607391,229.31871001070073,0.019773240807467063,0.02159925810869405,0.9512162701050056,2.9259927797833933,1067.0,0.025784241808131325,729.0,0.011413015621707379,1246.0,0.013516945404324021,1165.0,0.010342767742853143,1373.0,0.025784241808131325,0.014720792816843513
2022-09-01,1114.0,1066.0,1.05,17485.7,17695.6,17468.45,17542.8,17542.8,1,1,395.6905882352985,-99.70849999999626,17539.27,17589.202500000003,17560.464352393214,17346.962104593957,213.50224779925702,55.8171932396768,45.593220338982874,17955.687458045377,17222.71754195463,233.71380215279345,0.003265525543729936,0.012990615188410977,0.32731675104556135,1.0450281425891181,48.0,-0.012190795808393329,1621.0,0.013279115572780942,729.0,-0.000916913929688179,1246.0,-0.003530257115186397,1380.0,-0.012190795808393329,0.01607935607489957
2022-09-02,970.0,1217.0,0.8,17598.4,17643.85,17476.45,17539.45,17539.45,1,1,341.7645588235282,-93.57329411764874,17542.670000000002,17598.9025,17557.23137510195,17361.220467216626,196.01090788532383,55.71523559561909,45.18765133171913,17948.96945141575,17248.83554858425,228.97710199902232,0.0033497363396672837,0.009512228384398457,0.37634408602151026,0.7970419063270336,-247.0,-0.00019096153407660577,1114.0,-0.01237942936940073,1621.0,0.013085618238423358,729.0,0.0009701839640003929,1165.0,-0.00019096153407660577,0.015918953465119075
2022-09-05,1413.0,809.0,1.75,17546.45,17683.15,17540.35,17665.8,17665.8,1,1,295.14676470588165,-89.61055882353031,17564.05,17612.784999999996,17573.93424047088,17383.781914089468,190.15232638141242,58.773948146533,60.484261501210476,17950.109335170928,17275.460664829065,222.88588042766364,0.006801945692718387,0.008138398365481503,0.8785014005602113,1.7466007416563658,604.0,0.007203760665243086,970.0,0.007011423489978741,1114.0,-0.005264847150507013,1621.0,0.00608808068842559,1246.0,0.007203760665243086,0.016224602785009378
2022-09-06,1027.0,1161.0,0.88,17695.7,17764.65,17587.65,17655.6,17655.6,0,1,326.3586764705906,-32.496058823528415,17632.59,17626.465,17586.498203475363,17403.91658711988,182.58161635548458,58.42313264482788,59.24939467312322,17947.016741686904,17305.913258313096,219.60831753997337,0.002266087241533377,0.010002429968862492,0.38389830508472933,0.8845822566752799,-134.0,-0.0005773868152022521,1413.0,0.006622214493612777,970.0,0.00642998837129749,1114.0,0.01979448850279253,729.0,-0.0005773868152022521,0.014013168847016767
2022-09-07,1243.0,915.0,1.36,17519.4,17650.75,17484.3,17624.4,17624.4,1,1,282.17073529411937,-46.05552941176427,17605.609999999997,17637.809999999998,17592.32924909454,17420.248691777666,172.08055731687273,57.29655398981238,55.472154963680474,17940.719956255158,17334.900043744838,216.15772342997522,0.005993355936847152,0.00950089614941155,0.8416942024632116,1.3584699453551912,328.0,-0.0017671447019640407,1027.0,-0.0023435111911148665,1413.0,0.00484336738039115,970.0,-0.007596020113405211,1621.0,-0.0017671447019640407,0.006940544400774767
2022-09-08,1350.0,843.0,1.6,17748.15,17807.65,17691.95,17798.75,17798.75,1,0,272.29852941176796,-31.249323529409594,17656.8,17651.4925,17624.08628769538,17448.28582572006,175.8004619753192,61.73682725007011,76.57990314769967,17957.50757523895,17345.47742476105,213.80717175640555,0.002851001371973898,0.006518989303110506,0.923076923076911,1.601423487544484,507.0,0.009892535348720921,1243.0,0.008107909105326438,1027.0,0.007525840890307833,1413.0,0.014590031237886825,1114.0,0.009892535348720921,0.005264163490135612
2022-09-09,981.0,1210.0,0.81,17923.35,17925.95,17786.0,17833.35,17833.35,1,-1,292.7429411764715,-1.0005882352946855,17715.579999999998,17666.4225,17656.280704973015,17476.809097888945,179.47160708406955,62.56863183049725,87.81178019085196,17977.29590586402,17355.549094135982,208.53165948809092,0.005021382721422056,0.007808250131811338,0.3383351196855898,0.8107438016528926,-229.0,0.0019439567385348688,1350.0,0.01185572274800828,1243.0,0.010067627268402157,1027.0,0.016756511749228098,970.0,0.0019439567385348688,0.005030957800646805
2022-09-12,1365.0,870.0,1.57,17890.85,17980.55,17889.15,17936.35,17936.35,1,-1,316.7916176470608,18.719117647058738,17769.690000000002,17680.29,17699.36828882332,17510.849164711984,188.51912411133526,65.00735712496194,94.57235832258847,18012.60641036592,17347.973589634083,204.15082666751306,0.0025431994567055227,0.005108756710832511,0.5164113785557792,1.5689655172413792,495.0,0.005775695536733183,981.0,0.007730879977526417,1350.0,0.0176998933297019,1243.0,0.01531490224048726,1413.0,0.005775695536733183,0.004791549689109958
2022-09-13,1126.0,1062.0,1.06,18044.45,18088.3,18015.45,18070.05,18070.05,0,-1,351.63367647058476,48.50617647058391,17852.579999999998,17698.885,17756.39624438896,17552.271448807394,204.124795581567,67.92833060314186,98.02082203665546,18072.20775057714,17325.562249422856,200.42219619126217,0.001418718775024927,0.0040372524515847556,0.7494852436513334,1.0602636534839924,64.0,0.007454136432440306,1365.0,0.013272884791696526,981.0,0.01524264344406201,1350.0,0.0234741385169579,1027.0,0.007454136432440306,0.004612929681689165
2022-09-14,907.0,1277.0,0.71,17771.15,18091.55,17771.15,18003.75,18003.75,1,-1,386.2751470588264,62.3267647058841,17928.45,17707.809999999998,17794.450668329122,17585.71430445129,208.73636387783336,65.02946644637274,90.51169827632793,18100.806392602375,17314.81360739762,208.99203932045756,0.013088629604724428,0.018029221519147483,0.7259675405742826,0.7102584181675803,-370.0,-0.0036690545958644183,1126.0,0.0037577322030402094,1365.0,0.009555131256886673,981.0,0.02152413699189748,1243.0,-0.0036690545958644183,0.005302295867529776
2022-09-15,930.0,1242.0,0.75,18046.35,18096.15,17861.5,17877.4,17877.4,0,-1,390.04705882352937,42.548970588234795,17944.18,17704.4675,17807.212103970796,17607.32065226971,199.89145170108532,59.792608157904986,76.47722995859995,18090.437517324506,17318.49748267549,210.82475079756782,0.009362003950937286,0.013002629340559253,0.06776049435329792,0.748792270531401,-312.0,-0.007017982364785014,907.0,-0.010661287600200242,1126.0,-0.0032866218600773323,1365.0,0.00441884963831729,1350.0,-0.007017982364785014,0.00615202459641724
2022-09-16,364.0,1834.0,0.2,17796.8,17820.05,17497.25,17530.85,17530.85,1,-1,317.85999999999694,-34.66150000000272,17883.68,17683.184999999998,17764.694857206057,17601.65615950899,163.0386976970658,48.302896164679986,39.21178557986962,18057.999095383948,17308.370904616047,222.9194114548845,0.014943697743414587,0.018138092241301768,0.10408921933085075,0.1984732824427481,-1470.0,-0.019384809871681674,930.0,-0.026266749982642557,907.0,-0.02983943043876469,1126.0,-0.016962600969531838,981.0,-0.019384809871681674,0.010847545895471308
2022-09-19,950.0,1277.0,0.74,17540.65,17667.2,17429.7,17622.25,17622.25,1,-1,219.94764705882335,-113.20505882352882,17820.859999999997,17676.375,17742.78026378974,17603.181629174993,139.59863461474743,50.978449800087894,31.778593536313185,18050.420120939292,17302.329879060708,223.9608820652499,0.004652051092747335,0.013539977138817546,0.8107368421052601,0.7439310884886453,-327.0,0.005213666194166411,364.0,-0.014272209605423636,930.0,-0.02119002985489138,907.0,-0.01751192410942015,1365.0,0.005213666194166411,0.010731393269932176
2022-09-20,1400.0,758.0,1.85,17770.4,17919.3,17744.4,17816.25,17816.25,0,-1,154.28455882352864,-139.39832352941232,17770.1,17692.6525,17754.08330012978,17618.964471458326,135.11882867145323,56.16425348657043,58.001350438892466,18061.255113221185,17324.049886778816,229.18153334630344,0.0025801332553008678,0.00984220951694941,0.41080617495711513,1.8469656992084433,642.0,0.011008809885230342,950.0,0.016279872339333368,364.0,-0.0034205197623816685,930.0,-0.014045340217652913,1126.0,0.011008809885230342,0.011710039368892072
2022-09-21,654.0,1518.0,0.43,17766.35,17838.7,17663.6,17718.35,17718.35,0,-1,103.66735294117098,-133.49397058823888,17713.02,17699.695,17748.585869340583,17626.326362461412,122.25950687917066,53.11089167591636,43.311576262284866,18064.59163179931,17334.79836820069,225.3185666787105,0.00270173671012898,0.009855710373824798,0.31267846944602695,0.4308300395256917,-864.0,-0.00549498351224309,1400.0,0.005453333144178396,950.0,0.010695431197004224,364.0,-0.01585225300284676,907.0,-0.00549498351224309,0.011773391401400577
2022-09-22,1070.0,1110.0,0.96,17609.65,17722.75,17532.45,17629.8,17629.8,0,-1,23.8752941176499,-140.05167647058406,17663.5,17700.9375,17730.311120211263,17626.583668945754,103.72745126550944,50.4398385644218,30.024758046364816,18064.702693323223,17337.172306676777,222.817240487374,0.0011442589716432648,0.010806574804155634,0.5115606936416128,0.963963963963964,-40.0,-0.004997643685783371,654.0,-0.010465165228373041,1400.0,0.000428435642440661,950.0,-0.013849888686274459,930.0,-0.004997643685783371,0.011640734065288549
2022-09-23,392.0,1795.0,0.22,17593.85,17642.15,17291.65,17327.35,17327.35,0,-1,-18.893088235290634,-115.46944117646709,17622.8,17691.1825,17668.31710171722,17604.41821198681,63.89888973041161,42.56561792212637,4.437538844002124,18082.955957847116,17299.40904215288,231.93743759541871,0.015147338416548965,0.01992173401501093,0.10185449358059084,0.21838440111420612,-1403.0,-0.017155611521401326,1070.0,-0.022067517573588935,654.0,-0.027441240440609027,1400.0,-0.011608107992481798,364.0,-0.017155611521401326,0.010859936610947448
2022-09-26,240.0,2021.0,0.12,17156.3,17196.4,16978.3,17016.3,17016.3,1,-1,-104.0947058823549,-135.8625882352957,17501.61,17664.0525,17568.00677837611,17560.853899987786,7.152878388325917,36.290915719922346,3.399382743659697,18152.04413975779,17176.060860242214,240.3026206243173,0.008160267656779142,0.012712531256739634,0.17423200366804042,0.11875309252845126,-1781.0,-0.01795138898908366,392.0,-0.034799033454718686,1070.0,-0.03962276397068576,654.0,-0.0343855069585326,950.0,-0.01795138898908366,0.011764646393676359
2022-09-27,1160.0,990.0,1.17,17110.9,17176.45,16942.35,17007.4,17007.4,0,1,-248.22661764705845,-199.49226470588184,17339.84,17648.7775,17481.759581702863,17519.857314803507,-38.09773310064338,36.12681580881637,5.637892182354199,18195.384693031247,17102.170306968754,239.8595762940091,0.006048775926456235,0.013681337626892926,0.2778727039726711,1.1717171717171717,170.0,-0.0005230279202880217,240.0,-0.018465027831722547,392.0,-0.03530386050891088,1070.0,-0.04539956500385878,1400.0,-0.0005230279202880217,0.007850992696394244
2022-09-28,747.0,1427.0,0.52,16870.55,17037.6,16820.4,16858.6,16858.6,1,1,-397.2073529411755,-248.29805882352957,17167.89,17603.7425,17385.8888768255,17470.87529148473,-84.98641465922992,33.406965193678616,2.9943170683909144,18246.470957650283,16961.014042349718,238.24103513015106,0.0007083349386949879,0.012874506166070289,0.17587476979741068,0.5234758234057463,-680.0,-0.00874913273045863,1160.0,-0.009267584610050394,240.0,-0.027052607582809807,392.0,-0.04852314126315371,654.0,-0.00874913273045863,0.0075952440066337995
2022-09-29,1193.0,968.0,1.23,16993.6,17026.05,16788.6,16818.1,16818.1,0,1,-523.6998529411721,-265.2755294117618,17005.549999999996,17567.5075,17298.536741929267,17422.521566189564,-123.98482426029659,32.68567569483187,2.256127872739087,18295.89750492423,16839.11749507577,238.18453262085458,0.010327417380660956,0.013972907447509694,0.12423668140661154,1.2324380165289257,225.0,-0.0024023347134399797,747.0,-0.011130449098627815,1160.0,-0.011647655483271957,240.0,-0.046041361785159274,1070.0,-0.0024023347134399797,0.008084828320258761
2022-09-30,1553.0,614.0,2.53,16798.05,17187.1,16747.7,17094.35,17094.35,1,1,-602.7697058823542,-227.57005882353116,16958.95,17545.2525,17267.123397017072,17398.212561286633,-131.08916426956057,41.90031444020024,25.70729355927158,18302.34497683062,16788.160023169377,252.5570660050791,0.017638952140278146,0.026157798077752942,0.7889167045971769,2.529315960912052,939.0,0.016425755584756896,1193.0,0.013983960708481069,747.0,0.005112480449686485,1160.0,-0.013446949475828696,392.0,0.016425755584756896,0.012647146190766552
2022-10-03,746.0,1461.0,0.51,17102.1,17114.65,16855.55,16887.35,16887.35,1,1,-603.3329411764716,-128.28564705882525,16933.159999999996,17506.33,17208.696720552907,17360.370890080216,-151.67416952730855,37.732234067043024,10.356335051355092,18313.045547388632,16699.61445261137,253.02441843328788,0.012556937452125763,0.015150186234439174,0.1227325357004979,0.5106091718001369,-715.0,-0.012109264172080247,1553.0,0.004117587599074879,1193.0,0.0017053610620099136,747.0,-0.007578028125973413,240.0,-0.012109264172080247,0.011047666888367148
2022-10-04,1772.0,426.0,4.16,17147.45,17287.3,17117.3,17274.3,17274.3,1,-1,-557.1272058823524,-20.299794117647252,16986.54,17487.265,17218.789532775536,17353.995268592793,-135.20573581725694,48.12131143971007,39.05224517038068,18296.985541358892,16677.544458641107,263.5191028309102,0.007397601392626807,0.009914010538010025,0.9235294117647059,4.15962441314554,1346.0,0.022913601009039386,746.0,0.010526869989206933,1553.0,0.027125537367479025,1193.0,0.015693168855909656,1160.0,0.022913601009039386,0.015589154370073879
2022-10-06,1561.0,649.0,2.41,17379.25,17428.8,17315.65,17331.8,17331.8,0,-1,-452.9697058823476,95.010176470592,17081.18,17472.635000000002,17236.175758502377,17352.351174622956,-116.17541612057903,49.47045075307686,49.85489928303169,18282.48923324111,16662.780766758893,255.73202405727375,0.002730267416603175,0.006510637685745807,0.14273088820148588,2.4052388289676427,912.0,0.0033286442865991805,1772.0,0.026318516522722657,746.0,0.0138905544814516,1553.0,0.02806876015802029,747.0,0.0033286442865991805,0.014140078913531185
2022-10-07,1179.0,984.0,1.2,17287.2,17337.35,17216.95,17314.65,17314.65,0,-1,-360.3841176470596,154.93261764705744,17180.489999999998,17448.43,17248.248718732782,17349.558495021254,-101.30977628847177,49.060641280882386,48.39108910891101,18246.70439167153,16650.15560832847,246.06545091032544,0.0015878800499792174,0.006964690638159899,0.8114617940199543,1.1981707317073171,195.0,-0.0009895106105538565,1561.0,0.0023358399472048763,1772.0,0.02530296346081551,746.0,0.02952473822845647,1193.0,-0.0009895106105538565,0.013952275926814355
2022-10-10,716.0,1497.0,0.48,17094.35,17280.15,17064.7,17241.0,17241.0,1,0,-299.40705882352995,155.2371470588223,17209.82,17418.8125,17247.13353123543,17341.51712501968,-94.38359378424866,47.25040618205121,42.10481392966882,18201.567876138393,16636.057123861607,246.3429187024451,0.008578857926741963,0.0126035795452884,0.8182873056393534,0.47828991315965264,-781.0,-0.00425362337673596,1179.0,-0.005238924981825321,1561.0,-0.0019277192129347753,1772.0,0.008578857926742067,1553.0,-0.00425362337673596,0.013095932855620267
2022-10-11,505.0,1697.0,0.3,17256.05,17261.8,16950.3,16983.55,16983.55,1,1,-261.3155882352912,124.92514705882496,17229.06,17371.1725,17206.582218737673,17315.00104168489,-108.41882294721654,41.487706165722884,21.61778185151224,18137.95107069272,16604.39392930728,250.99699593798474,0.01579156295907812,0.01805163985964343,0.10674157303370786,0.2975839717147908,-1192.0,-0.014932428513427354,716.0,-0.01912253496316718,1179.0,-0.020093123622474285,1561.0,0.005696571694197239,746.0,-0.014932428513427354,0.013881659846263475
2022-10-12,1020.0,1155.0,0.88,17025.55,17142.35,16960.05,17123.6,17123.6,0,1,-278.7657352941169,51.80270588235214,17198.920000000002,17323.85,17193.81572354726,17300.823186745267,-107.00746319800601,45.38956038483977,38.55186913491596,18026.3912279707,16621.308772029297,246.09006765670006,0.0057589916331630565,0.010707436764157356,0.8971475589687324,0.8831168831168831,-135.0,0.008246214719537459,505.0,-0.006809349805695808,716.0,-0.011034008772917936,1179.0,-0.008723942504182514,1772.0,0.008246214719537459,0.008751219547229138
2022-10-13,715.0,1492.0,0.48,17087.35,17112.35,16956.95,17014.35,17014.35,1,1,-330.7866176470525,-24.65479411764244,17135.43,17274.38,17166.205612232297,17279.602950690063,-113.39733845776573,42.981704104533655,29.811616076918508,17915.067366348518,16633.692633651484,240.41577710979274,0.004272166251642297,0.009094447061715118,0.3693693693693605,0.4792225201072386,-777.0,-0.006380083627274602,1020.0,0.0018135195527435588,505.0,-0.013145989211762799,716.0,-0.01831604334229575,1561.0,-0.006380083627274602,0.008421821848324873
2022-10-14,1045.0,1096.0,0.95,17322.3,17348.55,17169.75,17185.7,17185.7,0,1,-324.1564705882338,-25.270176470588922,17109.64,17239.795,17169.204748811942,17272.647176564875,-103.44242775293242,47.67057122556988,64.30773748348274,17818.19107268601,16661.398927313985,247.11465017337903,0.007885788838664528,0.01032195493670005,0.08920581655481427,0.9534671532846716,-51.0,0.010070910731235783,715.0,0.003626573851293058,1020.0,0.011902694077504439,505.0,-0.007447450569315617,1179.0,0.010070910731235783,0.01049630733875809
2022-10-17,976.0,1254.0,0.78,17144.8,17328.55,17098.55,17311.8,17311.8,1,1,-304.4888235294093,-4.586176470588555,17123.8,17228.842500000002,17191.142479763952,17275.547385708218,-84.40490594426592,50.872377839017055,82.82190574071352,17792.896158151074,16664.78884184893,245.8921751609948,0.009740562736223228,0.013415146283421213,0.9271739130434783,0.7783094098883573,-278.0,0.007337495708641395,1045.0,0.017482301704149883,715.0,0.010990679530005432,1020.0,0.004106490342787428,716.0,0.007337495708641395,0.010990612467978389
2022-10-18,1359.0,805.0,1.69,17438.75,17527.8,17434.05,17486.95,17486.95,1,1,-235.62411764705394,59.14023529411935,17224.48,17222.0775,17236.651329031036,17291.20683861872,-54.555509587684355,54.99166257400625,94.76349186001812,17770.11351384727,16674.041486152728,243.75701979235234,0.0027639595727905228,0.005375958712637087,0.5642666666666822,1.6881987577639752,554.0,0.010117376587067906,976.0,0.017529108502999602,1045.0,0.027776553321167352,715.0,0.029640446196466774,505.0,0.010117376587067906,0.006956148295014957
2022-10-19,988.0,1189.0,0.83,17568.15,17607.6,17472.85,17512.25,17512.25,0,1,-136.36764705882524,129.91708823528973,17302.21,17206.8775,17279.05112456472,17307.580406128443,-28.52928156372218,55.571166051338054,88.91150133736495,17702.509557552385,16711.245442447613,235.9708040928986,0.0031818945079590878,0.00767013032106397,0.29239332096476034,0.830950378469302,-201.0,0.0014467931800570266,1359.0,0.01157880751857121,976.0,0.0190012626776912,1045.0,0.022696746011352742,1020.0,0.0014467931800570266,0.007041624965859651
2022-10-20,1020.0,1130.0,0.9,17423.1,17584.15,17421.0,17563.95,17563.95,1,1,-40.445882352942135,167.77070588235074,17412.129999999997,17199.157499999998,17322.881720785535,17326.570746415226,-3.68902562969015,56.795354362110906,94.92382835213421,17666.69581209176,16731.619187908236,230.7693180862631,0.008084095252854097,0.009364005257388265,0.8761875574624545,0.9026548672566371,-110.0,0.002952219160873071,988.0,0.004403283591478235,1359.0,0.014565209856860717,976.0,0.03230214495411232,715.0,0.002952219160873071,0.004018510042881191
2022-10-21,708.0,1458.0,0.49,17622.85,17670.15,17520.75,17576.3,17576.3,1,1,25.77588235294752,164.00600000000412,17490.25,17196.4825,17361.869148356993,17345.069209643727,16.799938713265874,57.09944797020864,88.47900810213578,17654.652939109303,16738.312060890694,224.9572239372444,0.0026414569720561248,0.008477629895278088,0.37182061579651093,0.48559670781893005,-750.0,0.0007031447937393409,1020.0,0.0036574397921453894,988.0,0.005109524531150322,1359.0,0.022728198444055048,1045.0,0.0007031447937393409,0.004053993648704232
2022-10-24,1749.0,413.0,4.23,17736.35,17777.55,17707.4,17730.75,17730.75,1,1,127.71602941176388,179.50517647058587,17574.04,17216.6525,17418.620048609762,17373.638157077527,44.98189153223575,60.81405445984564,94.34270172257489,17728.468802469557,16704.836197530443,223.2638507988698,0.00031573576299512274,0.0039551542453773085,0.33285816108338234,4.234866828087167,1336.0,0.008787401216410862,708.0,0.009496724825565961,1020.0,0.012476980399434678,988.0,0.024200256472463932,976.0,0.008787401216410862,0.004347883542555032
2022-10-25,806.0,1364.0,0.59,17808.3,17811.5,17637.0,17656.35,17656.35,1,1,174.96632352941015,144.6373823529393,17607.920000000002,17248.655,17455.193887285182,17394.579775071783,60.614112213399494,58.1998387497059,81.98444031583821,17785.774950196046,16711.53504980395,219.78071859895053,0.008532538198480525,0.009798801682361595,0.1108882521489888,0.5909090909090909,-558.0,-0.004196099995770197,1749.0,0.004554428406433608,708.0,0.005260775622795366,1020.0,0.009687223901251985,1359.0,-0.004196099995770197,0.004672693800585115
2022-10-27,1175.0,1024.0,1.15,17771.4,17783.9,17654.5,17736.95,17736.95,1,1,206.30029411764554,107.43776470588054,17652.86,17285.1325,17498.540981549002,17419.940532473873,78.60044907512929,60.19606717655141,91.34347422201589,17850.128973682444,16720.136026317556,213.32495298473987,0.0019385079397234166,0.007281362188685272,0.6371715610510031,1.1474609375,151.0,0.004564929897742376,806.0,0.0003496749996474424,1749.0,0.009140148950575577,708.0,0.012831018287198903,988.0,0.004564929897742376,0.004797053189091584
2022-10-28,823.0,1355.0,0.61,17756.4,17838.9,17723.7,17786.8,17786.8,1,1,261.1188235294103,101.94335294117482,17697.43,17331.5425,17542.888522849156,17447.11530784618,95.77321500297694,61.42314991307689,94.13684447445397,17901.23849285372,16761.846507146278,206.3160277715442,0.0017120587506475307,0.006487801581401676,0.5477430555555395,0.607380073800738,-532.0,0.0028105170280121605,1175.0,0.007388276738963695,806.0,0.0031611747952002833,1749.0,0.012687920427921773,1020.0,0.0028105170280121605,0.004794591782070743
2022-10-31,1227.0,1010.0,1.21,17910.2,18022.8,17899.9,18012.2,18012.2,1,1,331.19955882353315,110.93935294118054,17784.61,17391.2475,17615.090288564672,17488.973433190906,126.11685537376616,66.45823895015863,99.01165501165515,17983.049039769525,16799.445960230478,208.4363115021482,0.00569507878192315,0.006862011591160223,0.913751017087073,1.2148514851485148,217.0,0.01267231879821007,823.0,0.015518451593988791,1175.0,0.020154222135379207,806.0,0.024800441503615822,708.0,0.01267231879821007,0.006378365895589031
2022-11-01,1192.0,1005.0,1.19,18130.7,18175.8,18060.15,18145.4,18145.4,1,0,400.9135294117623,126.01382352940999,17867.54,17443.8,17696.67639801626,17537.597623324913,159.07877469134837,69.03068889373495,97.50584567420127,18103.57388171901,16784.026118280988,205.2337178234232,0.0008107795065827975,0.0063786836691356544,0.7371379161262569,1.1860696517412936,187.0,0.007394987841573997,1227.0,0.020161018283221477,823.0,0.023028198196420435,1175.0,0.02338592558126429,1749.0,0.007394987841573997,0.006195501887911987
2022-11-02,1086.0,1095.0,0.99,18177.9,18178.75,18048.65,18082.85,18082.85,0,0,476.9851470588219,141.68167647058726,17952.84,17503.575,17756.087721398373,17577.98668826381,178.1010331345642,66.4532688965229,92.15092486495323,18167.47185380981,16839.678146190192,199.8670236931786,0.005228876822955506,0.007157042342624755,0.262874711760165,0.9917808219178083,-9.0,-0.003447154650765616,1192.0,0.00392234152407811,1227.0,0.016644365484516532,823.0,0.024155615401824315,806.0,-0.003447154650765616,0.005931614905890104
2022-11-03,1032.0,1147.0,0.9,17968.35,18106.3,17959.2,18052.7,18052.7,0,1,536.7127941176477,135.32682352941265,18015.989999999998,17542.495,17801.720379644776,17613.150637281306,188.56974236347014,65.18979210719074,88.33086465469366,18238.551186595992,16846.438813404005,196.09795057223715,0.004694365370220537,0.008186617023822363,0.6356220258327732,0.8997384481255449,-115.0,-0.0016673256704555772,1086.0,-0.0051087327917820335,1192.0,0.0022484760329111175,1227.0,0.017801820493376752,1175.0,-0.0016673256704555772,0.006609237693812298
2022-11-04,1230.0,963.0,1.28,18053.4,18135.1,18017.15,18117.15,18117.15,1,1,592.8160294117624,125.09061764705694,18082.06,17581.7625,17850.24801354558,17650.483923408618,199.7640901369632,66.64952447543959,94.297352342159,18313.53682714844,16849.98817285156,190.51595410279145,0.0035311908006248126,0.006533395371508806,0.8478168715557649,1.277258566978193,267.0,0.003570103087072951,1032.0,0.0018968248920940844,1086.0,-0.0015568684074200867,1192.0,0.01857276182337486,823.0,0.003570103087072951,0.006596631948904822
2022-11-07,1305.0,920.0,1.42,18211.75,18255.5,18064.75,18202.8,18202.8,1,1,617.8217647058846,92.77191176470876,18120.18,17626.17,17904.486780692416,17691.39622537835,213.09055531406557,68.53771580845208,93.68484122228871,18394.592578662643,16857.747421337353,190.53267166687777,0.000491440965310897,0.01047400716570346,0.723722149410219,1.4184782608695652,385.0,0.00472756476598124,1230.0,0.008314545746619606,1032.0,0.006633357020602526,1086.0,0.01058171683636644,1227.0,0.00472756476598124,0.004529476820711447
2022-11-09,1042.0,1179.0,0.88,18288.25,18296.4,18117.5,18157.0,18157.0,0,1,616.2491176470576,48.13214705882274,18122.5,17671.969999999998,17943.3349682782,17725.88539386884,217.44957440935832,66.37368860070436,84.07585103952465,18452.205612746904,16891.73438725309,189.70176654781517,0.007176739163123864,0.009782237228821863,0.22079373951928272,0.8837998303647159,-137.0,-0.0025160964247258333,1305.0,0.002199573332450022,1230.0,0.005777529123067504,1032.0,0.0006392804787989093,1192.0,-0.0025160964247258333,0.003741660522282002
2022-11-10,640.0,1551.0,0.41,18044.35,18103.1,17969.4,18028.2,18028.2,1,1,594.7473529411764,3.077941176470631,18111.57,17724.2025,17956.39112700463,17748.279068397074,208.1120586075558,60.58070277495311,69.36257710760792,18451.148315362832,16997.256684637166,189.55164036582826,0.000895016999780974,0.007409521539983269,0.4397905759162345,0.4126370083816892,-911.0,-0.007093682877127194,1042.0,-0.00959193091172783,1305.0,-0.00490971262036255,1230.0,-0.0030222005933797647,1086.0,-0.007093682877127194,0.004815369882742267
2022-11-11,1197.0,986.0,1.21,18272.35,18362.3,18259.35,18349.7,18349.7,1,0,633.9013235294115,22.794205882353026,18170.97,17785.5075,18016.900184388534,17792.828767034327,224.07141735420737,68.07159479005533,98.50276275919451,18506.286077840326,17064.728922159673,199.87652319684042,0.00423317197842654,0.005634195929916006,0.8776104905293982,1.2139959432048681,211.0,0.017833172474234882,640.0,0.010612986726882268,1042.0,0.00807018700419726,1305.0,0.016451832689846846,1032.0,0.017833172474234882,0.009423103677441095
2022-11-14,1030.0,1222.0,0.84,18376.4,18399.45,18311.4,18329.15,18329.15,1,-1,668.3547058823533,42.13985294117663,18213.370000000003,17851.247499999998,18064.93861755953,17832.556265772524,232.38235178700415,67.19264927115586,90.77972326054179,18516.3846463642,17186.110353635795,191.88891439706603,0.002571232667987201,0.004791471670185633,0.20159000567859336,0.8428805237315876,-192.0,-0.0011199093173185348,1197.0,0.01669329162090505,640.0,0.009481191826843816,1042.0,0.011701619735996038,1230.0,-0.0011199093173185348,0.009621362191452373
2022-11-15,1075.0,1144.0,0.94,18362.75,18427.95,18282.0,18403.4,18403.4,0,-1,681.2048529411768,42.313382352941744,18253.49,17912.1325,18117.009599473447,17874.840986826413,242.16861264703402,68.76209824610771,96.89613755610351,18544.55899554988,17279.70600445012,188.6075633687042,0.0022137207117671077,0.00794815591346616,0.831791709489557,0.9396853146853147,-69.0,0.004050924347282825,1030.0,0.0029264783620441825,1197.0,0.020811839229651463,640.0,0.011020282593886765,1305.0,0.004050924347282825,0.009584533621323067
2022-11-16,843.0,1368.0,0.62,18398.25,18442.15,18344.15,18409.65,18409.65,0,-1,680.0389705882335,28.389529411763192,18304.02,17967.025,18162.031199554458,17914.456469283716,247.5747302707423,68.89697803236466,95.87380181552722,18571.454844149426,17362.595155850577,182.1355945566539,0.0006196241490359928,0.00532659356188768,0.6683673469387755,0.6162280701754386,-525.0,0.00033961115880765114,1075.0,0.004391911245202218,1030.0,0.003267083385559477,1197.0,0.013914743625048187,1042.0,0.00033961115880765114,0.009312159108873735
2022-11-17,826.0,1359.0,0.61,18358.7,18417.6,18312.95,18343.9,18343.9,1,1,707.4358823529401,33.24873529411707,18367.16,18009.8725,18190.011015007618,17946.267101188623,243.74391381899477,65.68387816338446,86.32472684250818,18593.22861377056,17426.516386229443,176.60090923117846,0.0008061572987193685,0.005700294683174616,0.29574773053035236,0.6077998528329654,-533.0,-0.0035714964706010655,843.0,-0.0032330982318484747,1075.0,0.0008047290790897943,1030.0,0.01751145427718792,640.0,-0.0035714964706010655,0.008471729814326178
2022-11-18,820.0,1382.0,0.59,18382.95,18394.6,18209.8,18307.65,18307.65,0,1,665.3226470588233,-15.148764705882058,18358.75,18049.6425,18208.10932039106,17973.03620480428,235.07311558677975,63.914104623850896,75.1959428307976,18599.357336322875,17499.92766367713,177.18655857180852,0.0040961869558476345,0.010052793485267558,0.5294913419913558,0.5933429811866859,-562.0,-0.001976133755635434,826.0,-0.005540572471502747,843.0,-0.005202842952932607,1075.0,-0.0022915905982113793,1197.0,-0.001976133755635434,0.002889777797165663
2022-11-21,828.0,1403.0,0.59,18246.4,18262.3,18133.35,18159.95,18159.95,1,1,595.8467647058787,-70.12305882353178,18324.910000000003,18079.4425,18200.70019417705,17986.881671115076,213.8185230619747,57.15665407903785,41.56745004658861,18583.315846460675,17575.569153539327,176.98037581667955,0.004737920904945673,0.0070671474921080715,0.20628150445910842,0.5901639344262295,-575.0,-0.008067665702588878,820.0,-0.010027856671700142,826.0,-0.013563538687590526,843.0,-0.009231197300474947,1030.0,-0.008067665702588878,0.004507050154580967
2022-11-22,1043.0,1172.0,0.89,18179.15,18261.85,18137.7,18244.2,18244.2,1,1,528.5604411764725,-106.88049999999714,18293.07,18112.8375,18207.392471995965,18005.942288069517,201.45018392644852,59.769510701498,59.01232011595394,18564.751182989876,17660.923817010127,173.20677754405943,0.003578275111872627,0.006829252192759167,0.8578332662102447,0.8899317406143344,-129.0,0.0046393299541023225,828.0,-0.0034657643116402514,820.0,-0.005435049253430302,826.0,-0.008650575437147534,1075.0,0.0046393299541023225,0.0047029064101188995
2022-11-23,1202.0,989.0,1.22,18325.2,18325.4,18246.0,18267.25,18267.25,1,1,468.8174999999974,-124.37914705882508,18264.590000000004,18139.662500000002,18216.601322458122,18025.29841487918,191.3029075789418,60.479642189329674,63.785070918314275,18560.278865437045,17719.04613456296,166.63486486234095,0.003162312007508825,0.004332831292427993,0.2676322418135971,1.2153690596562183,213.0,0.0012634152223720552,1043.0,0.005908606576559894,828.0,-0.002206727788656715,820.0,-0.007735073724921548,843.0,0.0012634152223720552,0.004821069232391388
2022-11-24,1272.0,911.0,1.4,18326.1,18529.7,18294.25,18484.1,18484.1,1,1,442.57882352941306,-97.646411764704,18292.629999999997,18181.05,18257.754965156873,18059.283717480725,198.47124767614878,66.47512079097666,91.86150276637476,18564.554458902967,17797.54554109703,173.4788030864595,0.008621583424733032,0.012847796312363283,0.806328307496275,1.3962678375411635,361.0,0.011870971273727493,1202.0,0.013149384461911051,1043.0,0.017849718749225474,828.0,0.007642867656277863,826.0,0.011870971273727493,0.007434406005141506
2022-11-25,1373.0,829.0,1.66,18528.45,18534.9,18445.1,18512.75,18512.75,0,1,447.26308823529325,-49.35023529411774,18333.65,18219.84,18296.984970517355,18092.87381248215,204.11115803520443,67.18346699260175,96.08311229000859,18571.432135290954,17868.247864709047,167.50174572314114,0.0008473455685716143,0.0048466007680082746,0.7533407572382992,1.6562123039806997,544.0,0.001549980794304462,1272.0,0.013439351845515812,1202.0,0.014719746549588297,1043.0,0.011202967065680136,820.0,0.001549980794304462,0.0071796514637852
2022-11-28,1312.0,919.0,1.43,18430.55,18614.25,18365.6,18562.75,18562.75,0,1,470.0132352941182,-1.4333823529406686,18414.21,18258.6375,18337.87189813007,18127.67945600199,210.19244212807826,68.43686372866577,92.01364658447699,18580.520663389212,17936.75433661079,173.29804960005976,0.007172873300037207,0.013491187186492072,0.7928815604263032,1.427638737758433,393.0,0.0027008413120686026,1373.0,0.004255008358535317,1272.0,0.01617649071425631,1202.0,0.02218067781023625,828.0,0.0027008413120686026,0.004379511501254917
2022-11-29,1019.0,1180.0,0.86,18552.45,18678.1,18552.15,18618.05,18618.05,1,0,510.6508823529439,42.7861764705907,18488.98,18288.93,18380.976221494675,18164.003200001844,216.97302149283132,69.81025752480474,91.52673909976019,18626.01664968883,17951.84335031117,169.91604605719814,0.0035359211317102885,0.00678886077041022,0.523223501389435,0.8635593220338983,-161.0,0.002979084456774972,1312.0,0.005687971803216563,1373.0,0.007246768844574536,1272.0,0.020491443856129443,1043.0,0.002979084456774972,0.004420045788832138
2022-11-30,1348.0,851.0,1.58,18625.7,18816.05,18616.55,18758.35,18758.35,1,-1,549.410588235296,65.42726470588315,18587.2,18319.577500000003,18439.03372588011,18208.028888890596,231.0048369895121,73.01804487000166,91.54826424490982,18706.644919803628,17932.510080196378,172.02918562454116,0.007121879983034077,0.010711006834642456,0.7107769423558861,1.5840188014101058,497.0,0.007535697884579751,1019.0,0.010537231821793558,1312.0,0.013266532524881525,1373.0,0.026884177968769185,1202.0,0.007535697884579751,0.004312110759612074
2022-12-01,1343.0,879.0,1.53,18871.95,18887.6,18778.2,18812.5,18812.5,0,-1,581.1926470588223,69.48655882352762,18652.879999999997,18356.06,18496.490075744707,18252.80452675055,243.6855489941554,74.15928280114706,90.04308916141882,18782.53840812687,17929.58159187313,168.9735295085025,0.0031501779095430373,0.005796963217897346,0.31352833638025557,1.527872582480091,464.0,0.0028867144498316843,1348.0,0.010444165742384381,1019.0,0.013454364250986561,1312.0,0.017766621041868547,1272.0,0.0028867144498316843,0.0023114345592396553
2022-12-02,1276.0,946.0,1.35,18752.4,18781.95,18639.2,18696.1,18696.1,1,-1,576.0157352941205,38.55911764706036,18689.549999999996,18388.230000000003,18527.199294860904,18285.641228472734,241.55806638817012,67.54565982667391,74.61054027179317,18815.388260365435,17961.07173963457,169.28256311503802,0.0030022823745228825,0.007612358951387555,0.39859894921189365,1.3488372093023255,330.0,-0.00618737541528247,1343.0,-0.0033185221514685503,1348.0,0.004192168352754377,1019.0,0.009903985091355816,1373.0,-0.00618737541528247,0.0049977912227545185
2022-12-05,1328.0,927.0,1.43,18719.55,18728.6,18591.35,18701.05,18701.05,0,-1,568.8250000000007,11.606029411763984,18717.21,18417.425,18553.945557189996,18316.412248585864,237.5333086041319,67.67767183844441,75.26682134570775,18846.294659102176,17988.555340897823,166.99452289253531,0.0009882716197771849,0.0073319070169956015,0.7992714025500963,1.4325782092772383,401.0,0.00026476109990847263,1276.0,-0.005924252491694371,1343.0,-0.0030546396671348175,1348.0,0.007450404708354119,1312.0,0.00026476109990847263,0.005028960714585854
2022-12-06,896.0,1337.0,0.67,18600.65,18654.9,18577.9,18642.75,18642.75,0,0,527.8197058823571,-32.833029411762254,18722.15,18439.4225,18567.607779160768,18340.585415357284,227.02236380348404,64.3573014637443,67.5372886973817,18867.13165056077,18011.713349439233,163.86277125735407,0.0022633617642393434,0.004139640281388015,0.8422077922077733,0.6701570680628273,-441.0,-0.0031174720136034617,1328.0,-0.002853536299014192,1276.0,-0.009023255813953468,1343.0,0.0013266695491740421,1019.0,-0.0031174720136034617,0.005310603605305544
2022-12-07,866.0,1363.0,0.64,18638.85,18668.3,18528.4,18560.5,18560.5,1,1,471.3642647058805,-73.67920588235575,18682.579999999998,18459.5975,18566.514274674497,18356.875384590076,209.6388900844213,59.892849722843586,56.63241630759052,18869.824819267513,18049.370180732487,162.15114473897148,0.004203585521638864,0.007505827881011856,0.2294496068620375,0.6353631694790902,-497.0,-0.004411902750398933,896.0,-0.0075156207806512665,1328.0,-0.007252849524767124,1276.0,-0.010547302934426406,1348.0,-0.004411902750398933,0.003658734252428512
2022-12-08,1162.0,1047.0,1.11,18570.85,18625.0,18536.95,18609.35,18609.35,1,-1,390.3689705882316,-116.50976470588648,18641.95,18488.655,18573.104386263036,18375.577207953775,197.52717830926122,61.596778017297424,63.109048723897914,18852.2117382107,18125.0982617893,156.8582058290449,0.0020731415094085623,0.0047413015559330494,0.8222600795002659,1.1098376313276026,115.0,0.0026319334069664357,866.0,-0.0017915811776696433,896.0,-0.004903467987091625,1328.0,-0.01079867109634558,1343.0,0.0026319334069664357,0.0035724495487040628
2022-12-09,639.0,1595.0,0.4,18662.4,18664.7,18410.1,18496.6,18496.6,0,-1,325.2979411764718,-131.43723529411653,18602.05,18496.0,18561.334480684105,18384.541859216457,176.79262146764813,55.71341121704742,47.859714628617,18853.922662035253,18138.077337964747,163.83976255554185,0.008884173525377384,0.013642403978052242,0.33974862529457683,0.4006269592476489,-956.0,-0.006058782278800745,1162.0,-0.003442795183319469,866.0,-0.007839508656180105,896.0,-0.010670674632677457,1276.0,-0.006058782278800745,0.0035365257670413723
2022-12-12,1187.0,1052.0,1.13,18402.15,18521.55,18345.7,18497.15,18497.15,1,0,255.37573529411748,-138.6695882352942,18561.27,18504.4,18551.45994519424,18392.883202978202,158.57674221603884,55.73562145048922,39.144326683292086,18854.055361746967,18154.744638253036,164.69763665871733,0.0051624402583393784,0.009555948625568128,0.8612453795848848,1.1283269961977187,135.0,2.9735194576385737e-05,639.0,-0.006029227243294244,1162.0,-0.0034131623609277018,866.0,-0.010903131107611541,1328.0,2.9735194576385737e-05,0.0034979525456184483
2022-12-13,1173.0,1027.0,1.14,18524.4,18617.25,18490.2,18608.0,18608.0,1,-1,218.98044117647078,-113.29702941176367,18554.32,18514.629999999997,18560.15841516436,18408.81778053537,151.34063462898848,60.08091538073647,52.87772815370368,18863.83860871175,18165.421391288244,162.00851975452318,0.0045129666817817875,0.006858521733497401,0.9271940181031086,1.142161635832522,146.0,0.005992815109354677,1187.0,0.006022728501454466,639.0,-7.254417806090707e-05,1162.0,-0.001863995386946704,896.0,0.005992815109354677,0.0049587246775401285
2022-12-14,1261.0,956.0,1.32,18671.25,18696.1,18632.9,18660.3,18660.3,0,-1,204.55602941176767,-74.35979411764419,18574.28,18527.1625,18575.56481283138,18427.446093088307,148.1187197430736,61.97743306004191,58.054991695884816,18878.386342973958,18175.93865702604,156.72933977205713,0.0005864631452099204,0.0033848831760057356,0.4335443037974538,1.3190376569037656,305.0,0.002810619088563948,1173.0,0.008820277718459169,1187.0,0.0088502751857098,639.0,0.005377010317609843,866.0,0.002810619088563948,0.004516761910481371
2022-12-15,693.0,1501.0,0.46,18614.4,18652.9,18387.7,18414.9,18414.9,0,-1,168.8592647058831,-65.75461764705906,18535.39,18530.7125,18550.84714931886,18426.51675285954,124.33039645931785,49.979068977268255,12.76988374238808,18875.83758293863,18185.58741706137,165.00581550262436,0.010717509025270758,0.014247034553893798,0.10256410256410503,0.46169220519653564,-808.0,-0.013150913972444056,1261.0,-0.010377257093723058,1173.0,-0.004446630967473331,1187.0,-0.01044904846219763,1162.0,-0.013150913972444056,0.007614709709834181
2022-12-16,695.0,1532.0,0.45,18319.1,18440.95,18255.15,18269.0,18269.0,1,-1,114.32014705882466,-78.09817647058807,18489.870000000003,18528.78,18507.48604942365,18414.848845240314,92.63720418333469,44.46725909612677,2.189896434500531,18879.27064951635,18178.289350483647,166.491114395294,0.0027348505112149914,0.010142419660354455,0.0745425188374521,0.4536553524804178,-837.0,-0.007922931973564973,693.0,-0.02096965214921509,1261.0,-0.018217970765262215,1173.0,-0.012304964155574472,639.0,-0.007922931973564973,0.007898842536228357
2022-12-19,1339.0,912.0,1.47,18288.1,18431.65,18244.55,18420.45,18420.45,0,-1,84.13426470588456,-74.0357647058816,18474.530000000002,18541.805,18494.095887973857,18415.263745592885,78.83214238097207,50.56212970551091,27.354016017417255,18853.74258494031,18229.86741505969,167.96317765277314,0.007236946429645627,0.010230696463820856,0.9401389631213223,1.468201754385965,427.0,0.008289999452624652,695.0,0.0003013863773357883,693.0,-0.012853491101429193,1261.0,-0.004146584744136317,1187.0,0.008289999452624652,0.009288274281054753
2022-12-20,982.0,1252.0,0.78,18340.3,18404.9,18202.65,18385.3,18385.3,1,-1,28.679558823529078,-91.43029411764874,18429.989999999998,18548.859999999997,18477.3580590548,18413.0442088823,64.31385017250068,49.212146322937876,26.66618001313944,18839.189090169053,18258.53090983094,171.522950677575,0.0024536130815744563,0.011027627683298529,0.9030902348578385,0.7843450479233227,-270.0,-0.0019082052827157359,1339.0,0.006365975149159819,695.0,-0.0016073940124574637,693.0,-0.011967970765262237,1173.0,-0.0019082052827157359,0.008481606846776967
2022-12-21,397.0,1857.0,0.21,18435.15,18473.35,18162.75,18199.1,18199.1,1,0,-46.620735294120095,-116.49523529412036,18337.75,18545.4525,18434.54912689252,18397.19648970583,37.35263718669012,42.70720680440695,5.870478036175468,18850.16565933742,18240.739340662578,181.4570256291767,0.012804343875694143,0.01684824913277074,0.11703155183515362,0.21378567582121702,-1460.0,-0.010127656334136592,982.0,-0.012016535969534003,1339.0,-0.0038261535935191215,695.0,-0.02471557263280877,1261.0,-0.010127656334136592,0.008477183618112406
2022-12-22,405.0,1852.0,0.22,18288.8,18318.75,18068.6,18127.35,18127.35,0,0,-116.67882352941524,-129.44570588235584,18280.239999999998,18527.614999999998,18387.28772275521,18377.20786083873,10.079861916477967,40.48641817592157,8.901515151515152,18882.278950942855,18172.95104905714,186.3636666556642,0.008827807182537986,0.013677770001312359,0.23485908454926907,0.21868250539956804,-1447.0,-0.003942502651229973,397.0,-0.014030230673418465,982.0,-0.015911663395845488,1339.0,-0.015615072577098044,693.0,-0.003942502651229973,0.007150322053473969
2022-12-23,209.0,2093.0,0.1,17977.65,18050.45,17779.5,17806.8,17806.8,1,1,-198.55411764705786,-148.74614705882195,18187.8,18492.317499999997,18297.98191925441,18334.955426702527,-36.97350744811774,32.384291691994335,2.978398428976578,18966.314887412,18018.320112587993,197.89840475168808,0.009503466804615852,0.01507149154644799,0.1007565971581443,0.09985666507405638,-1884.0,-0.017683224519855267,405.0,-0.021556011011533482,397.0,-0.031465355474210366,982.0,-0.025299687996058973,695.0,-0.017683224519855267,0.009675109930157046
2022-12-26,1924.0,366.0,5.26,17830.4,18084.1,17774.25,18014.6,18014.6,1,1,-273.54647058823684,-152.20235294117666,18106.629999999997,18464.91,18254.384700907576,18311.225395094934,-56.84069418735817,40.67282649775918,26.072571459564887,18980.97152113717,17948.84847886283,205.89494726942453,0.010330671213208737,0.017377624730796758,0.7756979183475865,5.256830601092896,1558.0,0.011669699216029894,209.0,-0.006219883215141775,405.0,-0.010137863960305693,397.0,-0.02203257792290647,1339.0,0.011669699216029894,0.010884664271372156
2022-12-27,1715.0,516.0,3.32,18089.8,18149.25,17967.45,18132.3,18132.3,0,1,-318.26088235294446,-127.52867647058957,18056.03,18440.6225,18235.602439229486,18297.97166212494,-62.36922289545328,44.800283997187854,38.84037533221238,18971.08972186523,17910.15527813477,204.17387960732273,0.0023493902641267455,0.010049862353370367,0.9067656765676524,3.3236434108527133,1199.0,0.006533589421913399,1924.0,0.018279533661297975,209.0,0.00027306804359161774,405.0,-0.013760993837467983,982.0,0.006533589421913399,0.011968268836189754
2022-12-28,1273.0,948.0,1.34,18084.75,18173.1,18068.35,18122.5,18122.5,0,0,-360.21044117647034,-106.7602941176454,18040.71,18408.829999999998,18218.20206396341,18284.973761226796,-66.77169726338616,44.522540953569454,37.77729565547546,18935.520282232756,17882.13971776724,197.07217392108538,0.0020873940751185392,0.005792172963408396,0.5169451073985819,1.3428270042194093,325.0,-0.0005404719754250609,1715.0,0.00598958622450696,1924.0,0.017729182110205022,209.0,-0.0042089993461214,397.0,-0.0005404719754250609,0.011227873853915459
2022-12-29,1128.0,1083.0,1.04,18045.7,18229.7,17992.8,18191.0,18191.0,1,-1,-370.82558823529325,-66.5460882352927,18053.44,18377.754999999997,18214.017131045963,18278.012741876664,-63.99561083070148,46.996084472423796,45.20800564083101,18878.1949253641,17877.315074635895,199.91701864100796,0.008051779648337237,0.013127781133455696,0.8366399324609519,1.0415512465373962,45.0,0.00377983170092433,1273.0,0.0032373168323931445,1715.0,0.009792057553317912,1924.0,0.0035112688837586337,405.0,0.00377983170092433,0.01121738253852861
2022-12-30,1406.0,810.0,1.74,18259.1,18265.25,18080.3,18105.3,18105.3,1,-1,-313.8935294117655,13.453852941176592,18113.139999999996,18348.215,18197.29141857735,18265.219205441354,-67.92778686400197,44.332883691973954,35.911482345283915,18839.669280781472,17856.760719218528,198.847945880936,0.008423197200300086,0.01012919585302675,0.13517166801838282,1.7358024691358025,596.0,-0.004711120883953646,1128.0,-0.0009490964270933988,1273.0,-0.0014890554424976665,1715.0,0.016763258979715534,209.0,-0.004711120883953646,0.006317728345578968
2023-01-02,1491.0,777.0,1.92,18131.7,18215.15,18086.5,18197.45,18197.45,0,-1,-263.5591176470589,61.79079411764758,18149.71,18323.035,18197.315815719296,18260.19926429755,-62.88344857825359,47.76085734543953,45.90768563215289,18790.62316291523,17855.446837084768,193.8338068894407,0.003626245746399951,0.007095308217100517,0.8624174115818071,1.9189189189189189,714.0,0.005089669875671943,1406.0,0.00035457094167457015,1128.0,0.004135742861084424,1273.0,0.010150100474060064,1924.0,0.005089669875671943,0.004603146883124202
2023-01-03,1259.0,987.0,1.28,18163.2,18251.95,18149.8,18232.55,18232.55,0,-1,-229.39897058823408,78.17855882353035,18169.76,18302.525,18202.73645945479,18258.151170645877,-55.4147111910861,49.04791260037888,52.15956296591345,18747.665450305798,17857.384549694205,187.28496354019504,0.003818159795630646,0.005624008985200926,0.8100832109642567,1.2755825734549138,272.0,0.0019288416783669327,1491.0,0.007028328721424115,1406.0,0.0022840965312516115,1128.0,0.005528807707792183,1715.0,0.0019288416783669327,0.0038809077320938546
2023-01-04,650.0,1628.0,0.4,18230.65,18243.0,18020.6,18042.95,18042.95,1,-1,-220.31705882352617,59.28179411764938,18153.85,18276.6475,18178.153927230975,18242.210343190625,-64.05641595965062,42.89942226380056,38.43513088256348,18718.956279557282,17834.338720442716,189.7931804301812,0.010295847926431626,0.01219923590217581,0.10049460431655592,0.39926289926289926,-978.0,-0.01039898423424035,1259.0,-0.008490200550077098,1491.0,-0.0034437429923833696,1406.0,-0.0043895709753069,1273.0,-0.01039898423424035,0.006529310307471303
2023-01-05,1029.0,1203.0,0.86,18101.95,18120.3,17892.6,17992.15,17992.15,1,-1,-232.5785294117668,19.370911764703493,18114.079999999998,18245.7875,18149.53793842621,18223.687354806134,-74.14941637992524,41.401883319410295,31.168645401230425,18676.922366223385,17814.65263377661,192.500810399454,0.006065644861465161,0.01257875532746476,0.4371980676328616,0.8553615960099751,-174.0,-0.002815504116566281,650.0,-0.013185209967886968,1259.0,-0.011281800472044079,1491.0,-0.010931229728986747,1128.0,-0.002815504116566281,0.0060019332347539455
2023-01-06,714.0,1528.0,0.47,18008.05,18047.4,17795.55,17859.45,17859.45,1,1,-274.7105882352989,-30.597735294121946,18064.910000000003,18213.93,18104.909024822176,18196.706810005682,-91.79778518350577,37.69971125293607,12.18709769703918,18660.122360309393,17767.737639690607,196.74003822806458,0.00825186513809094,0.013985412079597857,0.25372245384157593,0.46727748691099474,-814.0,-0.007375438733003059,1029.0,-0.010170177271455083,650.0,-0.020463401992590113,1259.0,-0.013578896787128536,1406.0,-0.007375438733003059,0.0063884962785825455
2023-01-09,1362.0,910.0,1.5,17952.55,18141.4,17936.15,18101.2,18101.2,1,-1,-292.38529411764466,-42.50720588235055,18045.66,18194.1325,18104.338405618764,18189.632231486743,-85.29382586797874,46.99810883428497,46.767272207123646,18623.10657296184,17765.15842703816,202.82646406891718,0.00828016075710701,0.01143291621524519,0.8041412911084008,1.4967032967032967,452.0,0.013536251116355702,714.0,0.006060976592569434,1029.0,0.0032284077714563875,650.0,-0.005289202608057764,1491.0,0.013536251116355702,0.009382973572458134
2023-01-10,772.0,1478.0,0.52,18121.3,18127.6,17856.0,17914.15,17914.15,1,1,-325.55617647058534,-56.446647058820986,17981.98,18159.440000000002,18075.078650908184,18169.226140265502,-94.14748935731768,41.79973514991476,25.69329660238778,18560.22080742281,17758.659192577194,207.73885949256584,0.01143129907898428,0.014987887182486828,0.2141016200294616,0.5223274695534507,-706.0,-0.010333569045146151,1362.0,0.0030628042856863935,714.0,-0.004335223972676938,1029.0,-0.017463273102226395,1259.0,-0.010333569045146151,0.01000015648263655
2023-01-11,1136.0,1067.0,1.06,17924.25,17976.35,17824.35,17895.7,17895.7,1,1,-356.798382352943,-60.39258823529525,17952.53,18121.21,18047.481935383847,18148.964944690277,-101.48300930643018,41.31432250047084,24.735234215886095,18465.475498704833,17776.944501295166,203.757512385954,0.0015928142042204987,0.00848013166520217,0.46940789473685646,1.0646672914714153,69.0,-0.0010299121085846075,772.0,-0.011352838485846228,1362.0,0.0020297377578817333,714.0,-0.00816108230638557,650.0,-0.0010299121085846075,0.00922685486898099
2023-01-12,912.0,1310.0,0.7,17920.85,17945.8,17761.65,17858.2,17858.2,1,1,-368.62941176470486,-45.013441176469485,17925.74,18093.375,18018.361637632486,18127.426800639143,-109.0651630066568,40.29018929405637,19.171961874503484,18428.044498906747,17758.705501093253,202.35697578695712,0.0034959279275256377,0.010275740269016136,0.5243008417051339,0.6961832061068702,-398.0,-0.0020954754494096894,1136.0,-0.003123229402455685,772.0,-0.013424524340927668,1362.0,-0.007444913476154946,1029.0,-0.0020954754494096894,0.009208813638303951
2023-01-13,1278.0,939.0,1.36,17867.5,17999.35,17774.25,17956.6,17956.6,1,0,-357.8254411764756,-17.58650000000489,17945.17,18077.755,18008.85984722749,18114.772963554762,-105.91311632727229,44.19901404215259,38.71127879269215,18407.300729601367,17748.209270398635,203.98147751646007,0.004986707709528392,0.012598292990065681,0.810084406930252,1.3610223642172523,339.0,0.005510073803630666,912.0,0.0034030521298411553,1136.0,0.0023696351766617774,772.0,0.005439697191122805,714.0,0.005510073803630666,0.008938423465384883
2023-01-16,884.0,1355.0,0.65,18033.15,18049.65,17853.65,17894.85,17894.85,1,1,-355.7364705882392,-2.827294117649558,17903.9,18051.475,17991.319870730953,18098.482373661816,-107.16250293086341,42.32644084543661,26.449563145352954,18349.871899277627,17753.07810072237,203.41137197957008,0.007669209206378414,0.010868872049531002,0.2102040816326382,0.6523985239852399,-471.0,-0.0034388469977613134,1278.0,0.0020522785051124703,912.0,-4.7497443520061466e-05,1136.0,-0.011399796698561504,1362.0,-0.0034388469977613134,0.005667558767441914
2023-01-17,998.0,1202.0,0.83,17922.8,18072.05,17886.95,18053.3,18053.3,1,0,-336.5258823529439,18.57723529411743,17931.73,18034.875,18000.855275233884,18095.135531168347,-94.28025593446364,48.37094103440068,57.91302621127853,18291.10011488632,17778.64988511368,202.1034168381721,0.007281228379494276,0.01032762737965042,0.8987034035656394,0.8302828618968386,-204.0,0.008854502831820321,884.0,0.005385206553579325,1278.0,0.010924953242767987,912.0,0.00776760270512411,772.0,0.008854502831820321,0.0053355288255387615
2023-01-18,1182.0,1026.0,1.15,18074.3,18183.75,18032.45,18165.35,18165.35,0,-1,-273.65823529411864,64.81685294117779,17985.659999999996,18033.1875,18026.162155967133,18100.336602933654,-74.17444696652092,52.18715347385505,80.16282764098456,18285.478391380384,17780.896608619616,198.47460134973122,0.005037539489772732,0.008371001919853011,0.8783873099801617,1.152046783625731,156.0,0.006206621504101673,998.0,0.015116080883606164,884.0,0.011625251996480346,1278.0,0.015067865464888142,1136.0,0.006206621504101673,0.00543784065900275
2023-01-19,905.0,1314.0,0.69,18119.8,18155.2,18063.75,18107.85,18107.85,1,-1,-204.82882352941306,100.88614705882503,18035.589999999997,18032.2125,18038.729516587573,18100.893150864493,-62.163634276919765,50.13903546712227,70.60983071588774,18283.18754631638,17781.23745368362,191.55498696760745,0.0006594995529752385,0.005046965198291412,0.482230727173299,0.6887366818873668,-409.0,-0.0031653670311885262,1182.0,0.0030216082378291542,998.0,0.011902865908347993,884.0,0.013979572409313246,912.0,-0.0031653670311885262,0.0057034018862064184
2023-01-20,866.0,1361.0,0.64,18115.6,18145.45,18016.2,18027.65,18027.65,1,-1,-148.98999999999796,114.95788235294458,18049.8,18043.255,18037.024975574102,18095.46773228194,-58.44275670783827,47.34788555544737,54.25249847032437,18272.040338032195,17814.469661967807,187.1046307556355,0.004854931661109602,0.007134734703791208,0.08858800773694954,0.636296840558413,-495.0,-0.004429018353918179,905.0,-0.007580365916428633,1182.0,-0.0014207928744328635,998.0,0.003956762416047699,1278.0,-0.004429018353918179,0.006227780681596973
2023-01-23,1013.0,1245.0,0.81,18118.45,18162.6,18063.45,18118.55,18118.55,1,-1,-101.9098529411749,111.27270588235478,18094.54,18048.4525,18049.56728702424,18097.177529890683,-47.610242866441695,50.697900900949584,74.14563207645142,18279.11311751739,17817.79188248261,183.37929998737562,5.519235916899338e-06,0.005472322411685206,0.5557236510337847,0.8136546184738955,-232.0,0.005042254536780977,866.0,0.000590903944974075,905.0,-0.0025763335140803756,1182.0,0.012500803303743924,884.0,0.005042254536780977,0.005930629606427053
2023-01-24,867.0,1342.0,0.65,18183.95,18201.25,18078.65,18118.3,18118.3,0,-1,-56.337500000001455,100.80738235293975,18107.539999999997,18047.7525,18060.141550558972,18098.742157306187,-38.60060674721535,50.68834877736857,81.13057324840742,18277.4741021046,17818.030897895398,179.03792141684866,0.0036103266891957717,0.0067422094759388655,0.3234094616639338,0.6460506706408345,-475.0,-1.3798013637988937e-05,1013.0,0.005028386950046038,866.0,0.0005770977780354958,905.0,0.0036004497792647694,998.0,-1.3798013637988937e-05,0.0047679003537360225
2023-01-25,522.0,1715.0,0.3,18093.35,18100.6,17846.15,17891.95,17891.95,0,-1,-65.41191176470602,50.08370588235266,18052.86,18036.225,18034.265927396053,18083.42421972795,-49.15829233189652,42.82155811695493,29.640582347588648,18272.821550056222,17799.628449943775,185.68878417278788,0.011131161448819473,0.014063177907905232,0.1799960699548037,0.3043731778425656,-1193.0,-0.012492893924926696,867.0,-0.012506519561443885,1013.0,-0.007527326079661001,866.0,-0.015050632110033546,1182.0,-0.012492893924926696,0.006437760540250524
2023-01-27,390.0,1896.0,0.21,17877.2,17884.75,17493.55,17604.35,17604.35,0,1,-124.52838235294257,-25.092852941177995,17952.16,18006.892499999998,17968.125015488968,18047.93724048884,-79.81222499987416,35.32068764469611,15.656351561395953,18298.523239589493,17715.261760410503,200.88244244616027,0.015262457208064024,0.02188262143959908,0.2832310838445784,0.20569620253164558,-1506.0,-0.016074268036742945,522.0,-0.02836634783616565,867.0,-0.0283797544505493,1013.0,-0.027805620214437332,905.0,-0.016074268036742945,0.008704259036366114
2023-01-30,888.0,1377.0,0.64,17541.95,17709.15,17405.55,17648.95,17648.95,1,1,-203.4505882352969,-93.12294117647252,17876.420000000002,17984.075,17919.021166952203,18018.38263008226,-99.3614631300552,37.15901497829388,30.589418122408098,18310.653772271748,17657.496227728254,208.21941084286325,0.0060996639484207854,0.017307083876080036,0.8017127799736485,0.644880174291939,-489.0,0.0025334647402490695,390.0,-0.013581526887790352,522.0,-0.02590474823796929,867.0,-0.021006620385907282,866.0,0.0025334647402490695,0.00946114989003672
2023-01-31,1681.0,551.0,3.05,17731.45,17735.7,17537.55,17662.15,17662.15,1,0,-271.7570588235285,-127.4599705882334,17785.14,17957.31,17879.502525882635,17991.995027853944,-112.49250197130823,37.723181903426905,32.24833479954781,18297.029879604546,17617.590120395456,207.50016721123026,0.003908309811098318,0.011175059005326775,0.6288165531163324,3.0508166969147004,1130.0,0.0007479198479229954,888.0,0.0032832794167352297,390.0,-0.012843764933391788,522.0,-0.02518965369745363,1013.0,0.0007479198479229954,0.00856473593663051
2023-02-01,668.0,1568.0,0.43,17811.6,17972.2,17353.4,17616.3,17616.3,0,1,-337.7252941176448,-137.15064705882105,17684.739999999998,17926.4975,17839.009829593,17964.16576653143,-125.15593693843039,36.49749980040733,31.00784336852017,18272.50054691366,17580.494453086343,236.87872669614234,0.010964764535471226,0.0347414044779806,0.4248545572074954,0.4260204081632653,-900.0,-0.0025959466995808533,1681.0,-0.0018499684117185833,888.0,0.000678809498788624,390.0,-0.027706793683734077,867.0,-0.0025959466995808533,0.00825671167952381
2023-02-02,1038.0,1194.0,0.87,17517.1,17653.9,17445.95,17610.4,17610.4,1,1,-393.87485294117505,-127.60761764705751,17628.43,17904.87,17803.839086578693,17937.96089493651,-134.12180835781692,36.33390145167209,30.311965559945797,18272.454551360013,17537.285448639985,234.81238907498937,0.0053262240896040395,0.011871257228650903,0.7908150997836025,0.8693467336683417,-156.0,-0.0003349170938277135,668.0,-0.002929994366484223,1681.0,-0.0021842659195022707,888.0,-0.01573612714097672,522.0,-0.0003349170938277135,0.007462636663186348
2023-02-03,800.0,1455.0,0.55,17721.75,17870.3,17584.2,17854.05,17854.05,0,0,-367.9960294117627,-53.035264705881104,17678.370000000003,17897.965000000004,17811.563842489664,17931.74527308936,-120.18143059969589,46.916136672846434,59.04936014625213,18263.916719627803,17532.013280372204,238.47578985534716,0.007465402683143553,0.016144003837092757,0.9432016777350574,0.5498281786941581,-655.0,0.0138355744332892,1038.0,0.013496023569080862,668.0,0.01086504191165849,1681.0,0.014183994296864233,390.0,0.0138355744332892,0.00642267461325532
2023-02-06,1172.0,1071.0,1.09,17818.55,17823.7,17698.35,17764.6,17764.6,1,0,-310.288235294116,26.04005882352942,17701.5,17893.2225,17804.338635952794,17919.36414174941,-115.02550579661693,44.023134575378904,48.499144895912934,18263.48086853952,17522.96413146048,232.56323343710815,0.0030277435593805743,0.007034803617578433,0.5285201435979167,1.0943043884220356,101.0,-0.005010067743733249,800.0,0.008756189524371738,1038.0,0.008418339832995558,668.0,0.006552797758506701,888.0,-0.005010067743733249,0.007333308659122124
2023-02-07,946.0,1293.0,0.73,17790.1,17811.15,17652.55,17721.5,17721.5,1,1,-274.4219117647044,62.439352941176196,17713.370000000003,17874.2375,17791.594230421597,17904.70753865686,-113.11330823526441,42.65820363821782,43.41569853157978,18238.786994408576,17509.688005591423,227.28014533445773,0.0038560772564515404,0.008915070741592358,0.43474148802017515,0.731631863882444,-347.0,-0.00242617340103346,1172.0,-0.007424085851669426,800.0,0.006308772089219872,1038.0,0.003360293056054786,1681.0,-0.00242617340103346,0.0075308576647494544
2023-02-08,1348.0,865.0,1.56,17750.3,17898.7,17744.15,17871.7,17871.7,1,1,-228.0902941176464,86.84397058823453,17764.45,17872.114999999998,17803.91819497212,17902.26253579339,-98.34434082126972,48.63507266475449,61.131096302412004,18236.20427490184,17508.025725098156,223.70299209628223,0.0068393210255602134,0.008706895094730752,0.8252992559042373,1.5583815028901735,483.0,0.008475580509550662,946.0,0.006028843880526491,1172.0,0.000988571220535528,800.0,0.014497936570108338,668.0,0.008475580509550662,0.007938443639490776
2023-02-09,1047.0,1182.0,0.89,17885.5,17916.9,17779.8,17893.45,17893.45,0,1,-158.24867647059,109.5603529411739,17821.06,17872.0025,17817.692318822563,17901.60975536425,-83.9174365416875,49.45663516500108,63.69640856283543,18236.063944640253,17507.941055359744,217.51706408940507,0.0004444941433004796,0.007665427301445427,0.8289569657184511,0.8857868020304569,-135.0,0.0012170078951638796,1348.0,0.009702903253110629,946.0,0.007253188926291676,1172.0,0.0160728887475583,1038.0,0.0012170078951638796,0.007809238127088305
2023-02-10,1100.0,1118.0,0.98,17847.55,17876.95,17801.0,17856.5,17856.5,1,0,-133.668382352942,87.27511764705778,17821.55,17871.917500000003,17823.6627313114,17898.268292003937,-74.60556069253653,48.05054832798725,59.33832635489761,18235.99258878465,17507.842411215355,208.58370236873333,0.0005014693893560028,0.004255486047104545,0.7307439104674057,0.9838998211091234,-18.0,-0.0020650014390740656,1047.0,-0.0008505066669651784,1348.0,0.007617865304855753,946.0,0.0001372237671564136,800.0,-0.0020650014390740656,0.0052096203714424374
2023-02-13,634.0,1618.0,0.39,17859.1,17880.7,17719.75,17770.9,17770.9,1,0,-122.03573529411369,61.2572647058856,17822.809999999998,17862.6325,17815.545388032726,17888.833603707346,-73.28821567462,44.86804593800792,49.24220086100144,18227.06700340706,17498.19799659294,205.181295056681,0.004938658723003796,0.009012212261536177,0.31780055917987715,0.39184177997527814,-984.0,-0.004793772575812594,1100.0,-0.0068488748676190925,1047.0,-0.005640202107242143,1348.0,0.0003546378753251922,1172.0,-0.004793772575812594,0.005157861542817256
2023-02-14,756.0,1480.0,0.51,17840.35,17954.55,17800.05,17929.85,17929.85,0,-1,-87.6207352941201,58.31202941176235,17864.48,17864.3825,17833.13071295077,17891.871855284582,-58.741142333812604,51.31608076768982,77.14801927194851,18229.753957935005,17499.011042064994,203.64334540977507,0.005016717721345153,0.008660143999417053,0.8401294498381829,0.5108108108108108,-724.0,0.008944397863923426,634.0,0.00410774787892354,1100.0,0.00203426393456807,1047.0,0.011756905453827127,946.0,0.008944397863923426,0.006180980019625409
2023-02-15,1187.0,1014.0,1.17,17896.6,18034.1,17853.8,18015.85,18015.85,1,-1,-57.916470588235825,53.9815294117645,17893.309999999998,17862.510000000002,17861.241372496806,17901.0554215598,-39.814049062992126,54.42207832053151,97.3189363890113,18224.356367397206,17500.6636326028,201.97596359479107,0.006663276823530727,0.010074539297967172,0.8987798114254018,1.1706114398422092,173.0,0.004796470689938825,756.0,0.013783770096055692,634.0,0.008923921261165368,1100.0,0.0080658247396721,1348.0,0.004796470689938825,0.005445523088940767
2023-02-16,1234.0,983.0,1.26,18094.75,18134.75,18000.65,18035.85,18035.85,0,-1,-12.765588235295581,70.03579411764585,17921.79,17856.034999999996,17888.10423826653,17911.04020514796,-22.93596688143225,55.13888471362794,87.342420170218,18200.174548873056,17511.895451126937,197.12768048087733,0.003255087801710521,0.007410989375371229,0.2624906785980423,1.2553407934893184,251.0,0.0011101335768226583,1187.0,0.005911928989924542,756.0,0.01490920549887731,634.0,0.00795821934842067,1047.0,0.0011101335768226583,0.005447708811670081
2023-02-17,808.0,1407.0,0.57,17974.85,18034.25,17884.6,17944.2,17944.2,1,-1,17.59941176470238,70.14723529411495,17939.329999999998,17847.8525,17896.734355456294,17913.496486248114,-16.7621307918198,51.167612454954025,75.61272157163887,18175.017092328624,17520.687907671378,193.8507033036718,0.0017051602655931938,0.008325521492529922,0.39826261276312463,0.574271499644634,-599.0,-0.005081545921040487,1234.0,-0.003977053538966935,1187.0,0.0008003413302399842,756.0,0.0049113768095652155,1100.0,-0.005081545921040487,0.006084645834340966
2023-02-20,824.0,1421.0,0.58,17965.55,18004.35,17818.4,17844.6,17844.6,1,-1,46.8720588235301,65.6383235294139,17954.07,17838.7,17888.713685386094,17908.39304282233,-19.679357436234568,47.18990921632788,62.86555320918897,18155.30430350606,17522.095696493943,193.2863673534093,0.006732329374831315,0.010350365004132748,0.14089809088463295,0.5798733286418015,-597.0,-0.0055505400073562194,808.0,-0.010603880604462823,1234.0,-0.009505518751543818,1187.0,0.004147229459396939,634.0,-0.0055505400073562194,0.006271194729126798
2023-02-21,835.0,1389.0,0.6,17905.8,17924.9,17800.3,17826.7,17826.7,0,-1,53.88132352941466,44.34717647059151,17933.44,17824.1075,17879.173118403618,17902.341706316973,-23.168587913354713,46.490423096986625,55.27729384436707,18113.507078910472,17534.707921089524,188.38019825673737,0.004417563024271384,0.006958639100179952,0.2118780096308266,0.6011519078473722,-554.0,-0.0010031045806573324,824.0,-0.006548076815907078,808.0,-0.011596348383912991,1234.0,-0.005752976182176517,756.0,-0.0010031045806573324,0.004339124614809939
2023-02-22,450.0,1788.0,0.25,17755.35,17772.5,17529.45,17554.3,17554.3,1,-1,9.428235294119077,-13.574852941175049,17841.13,17795.9075,17829.192638649216,17876.56083918238,-47.36820053316478,37.404104237271916,4.10540227986099,18074.870809905737,17516.944190094266,196.15661266697043,0.011323347610720109,0.013688831816888954,0.10224233696769644,0.2516778523489933,-1338.0,-0.01528045011134993,835.0,-0.01626822680250606,824.0,-0.021728469366146252,808.0,-0.025619107619124226,1187.0,-0.01528045011134993,0.006308259180019906
2023-02-23,950.0,1256.0,0.76,17574.65,17620.05,17455.4,17511.25,17511.25,1,-1,-82.78073529411631,-91.7807941176463,17736.21,17776.8725,17780.278386549337,17849.500777020723,-69.22239047138646,36.199947147822705,8.221093692499988,18078.09060947147,17475.654390528533,193.90614033361524,0.003607468712037022,0.00936860762518729,0.33920437291223376,0.7563694267515924,-306.0,-0.00245239058236435,450.0,-0.017695367061766887,835.0,-0.01868072133866816,824.0,-0.029086513804450487,1234.0,-0.00245239058236435,0.00558226983289979
2023-02-24,906.0,1345.0,0.67,17591.35,17599.75,17421.8,17465.8,17465.8,0,1,-160.43132352941393,-133.82523529412066,17640.53,17769.945,17731.89709631098,17821.07849724141,-89.18140093043257,34.92172882402323,6.171540781260951,18092.34352031076,17447.54647968924,192.76641602407133,0.0071370304155166766,0.010115767124183234,0.24726046642315155,0.6736059479553903,-439.0,-0.0025954743379256184,950.0,-0.005041499803466909,450.0,-0.020244913528583597,835.0,-0.026660425095574092,808.0,-0.0025954743379256184,0.0057777509635501415
2023-02-27,496.0,1804.0,0.27,17428.6,17451.6,17299.0,17392.7,17392.7,0,1,-248.1323529411784,-162.5253823529434,17550.15,17757.1325,17679.71292764775,17789.34675670501,-109.6338290572603,32.90902316914621,11.211486688603138,18116.04609026034,17398.21890973966,190.9116720223519,0.0020598326887987456,0.008755723351273111,0.6140235910878219,0.2749445676274945,-1308.0,-0.004185322172474137,906.0,-0.006769933614105161,950.0,-0.009205721675031087,450.0,-0.025324187709447,824.0,-0.004185322172474137,0.005799680604088391
2023-02-28,1105.0,1154.0,0.96,17383.25,17440.45,17255.2,17303.95,17303.95,1,1,-332.1469117647066,-169.33429411764737,17445.6,17739.222499999996,17621.903246471174,17753.391441393527,-131.4881949223527,30.60289860060196,5.542607014950832,18147.6419332712,17330.803066728793,190.5072668778982,0.004561862712668763,0.010656810435332863,0.2631578947368421,0.9575389948006933,-49.0,-0.005102715507080524,496.0,-0.009266681171203106,906.0,-0.011838104075951095,950.0,-0.029323991540778693,835.0,-0.005102715507080524,0.005347238068937641
2023-03-01,1720.0,519.0,3.31,17360.1,17467.75,17345.25,17450.9,17450.9,0,1,-366.5169117647056,-128.5152647058814,17424.920000000002,17730.9525,17595.59505470638,17730.98466795697,-135.38961325059063,38.31122079430174,22.25001421181296,18155.377813186635,17306.527186813364,188.59960495804827,0.0052303846176002975,0.007056410965374624,0.8624489795918486,3.3140655105973025,1201.0,0.008492280664241347,1105.0,0.0033462314649250757,496.0,-0.0008530957642934878,906.0,-0.005890294685632402,450.0,0.008492280664241347,0.005513496650400285
2023-03-02,960.0,1282.0,0.75,17421.5,17445.8,17306.0,17321.9,17321.9,1,1,-384.8282352941169,-86.41708823529262,17387.05,17716.527500000004,17553.48812321309,17700.68209996016,-147.19397674706852,34.67052987660834,7.583423341481528,18174.635273862852,17258.419726137156,185.47820460390207,0.005717073730734928,0.008024567344947293,0.11373390557941014,0.748829953198128,-322.0,-0.007392168885272388,1720.0,0.001037335406077755,1105.0,-0.004070673328465335,496.0,-0.010813048754372057,950.0,-0.007392168885272388,0.006200761280687399
2023-03-03,1533.0,716.0,2.14,17451.25,17644.75,17427.7,17594.35,17594.35,1,-1,-369.4272058823517,-29.216882352939876,17412.760000000002,17703.5425,17559.77456579569,17692.805648111258,-133.0310823155669,46.28138951639965,38.55949064862692,18160.041429104524,17247.043570895476,195.29047570362326,0.008199985674378543,0.012437504476756638,0.7677954388389697,2.1410614525139664,817.0,0.015728644086387522,960.0,0.008220206407692165,1720.0,0.01678229537186593,1105.0,0.007360098020130712,906.0,0.015728644086387522,0.010078881108374078
2023-03-06,1409.0,867.0,1.63,17680.35,17799.95,17671.95,17711.45,17711.45,0,-1,-290.9530882352956,57.82138235293968,17476.510000000002,17700.885000000002,17583.10924798097,17694.186711214126,-111.07746323315587,50.36459794875663,51.87311693479624,18156.549267963353,17245.22073203665,196.02687029622174,0.0017590149516272125,0.007239675685153292,0.30859375,1.6251441753171858,542.0,0.006655545672332508,1533.0,0.022488872467800736,960.0,0.014930462039207004,1720.0,0.01832665428599345,496.0,0.006655545672332508,0.00970709391691798
2023-03-08,1212.0,1022.0,1.19,17665.75,17766.5,17602.25,17754.4,17754.4,1,-1,-214.96294117646903,110.37473529411875,17566.6,17702.53,17609.461671368514,17698.646954827895,-89.18528345938103,51.8114094730088,56.7562958330966,18158.717325995116,17246.34267400488,193.7570938464916,0.005018184905820668,0.009297652236672657,0.926331811263327,1.1859099804305284,190.0,0.002424984967351662,1409.0,0.00909667023788896,1533.0,0.02496839261281969,960.0,0.026031628616587588,1105.0,0.002424984967351662,0.008515747931820515
2023-03-09,904.0,1360.0,0.66,17772.05,17772.35,17573.6,17589.6,17589.6,0,-1,-148.87014705882393,132.9381764705875,17594.340000000004,17688.425,17606.40602961951,17690.56940261842,-84.16337299891165,46.24169556342706,42.924074192927044,18140.241347090916,17236.608652909083,194.11373000031364,0.010266120115574777,0.011183290616445487,0.08050314465408805,0.6647058823529411,-456.0,-0.009282206101023038,1212.0,-0.0068797303439301905,1409.0,-0.0002699730311150894,1533.0,0.007948014142536985,1720.0,-0.009282206101023038,0.010309408356613474
2023-03-10,768.0,1461.0,0.53,17443.8,17451.5,17324.35,17412.9,17412.9,1,-1,-125.24308823529645,104.64820588235088,17612.54,17664.3975,17576.63587121651,17670.00129872076,-93.36542750424996,41.135595771759746,21.05052392711756,18121.129898099345,17207.665101900653,199.19489214314837,0.0017714030199840528,0.007289122782879961,0.696421549351175,0.5256673511293635,-693.0,-0.010045708827943645,904.0,-0.01923466858919476,1212.0,-0.016856327404023874,1409.0,0.0052534652665123804,960.0,-0.010045708827943645,0.010938851165109427
2023-03-13,350.0,1957.0,0.18,17421.9,17529.9,17113.45,17154.3,17154.3,1,-1,-145.82514705882204,39.34573529411938,17524.530000000002,17629.2875,17511.661121798585,17631.801202519222,-120.14008072063734,35.037845960150406,5.03419804054452,18127.617564187967,17130.95743581203,214.71311413292352,0.015359977958776147,0.023903822200793293,0.09809100732380471,0.17884517118037813,-1607.0,-0.014851058697862074,768.0,-0.024747578114340252,904.0,-0.033800072094804734,1212.0,-0.025010869966779037,1533.0,-0.014851058697862074,0.009107963996108536
2023-03-14,677.0,1611.0,0.42,17160.55,17224.65,16987.1,17043.3,17043.3,1,0,-242.21808823529136,-66.79420588235081,17390.9,17592.9075,17439.6055645988,17588.20852085113,-148.60295625232902,32.79094037903181,6.91394476225633,18147.61849256603,17038.19650743397,216.34432026628633,0.006832531591353424,0.013842796413868024,0.23658177225847207,0.420235878336437,-934.0,-0.006470680820552244,350.0,-0.021225643057733223,768.0,-0.031058125255832958,904.0,-0.03772418407301503,1409.0,-0.006470680820552244,0.0063866022149279104
2023-03-15,982.0,1257.0,0.78,17166.45,17211.35,16938.9,16972.15,16972.15,1,1,-332.74970588234646,-133.7684705882304,17234.45,17545.0225,17367.689323891296,17542.57455634364,-174.8852324523432,31.400903945653,3.861564369084261,18139.07158675428,16950.97341324572,220.35186881869427,0.011318589457925155,0.015871074100935086,0.12204074142044542,0.781225139220366,-275.0,-0.004174661010484915,677.0,-0.010618328932104348,350.0,-0.02531169420372248,768.0,-0.04405950074347764,1212.0,-0.004174661010484915,0.004033708404982679
2023-03-16,871.0,1401.0,0.62,16994.65,17062.45,16850.15,16985.6,16985.6,1,1,-446.17073529411573,-187.72938235294134,17113.65,17493.510000000002,17308.906350984944,17501.317181799666,-192.41083081472243,31.98784020741185,14.26089703095359,18093.955806545935,16893.06419345407,219.77673533164463,0.0005325205285194405,0.012492166652446462,0.6380122468205255,0.6216987865810135,-530.0,0.0007924747306615743,982.0,-0.003385494593183269,677.0,-0.00983426895880335,350.0,-0.03433847273388824,904.0,0.0007924747306615743,0.005913719430384215
2023-03-17,1360.0,886.0,1.53,17111.8,17145.8,16958.15,17100.05,17100.05,0,-1,-494.62029411764524,-162.30350000000107,17051.079999999998,17446.72,17276.77460467957,17471.593686851542,-194.8190821719727,36.932710572455925,26.31080227416277,18015.854052221974,16877.58594777803,217.4819685222413,0.0006866606669082155,0.010966116948538308,0.7561950439648253,1.5349887133182845,474.0,0.006738060474755114,871.0,0.007535874948076504,982.0,0.0033297542142660674,677.0,-0.01796656501788918,768.0,0.006738060474755114,0.00808279749030564
2023-03-20,611.0,1692.0,0.36,17066.6,17066.6,16828.35,16988.4,16988.4,1,0,-551.5227941176454,-138.06647058823654,17017.9,17398.93,17232.40928088271,17435.801561899578,-203.39228101686604,34.31187144462875,16.4728283244136,17953.26943337869,16844.59056662131,221.35468505636695,0.004582049148629317,0.013960015468810425,0.6717733473242514,0.3611111111111111,-1081.0,-0.0065292206747932235,1360.0,0.00016484551620221666,871.0,0.0009574508827696615,982.0,-0.009671044577744259,350.0,-0.0065292206747932235,0.005686744457509163
2023-03-21,1311.0,928.0,1.41,17060.4,17127.7,17016.0,17107.5,17107.5,1,-1,-541.7167647058814,-68.36070588235452,17030.739999999998,17362.075,17213.192468439218,17411.482927684792,-198.2904592455743,39.26316900551811,28.730959242486705,17890.39401584044,16833.75598415956,215.49363612376925,0.0027607793486670034,0.0065473259712551125,0.8191584601611406,1.4127155172413792,383.0,0.007010666101575191,611.0,0.0004356712407274088,1360.0,0.007176667294649608,871.0,0.0037668761331433043,677.0,0.007010666101575191,0.00617034089708066
2023-03-22,1332.0,885.0,1.51,17177.45,17207.25,17107.85,17151.9,17151.9,0,0,-510.37147058823757,-1.4910588235325122,17066.690000000002,17328.335,17203.762857910107,17392.254562671103,-188.49170476099607,41.0471604147909,33.30074104569804,17818.46443198569,16838.20556801431,207.22623354350003,0.0014874151867709858,0.005786656343054496,0.4431589537223568,1.505084745762712,447.0,0.0025953529153881494,1311.0,0.009624214169668743,611.0,0.003032154876740245,1360.0,0.010590879764791117,982.0,0.0025953529153881494,0.005523639848994077
2023-03-23,800.0,1431.0,0.56,17097.4,17205.4,17045.3,17076.9,17076.9,0,1,-464.073970588237,48.38708823529237,17084.95,17304.465,17184.245495154704,17368.894965436208,-184.64947028150345,38.96516337150132,25.581515026760226,17794.750251765356,16814.179748234645,203.86007400467875,0.0011990127153836256,0.009363996865020539,0.19737663960026078,0.5590496156533893,-631.0,-0.0043726934042293,1332.0,-0.001788689171415947,1311.0,0.00520943702761878,611.0,0.0053751412961569045,871.0,-0.0043726934042293,0.006267265995957844
2023-03-24,553.0,1761.0,0.31,17076.2,17109.45,16917.35,16945.05,16945.05,1,1,-450.793382352942,52.90229411764665,17053.950000000004,17276.155,17147.446188207825,17337.49904207056,-190.0528538627368,35.55122903854313,12.011115685467319,17780.592929678787,16771.71707032121,203.02006871863043,0.0076802801560066905,0.011249575432473393,0.14419573138990324,0.3140261215218626,-1208.0,-0.007720956379670962,800.0,-0.012059888408864405,1332.0,-0.009495835160017618,1311.0,-0.009064300981576068,1360.0,-0.007720956379670962,0.006344070294437654
2023-03-27,513.0,1811.0,0.28,16984.3,17091.0,16918.55,16985.7,16985.7,1,1,-417.0907352941176,59.71852941176547,17053.41,17252.15,17122.562159252775,17311.43985376904,-188.87769451626446,37.373047260103895,16.66843220339006,17763.8456527064,16740.454347293602,200.83649238158546,8.24290668441711e-05,0.010153494698044708,0.3893882284720277,0.28326891220320266,-1298.0,0.0023989306611666983,553.0,-0.005340547757497038,800.0,-0.009689888583772066,1332.0,-0.00015893197711380758,611.0,0.0023989306611666983,0.005923938844693979
2023-03-28,595.0,1701.0,0.35,17031.75,17061.75,16913.75,16951.7,16951.7,1,1,-412.02544117646903,38.84555882353163,17022.25,17230.1,17096.275673213888,17284.792457193555,-188.5167839796668,36.445080612409754,13.066737288135824,17753.541315716127,16706.65868428387,197.0624572114722,0.004700045503251238,0.008689653147797495,0.2564189189189238,0.3497942386831276,-1106.0,-0.0020016837692883316,513.0,0.0003924449913101924,553.0,-0.0073315414390200395,800.0,-0.00910711676165421,1311.0,-0.0020016837692883316,0.004434671799397039
2023-03-29,1592.0,694.0,2.29,16977.3,17126.15,16940.6,17080.7,17080.7,1,1,-413.682499999999,17.850705882353964,17008.010000000002,17218.9375,17093.879415796368,17269.67449740144,-175.79508160507248,42.29907264550149,35.97035136483517,17745.117804528432,16692.757195471568,196.2401388392244,0.006090485530679287,0.010929299711968507,0.7550525464834276,2.2939481268011526,898.0,0.0076098562386073265,595.0,0.005592939943599662,513.0,0.008005287679883066,553.0,-0.004151143605081731,1332.0,0.0076098562386073265,0.0059804924654173934
2023-03-31,1632.0,661.0,2.47,17210.35,17381.6,17204.65,17359.75,17359.75,1,1,-363.79735294117927,47.68052941176211,17064.579999999998,17214.379999999997,17134.782582596927,17276.346756853185,-141.5641742562584,52.49292321295044,75.7465611859453,17733.9826764737,16694.777323526294,203.71584320785107,0.008680822876931699,0.010281603802362945,0.8765187906188251,2.4689863842662634,971.0,0.016337152458622883,1592.0,0.02407133207878842,595.0,0.022021465114772987,513.0,0.016563310671140474,800.0,0.016337152458622883,0.009204895718493544
2023-04-03,1783.0,525.0,3.4,17427.95,17428.05,17312.75,17398.05,17398.05,1,1,-278.61573529411544,98.42661764706065,17155.18,17218.1875,17175.2852621974,17285.361811901097,-110.07654970369549,53.70190571535341,94.9974987493747,17741.984957872442,16694.390042127558,197.40042583586165,0.0017156349427214018,0.0066158096620657775,0.7398091934084979,3.396190476190476,1258.0,0.0022062529702329137,1632.0,0.01857944931999267,1592.0,0.02633069249691755,595.0,0.026733470836616036,553.0,0.0022062529702329137,0.0070437156365551765
2023-04-05,1726.0,587.0,2.94,17422.3,17570.55,17402.7,17557.05,17557.05,0,1,-173.0222058823565,155.20644117646737,17269.45,17216.322500000002,17234.018298782416,17305.48686287139,-71.46856408897293,58.43135535537418,98.18108326596605,17734.989809046594,16697.65519095341,195.62182399044295,0.0077343404716943235,0.009634204439138263,0.9195710455764068,2.9403747870528107,1139.0,0.009138955227740997,1783.0,0.011365371045089834,1632.0,0.027888201303225113,1592.0,0.03363711828184868,513.0,0.009138955227740997,0.006992055062758199
2023-04-06,1531.0,767.0,2.0,17533.85,17638.7,17502.85,17599.15,17599.15,1,1,-47.40176470588267,207.9021470588239,17398.940000000002,17210.7075,17290.192406662045,17327.239687843878,-37.04728118183266,59.6079136011798,95.11939285493932,17709.877606550497,16711.537393449504,191.35240799112574,0.003724224856492038,0.007747870547541024,0.7088700772911399,1.9960886571056062,764.0,0.002397897141034555,1726.0,0.011558766643388285,1783.0,0.013790521176860304,1632.0,0.0381938094704366,595.0,0.002397897141034555,0.005806063398248502
2023-04-10,1227.0,1083.0,1.13,17634.9,17694.1,17597.95,17624.05,17624.05,1,0,83.8907352941169,239.6800000000003,17507.609999999997,17204.190000000002,17341.555113329425,17349.22563689248,-7.670523563054303,60.32320998762006,91.90874963904137,17677.530238727533,16730.84976127247,184.55223599175946,0.0006152572455756586,0.005452256604800584,0.2714508580343124,1.1329639889196677,144.0,0.0014148410576646508,1531.0,0.003816130842026366,1726.0,0.01298996151867593,1783.0,0.031810757170373405,1592.0,0.0014148410576646508,0.006415879534718295
2023-04-11,1426.0,843.0,1.69,17704.8,17748.75,17655.15,17722.3,17722.3,1,-1,176.41308823529835,224.16026470588622,17580.12,17210.825,17400.131249740283,17376.860774900444,23.270474839839153,63.099946289214465,97.12624945675786,17708.674685646816,16712.975314353185,180.2770762780624,0.000988432515476029,0.005286701911345994,0.7174145299145177,1.6915776986951365,583.0,0.005574768569085897,1227.0,0.006997497038209177,1531.0,0.009412173457385986,1726.0,0.020884517346159814,1632.0,0.005574768569085897,0.0032112572058829395
2023-04-12,1383.0,907.0,1.52,17759.55,17825.75,17717.25,17812.4,17812.4,0,-1,262.1602941176461,201.7522647058817,17662.99,17230.8,17463.5572113187,17409.122939722634,54.43427159606654,65.48543532324388,98.53618421052647,17787.998296837515,16673.601703162483,175.1501422582008,0.0029758636902400223,0.006109389032942839,0.8769585253456356,1.5248070562293274,476.0,0.005083990227002344,1426.0,0.010687100865011345,1227.0,0.012117062471767026,1531.0,0.023815887412669934,1783.0,0.005083990227002344,0.0030292944297623204
2023-04-13,1197.0,1049.0,1.14,17807.3,17842.15,17729.65,17828.0,17828.0,1,-1,325.7057352941192,165.55211764705965,17717.18,17264.484999999997,17519.625332654286,17440.15087011355,79.47446254073657,65.89652217539374,98.47587246876331,17877.74705092001,16651.222949079984,170.67513209690074,0.0011624446154105748,0.006317633779405076,0.8742222222222092,1.1410867492850334,148.0,0.0008757943904245113,1383.0,0.005964237147548568,1426.0,0.0115722549584234,1227.0,0.01543254703950847,1726.0,0.0008757943904245113,0.0021410180047316315
2023-04-17,1139.0,1158.0,0.98,17863.0,17863.0,17574.05,17706.85,17706.85,1,0,359.49323529411777,117.96061764705809,17738.72,17297.6625,17548.429127630552,17459.90636121625,88.52276641430217,59.92702928155548,83.55017118777967,17930.93981277349,16664.385187226508,179.12333694712217,0.008741532777249143,0.016175894306667455,0.45959508565495394,0.9835924006908463,-19.0,-0.006795490240071866,1197.0,-0.005925647301879722,1383.0,-0.0008717830078489586,1426.0,0.006119613731344842,1531.0,-0.006795490240071866,0.004957276796902745
2023-04-18,1176.0,1074.0,1.09,17766.6,17766.6,17610.2,17660.15,17660.15,0,1,366.8675000000003,68.73952941176395,17745.940000000002,17332.0625,17565.61695414893,17474.73922334838,90.8777308005483,57.75511084302229,78.63049776139073,17965.619502071328,16698.505497928672,177.500241450899,0.005991579705739821,0.008803034908198408,0.319373401534536,1.094972067039106,102.0,-0.0026373973914048943,1139.0,-0.009414965223244254,1197.0,-0.008547416406548214,1383.0,0.002048337357190899,1227.0,-0.0026373973914048943,0.005242689434428702
2023-04-19,1053.0,1200.0,0.88,17653.35,17666.15,17579.85,17618.75,17618.75,1,1,348.5694117647108,16.010176470592,17725.23,17363.72,17573.791268895246,17485.406688285537,88.38458060970879,55.82355874621875,74.26915986304978,17988.072766790217,16739.367233209785,170.98593849012073,0.001959967938096653,0.004888590550802137,0.4507531865585185,0.8775,-147.0,-0.002344260949086019,1176.0,-0.0049754755927789995,1139.0,-0.011737155037020441,1197.0,-0.005842921065550177,1426.0,-0.002344260949086019,0.004429326691133471
2023-04-20,1161.0,1079.0,1.08,17638.6,17684.45,17584.35,17624.45,17624.45,1,1,317.5133823529395,-26.11647058823803,17687.640000000003,17389.94,17581.584919834437,17495.70619285698,85.87872697745843,56.04153926360328,74.86963392151706,18011.838767162786,16768.04123283721,165.92265716939798,0.0008022178630955869,0.005675053575680734,0.4005994005994137,1.0759962928637627,82.0,0.000323518978361248,1053.0,-0.0020215003836321355,1176.0,-0.0046535662751984175,1139.0,-0.010551638184635448,1383.0,0.000323518978361248,0.0030464599451933802
2023-04-21,920.0,1343.0,0.69,17639.75,17663.2,17553.95,17624.05,17624.05,1,1,275.18735294117505,-58.33882352941362,17646.85,17421.722499999996,17588.11800909068,17505.213141534237,82.90486755644088,56.0206489525643,74.0947528187337,18022.914808228892,16820.5301917711,161.87461022872668,0.0008900352896158238,0.006193398432517467,0.6416475972539912,0.6850335070737156,-423.0,-2.2695743697065396e-05,1161.0,0.0003008158921602444,1053.0,-0.002044150247874521,1176.0,-0.01143986986762402,1197.0,-2.2695743697065396e-05,0.002845790001812879
2023-04-24,1222.0,1048.0,1.17,17707.55,17754.5,17612.5,17743.4,17743.4,1,1,258.3095588235301,-54.97988235294105,17654.16,17453.517499999998,17612.00754615365,17522.8566125317,89.15093362194966,60.72498488950278,81.8333713070557,18052.12975369481,16854.905246305185,160.45499521238906,0.0020245601452489013,0.008019178260120684,0.9218309859155032,1.166030534351145,174.0,0.006771996221073051,920.0,0.006749146781885429,1161.0,0.00707484923731827,1053.0,0.0020641729048365143,1139.0,0.006771996221073051,0.0037928203846210383
2023-04-25,1191.0,1043.0,1.14,17761.55,17807.45,17716.85,17769.25,17769.25,0,1,262.59926470588107,-29.836529411766264,17675.98,17484.385000000002,17636.19869289924,17541.10797456639,95.0907183328527,61.68104666720951,82.96228986824171,18081.2670646481,16887.502935351906,155.46535269721858,0.00043352072313512774,0.005100906170914261,0.578366445916117,1.1418983700862895,148.0,0.0014568797411995682,1222.0,0.008238741946374528,920.0,0.008215859218301702,1161.0,0.006177750472108112,1176.0,0.0014568797411995682,0.0033886295592209714
2023-04-26,1258.0,976.0,1.29,17767.3,17827.75,17711.2,17813.6,17813.6,0,1,280.3185294117684,1.5329117647095813,17714.95,17521.22,17663.491201683973,17561.29256904295,102.19863264102241,63.330326681093695,89.2678687812293,18103.72204154026,16938.717958459743,152.68568464741722,0.0026059108587123125,0.006559803684296392,0.8785928785928654,1.2889344262295082,282.0,0.002495884744713406,1191.0,0.003956400689833828,1222.0,0.01075518964142752,920.0,0.011059240865554987,1053.0,0.002495884744713406,0.0027388113951451625
2023-04-27,1381.0,884.0,1.56,17813.1,17931.6,17797.9,17915.05,17915.05,1,1,316.7260294117659,38.09788235294184,17773.07,17569.72,17702.192555271056,17587.496823187917,114.69573208313886,66.84564349827036,96.13994169096227,18112.422191260142,17027.01780873986,151.3295643154586,0.005723315986549266,0.007505712088294407,0.876215407629023,1.5622171945701357,497.0,0.00569508689989684,1258.0,0.008205185925123315,1191.0,0.009674019635469877,1222.0,0.016488457795845957,1161.0,0.00569508689989684,0.0028667526971612027
2023-04-28,1478.0,788.0,1.88,17950.4,18089.15,17885.3,18065.0,18065.0,1,1,385.0655882352912,84.46179411764388,17861.26,17623.685,17758.009085229358,17622.867428877704,135.1416563516541,71.23500048951223,95.48766816143471,18137.22308729105,17110.14691270895,155.0810240072117,0.006384258846599437,0.011356292895980155,0.8815305371596703,1.8756345177664975,690.0,0.008370057577288481,1381.0,0.01411281268244502,1258.0,0.01664392138103743,1191.0,0.025019788300645995,920.0,0.008370057577288481,0.002906710808366602
2023-05-02,1395.0,912.0,1.53,18124.8,18180.25,18101.75,18147.65,18147.65,0,1,463.1354411764696,121.56647058823438,17942.11,17683.4825,17817.953841347917,17661.7402119238,156.21362942411724,73.33080727400454,94.79482676033872,18146.09843063095,17220.866569369045,152.23595086383946,0.0012607035663843012,0.0043310822740113,0.5847133757961969,1.5296052631578947,483.0,0.004575145308607809,1478.0,0.0129834971155538,1381.0,0.018752526159788285,1258.0,0.02278311935705668,1222.0,0.004575145308607809,0.002724268351949696
2023-05-03,1098.0,1179.0,0.93,18113.8,18116.35,18042.4,18089.85,18089.85,0,1,514.627499999995,122.65288235293701,18006.23,17733.94,17859.784019602084,17693.45204807759,166.3319715244943,69.51626056469824,85.56602267284025,18139.140225318955,17328.739774681042,148.8798115164224,0.0013221963364948674,0.004082522717485955,0.6416497633536032,0.9312977099236641,-81.0,-0.003184985383782646,1395.0,0.0013755881538886072,1478.0,0.00975715948322775,1381.0,0.01804240471601215,1191.0,-0.003184985383782646,0.004340171869779186
2023-05-04,1533.0,734.0,2.09,18081.0,18267.45,18066.7,18255.8,18255.8,0,0,571.2313235294132,121.07414705882621,18094.67,17778.7425,17920.709555047917,17735.107451923694,185.6021031242235,73.73990094099288,98.36720392431654,18206.085579122064,17351.399420877937,152.58482497953509,0.009667606880150394,0.01110281510978375,0.9419676214196689,2.0885558583106265,799.0,0.009173652628407636,1098.0,0.0059594492950876266,1395.0,0.010561859950179775,1478.0,0.024823730183680004,1258.0,0.009173652628407636,0.0049093472784002175
2023-05-05,816.0,1447.0,0.56,18117.3,18216.95,18055.45,18069.0,18069.0,1,1,601.5647058823524,94.43979411764815,18125.46,17812.29,17943.52346965593,17759.84023326268,183.68323639325172,63.13569912309409,72.18640504555,18219.70243917991,17404.877560820092,155.99662319528247,0.0026659601596263943,0.00891413179668052,0.08390092879256515,0.5639253628196268,-631.0,-0.010232364508813596,1533.0,-0.0011525800379770246,1098.0,-0.00433389447118504,1395.0,0.008593333538003067,1381.0,-0.010232364508813596,0.008289268609290997
2023-05-08,1338.0,980.0,1.37,18120.6,18286.95,18100.3,18264.4,18264.4,1,1,610.852058823526,58.56985294117476,18165.340000000004,17847.6575,17992.889089708864,17797.21503079878,195.67405891008457,68.27505491649138,96.92360163710788,18282.206293892606,17413.108706107396,160.42186439561948,0.007935719567784893,0.010300431553039164,0.8791856415751454,1.3653061224489795,358.0,0.010814101499806439,816.0,0.0004710831626113521,1533.0,0.009649057344311984,1098.0,0.011037918627179621,1478.0,0.010814101499806439,0.008832233703843896
2023-05-09,989.0,1301.0,0.76,18303.4,18344.2,18229.65,18265.95,18265.95,1,0,604.3958823529429,23.86158823529695,18189.0,17880.997499999998,18034.898460522887,17831.9361396285,202.96232089438854,68.31279288061614,90.09807023093957,18336.00185104899,17425.993148951005,157.14530265307516,0.00204606794366078,0.006258400078673868,0.3168921868179791,0.760184473481937,-312.0,8.486454523559672e-05,1338.0,0.010899883778847874,816.0,0.0005559876861052082,1533.0,0.006518750361617087,1395.0,8.486454523559672e-05,0.008762060126090546
2023-05-10,1210.0,1053.0,1.15,18313.6,18326.75,18211.95,18315.1,18315.1,1,-1,603.7717647058853,5.408617647061305,18234.05,17915.55,18078.00638967321,17867.726055211573,210.2803344616368,69.5497234887319,96.31762100601048,18391.720191211618,17439.37980878838,154.12063817785545,8.190634282718854e-05,0.0062685654377074565,0.8985191637630529,1.1490978157644824,157.0,0.002690799000325539,989.0,0.0027758918989946313,1338.0,0.013620012175549201,816.0,0.012451733983421587,1098.0,0.002690799000325539,0.008391128049949674
2023-05-11,1337.0,894.0,1.5,18357.8,18389.7,18270.4,18297.0,18297.0,0,-1,598.7763235294151,-5.095823529409245,18242.29,17944.285,18111.69771433887,17899.5241251959,212.1735891429671,68.489433444519,88.90816631767865,18439.327380103467,17449.242619896533,151.63344973658,0.003311943696957112,0.0064986000501148986,0.2229673093042641,1.4955257270693512,443.0,-0.0009882555923800274,1210.0,0.001699884210785596,989.0,0.0017848930159216625,1338.0,0.0022568170115799813,1533.0,-0.0009882555923800274,0.007562204630646854
2023-05-12,969.0,1277.0,0.76,18273.75,18342.75,18194.55,18314.8,18314.8,1,-1,586.408235294115,-14.432617647061875,18291.45,17969.405000000002,18142.944219825196,17930.285301107317,212.65891871787971,68.9901081355165,90.36284096757574,18485.661179525734,17453.14882047427,151.38820332682434,0.0022463916820575566,0.008109993843628194,0.8114035087719258,0.7588097102584181,-308.0,0.000972837077116484,1337.0,-1.637992694547563e-05,1210.0,0.002674374998289153,989.0,0.013603409153799317,816.0,0.000972837077116484,0.0047239516522166805
2023-05-15,1242.0,1049.0,1.18,18339.3,18458.9,18287.9,18398.85,18398.85,1,0,584.0823529411791,-11.404558823528305,18318.340000000004,17997.9475,18182.314339852088,17964.99379732159,217.32054253049864,71.30834311277644,91.96870402567836,18542.141649613444,17453.753350386552,152.7890459463369,0.003247125026582218,0.009324238111596408,0.6488304093567081,1.1839847473784557,193.0,0.004589184703081672,969.0,0.005566486309230845,1337.0,0.004572729605625936,1210.0,0.007361314907689209,1338.0,0.004589184703081672,0.002203886062362311
2023-05-16,1095.0,1172.0,0.93,18432.35,18432.35,18264.35,18286.5,18286.5,1,0,561.3438235294125,-25.532676470588967,18322.45,18026.93,18198.34290295177,17988.809071594063,209.5338313577049,64.38001685311761,76.94262404707753,18567.75556281901,17486.10443718099,153.87554266445568,0.007912718671249111,0.009114410262391936,0.13184523809524676,0.9343003412969283,-77.0,-0.006106359908363723,1242.0,-0.0015451984187651036,969.0,-0.0005738645679619347,1337.0,0.0011250441395054267,989.0,-0.006106359908363723,0.004100104267884141
2023-05-17,978.0,1291.0,0.76,18300.45,18309.0,18115.35,18181.75,18181.75,1,1,517.9433823529434,-51.76744117646956,18295.78,18053.01,18195.790148651497,18003.100992216725,192.68915643477158,58.65761894343469,58.07110438729176,18570.368634409915,17535.65136559008,156.71657533128038,0.006486179301601913,0.01058170700720482,0.3428866511748048,0.7575522850503486,-313.0,-0.005728269488420423,1095.0,-0.011799650521635785,1242.0,-0.0072646165942297225,969.0,-0.007280877527286123,1210.0,-0.005728269488420423,0.004542586077557069
2023-05-18,913.0,1351.0,0.68,18287.5,18297.2,18104.85,18129.95,18129.95,1,1,457.2082352941179,-84.18897058823563,18262.370000000003,18078.57,18185.660895012807,18012.497215015486,173.1636799973203,56.006519821915134,42.65167364016745,18556.601699156545,17600.538300843455,159.2618199504748,0.008615174299384786,0.010518113465482006,0.1304912919157884,0.6757957068837898,-438.0,-0.0028490106837900653,978.0,-0.008560960271238316,1095.0,-0.014615043875024658,1242.0,-0.00912991200743285,1337.0,-0.0028490106837900653,0.00457120904884181
2023-05-19,1002.0,1270.0,0.79,18186.15,18218.1,18060.4,18203.4,18203.4,0,1,397.9613235294164,-105.74649999999747,18240.09,18107.5175,18188.38998808776,18026.63816205138,161.75182603638314,58.84674302911389,38.65546218487395,18539.991759665812,17675.04324033419,159.15026138258352,0.0009485240141536278,0.00867143403084199,0.9067850348763642,0.7889763779527559,-268.0,0.004051307367091583,913.0,0.0011907544653293467,978.0,-0.0045443359855630305,1095.0,-0.006082512503548965,969.0,0.004051307367091583,0.005205462145317153
2023-05-22,1161.0,1174.0,0.99,18201.1,18335.25,18178.85,18314.4,18314.4,1,1,337.3589705882332,-117.00417647059146,18223.200000000004,18142.035,18207.77614376657,18047.953853751278,159.8222900152905,62.75960308783602,65.3061224489796,18521.6137969559,17762.4562030441,158.9538141409705,0.006224898495146058,0.008592887243078795,0.8666879795396525,0.9889267461669506,-13.0,0.006097761956557646,1002.0,0.010173773231586525,913.0,0.00729577735916509,978.0,-0.004589960785592373,1242.0,0.006097761956557646,0.00565024093314553
2023-05-23,1155.0,1113.0,1.04,18362.9,18419.75,18324.2,18348.0,18348.0,0,1,302.71338235294024,-99.92367647059001,18235.5,18172.265,18229.349044725557,18070.179494214146,159.16955051141122,63.879166879949544,72.51208328169507,18514.503213965778,17830.02678603422,155.1249702737582,0.0008114186756994513,0.0052034264740318395,0.24908424908424337,1.0377358490566038,42.0,0.001834621936836589,1161.0,0.007943570981245207,1002.0,0.012027060195973993,913.0,0.0033631367402182644,1095.0,0.001834621936836589,0.004888016873448529
2023-05-24,1079.0,1191.0,0.91,18294.8,18392.6,18262.95,18285.4,18285.4,0,1,295.40250000000015,-62.726382352941414,18256.23,18198.072500000002,18237.972268613932,18086.12175390199,151.8505147119431,60.245233394903345,56.995910273887795,18488.82767961592,17907.317320384085,153.30532953991818,0.0005138072020463638,0.007086713164396322,0.17315850366371852,0.9059613769941226,-112.0,-0.003411816001744006,1155.0,-0.0015834534573887504,1161.0,0.004504652976916379,1002.0,0.0057007713778927105,978.0,-0.003411816001744006,0.004188339301861649
2023-05-25,1180.0,1070.0,1.1,18268.9,18338.1,18202.4,18321.15,18321.15,1,1,282.78132352940884,-40.46217647059092,18294.47,18223.45,18250.76884267333,18103.53125361295,147.23758906037983,61.58910731885539,65.43287327478042,18458.882151581904,17988.017848418098,152.0478060013524,0.0028600517819901577,0.007427923958202031,0.8750921149594881,1.102803738317757,110.0,0.001955111728482839,1079.0,-0.0014633747547415643,1155.0,0.0003685624426681411,1161.0,0.010546085344967926,913.0,0.001955111728482839,0.0035447527843061565
2023-05-26,1276.0,984.0,1.3,18368.35,18508.55,18333.15,18499.35,18499.35,1,0,311.6241176470576,5.648058823529595,18353.66,18252.665,18289.012097646664,18132.85116075273,156.1609368939353,67.48867658289284,97.94711592100842,18472.24706461021,18033.082935389793,154.57296271554137,0.0071318327449117645,0.009549034072194717,0.9475484606613407,1.2967479674796747,292.0,0.009726463677225405,1180.0,0.011700591728920129,1079.0,0.008248855461085558,1155.0,0.016257951811200044,1002.0,0.009726463677225405,0.004952617868595643
2023-05-29,1269.0,1052.0,1.21,18619.15,18641.2,18581.25,18598.65,18598.65,1,0,351.8576470588232,42.98185294117718,18410.510000000002,18279.3475,18336.648698008714,18167.35477847475,169.29391953396407,70.23237470708979,92.67389807162546,18528.87896790231,18029.81603209769,153.66417966443143,0.0011010169637174628,0.003219803267066473,0.29024186822354037,1.206273764258555,217.0,0.005367756164405879,1276.0,0.015146429126992489,1180.0,0.017131153816706268,1079.0,0.0155205739745774,1161.0,0.005367756164405879,0.004857166922719195
2023-05-30,1085.0,1203.0,0.9,18606.65,18662.45,18575.5,18633.85,18633.85,0,0,372.64147058823437,49.780058823529544,18467.68,18303.6575,18382.371975238144,18201.909980069213,180.46199516893103,71.1614547370583,95.24956398970149,18589.257932901426,18018.057067098576,148.89888111697206,0.0014618429432486282,0.004673060438069224,0.6710753306497764,0.9019118869492935,-118.0,0.0018926104851695325,1269.0,0.007270525721174037,1276.0,0.01706770590274065,1180.0,0.0155793546980596,1155.0,0.0018926104851695325,0.004853474621503651
2023-05-31,1165.0,1113.0,1.05,18594.2,18603.9,18483.85,18534.4,18534.4,1,1,391.09897058823117,49.098264705880126,18517.480000000003,18325.885000000002,18405.760902124584,18226.53887043446,179.22203169012573,64.98980881690895,78.73100240843793,18610.660439774012,18041.109560225992,148.9775324657598,0.0032160566198061367,0.0064563143345776055,0.4210745522699016,1.0467205750224617,52.0,-0.005337061315831004,1085.0,-0.0034545518088678895,1269.0,0.0018946611637706834,1276.0,0.013617421549432907,1079.0,-0.005337061315831004,0.005529172761958239
2023-06-01,1386.0,919.0,1.51,18579.4,18580.3,18464.55,18487.75,18487.75,1,1,419.4479411764696,50.113911764706415,18550.8,18337.482500000002,18418.374609490034,18245.88784299487,172.48676649516347,62.262018856063605,70.98247653849333,18628.71559783313,18046.249402166875,146.6041372896341,0.004932882654983554,0.006230018192191351,0.20043196544277087,1.5081610446137106,467.0,-0.0025169414709945714,1165.0,-0.007840569715866441,1085.0,-0.005962798375151013,1269.0,0.00909331564885374,1180.0,-0.0025169414709945714,0.006023628193120918
2023-06-02,1473.0,832.0,1.77,18550.85,18573.7,18478.4,18534.1,18534.1,1,0,418.7188235294161,27.965852941181197,18557.75,18360.7375,18436.17851572234,18267.23689166192,168.9416240604187,63.884008164804996,78.68117266007768,18636.361618816696,18085.113381183302,142.9395560546602,0.000902923585711706,0.005137230908556712,0.5844700944385888,1.7704326923076923,641.0,0.002507065489310456,1386.0,-1.6186118784733416e-05,1165.0,-0.005353161048307298,1085.0,0.0018784443777755122,1276.0,0.002507065489310456,0.004265182690608689
2023-06-05,1350.0,984.0,1.37,18612.0,18640.15,18582.8,18593.85,18593.85,1,0,392.50558823529354,-6.376970588235395,18556.79,18377.21,18460.43566714967,18291.430455242516,169.00521190715517,65.91763781790456,88.60559754173204,18666.857003434317,18087.56299656568,140.30458776504182,0.0009751773049646172,0.0030813453685795285,0.19267654751523716,1.3719512195121952,366.0,0.003223787505193032,1473.0,0.005738935240902743,1386.0,0.003207549205801019,1165.0,-0.000258083247977825,1269.0,0.003223787505193032,0.003710415942917654
2023-06-06,1234.0,1062.0,1.16,18600.8,18622.75,18531.6,18599.0,18599.0,1,1,358.00514705882597,-37.9501470588213,18549.82,18393.8625,18481.753256818953,18314.213384483814,167.53987233513908,66.09484935835215,89.46100822190834,18694.110009354332,18093.614990645667,136.79354578182466,9.677003139645996e-05,0.004900326867661685,0.7394404827207941,1.1619585687382297,172.0,0.00027697330031184464,1350.0,0.0035016537085696964,1473.0,0.0060174980730483,1386.0,-0.0018702522559749246,1085.0,0.00027697330031184464,0.0035669469362761843
2023-06-07,1524.0,806.0,1.89,18665.6,18738.95,18636.0,18726.4,18726.4,0,0,355.417058823532,-33.401852941175434,18588.219999999998,18414.427499999998,18519.391217308344,18344.7457263739,174.64549093444293,70.21995058231903,98.15046790951304,18745.0820349356,18083.772965064396,137.01900679740865,0.0032573289902281693,0.005515493742499611,0.8780961631860206,1.8908188585607941,718.0,0.00684983063605582,1234.0,0.007128701156565276,1350.0,0.010375470079475368,1473.0,0.01035911602209949,1165.0,0.00684983063605582,0.0034865452930534775
2023-06-08,783.0,1527.0,0.51,18725.35,18777.9,18615.6,18634.55,18634.55,1,0,359.03647058823117,-17.700147058828577,18617.579999999998,18431.305,18537.10795310706,18366.212709605465,170.89524350159627,64.15925258578193,76.07044487104558,18770.607167541675,18092.002832458325,138.8247920261654,0.0048490415399444755,0.00866739473494503,0.11675908810844354,0.5127701375245579,-744.0,-0.004904840225564033,1524.0,0.001911393085649804,1234.0,0.002188895790812495,1350.0,0.007940392962907827,1386.0,-0.004904840225564033,0.004332524556385569
2023-06-09,1025.0,1283.0,0.8,18655.9,18676.65,18555.4,18563.4,18563.4,1,1,347.400588235294,-15.07238235294136,18623.440000000002,18443.735,18541.15288339828,18380.819175560613,160.33370783766804,59.84995598540889,62.72806255430061,18783.26861556476,18104.20138443524,137.56944973858216,0.004958216971574675,0.006499284408685723,0.06597938144329897,0.798908807482463,-258.0,-0.0038181764518058214,783.0,-0.008704289131920673,1524.0,-0.0019140814022258201,1234.0,0.0015808698561032841,1473.0,-0.0038181764518058214,0.0048860983658540165
2023-06-12,1368.0,963.0,1.42,18595.05,18633.6,18559.75,18601.5,18601.5,1,1,317.5824999999968,-29.905852941179205,18624.97,18453.8675,18550.43705518316,18397.165903296867,153.2711518862925,61.34710116188898,69.34839270199801,18799.47917843908,18108.25582156092,133.01806047154048,0.00034686650479567025,0.003971487035528194,0.5653351387948655,1.4205607476635513,405.0,0.0020524257409741953,1025.0,-0.0017735872344649684,783.0,-0.0066697282980178185,1524.0,0.00041142635871538324,1350.0,0.0020524257409741953,0.004738239345187129
2023-06-13,1394.0,936.0,1.49,18631.8,18728.9,18631.8,18716.15,18716.15,1,1,311.2116176470554,-26.918029411766497,18648.4,18475.35,18575.93135438575,18420.79435490451,155.13699948124122,65.51435546595616,89.27019982623806,18829.973020965186,18120.72697903481,132.61677043785912,0.004527206174390138,0.005211520089309792,0.868692070030899,1.4893162393162394,458.0,0.006163481439668939,1368.0,0.008228557268603831,1025.0,0.004378962733202707,783.0,0.0062987257379429895,1234.0,0.006163481439668939,0.0054706270524315925
2023-06-14,1230.0,1096.0,1.12,18744.6,18769.7,18690.0,18755.9,18755.9,1,1,291.44029411764495,-33.893999999999494,18654.3,18504.057500000003,18603.618838326405,18445.61699528195,158.0018430444543,66.84884258638431,95.05340078695896,18851.8540975588,18156.260902441205,128.83700112086925,0.0006028402846688065,0.00425189121133557,0.8268506900878401,1.1222627737226278,134.0,0.002123834228727528,1394.0,0.008300405881246142,1368.0,0.010369867588911452,1025.0,0.001575316131237292,1524.0,0.002123834228727528,0.0046050188923091595
2023-06-15,972.0,1374.0,0.71,18774.45,18794.1,18669.05,18688.1,18688.1,1,0,272.9104411764638,-35.19864705882719,18665.010000000002,18531.965,18616.61594012234,18463.57869933514,153.03724078720188,62.41250203679267,67.834926414808,18842.818989999283,18221.111010000717,128.5665010408071,0.004599335799450966,0.0066606478485387996,0.15233906437424538,0.7074235807860262,-402.0,-0.0036148625232594878,1230.0,-0.0014987056632909113,1394.0,0.004655538531838754,1368.0,0.002873694293664242,783.0,-0.0036148625232594878,0.004262263054450807
2023-06-16,1443.0,882.0,1.64,18723.3,18864.7,18710.5,18826.0,18826.0,1,-1,283.6850000000013,-11.680970588231162,18717.53,18563.094999999998,18648.828872411214,18490.42472160661,158.40415080460298,67.18286000565706,90.32862676496299,18860.507541595794,18265.6824584042,131.9974652521782,0.005485144178643761,0.008235727676210964,0.749027237354082,1.6360544217687074,561.0,0.007379027295444818,972.0,0.0037374906029568056,1230.0,0.005869262642156592,1394.0,0.014146115474535925,1025.0,0.007379027295444818,0.004314071965203905
2023-06-19,1014.0,1350.0,0.75,18873.3,18881.45,18719.15,18755.45,18755.45,0,0,305.01882352941175,12.165588235296298,18748.32,18585.1475,18665.232122809488,18510.056223709824,155.1758990996641,62.79219169952572,69.77692492204376,18870.698226620458,18299.59677337954,134.16193201987969,0.006244271007189974,0.008599450016690206,0.2236598890942664,0.7511111111111111,-336.0,-0.0037474768936576197,1443.0,0.003603897667499689,972.0,-2.3992450375653895e-05,1230.0,0.008276214283794436,1368.0,-0.0037474768936576197,0.0052504461301940385
2023-06-20,1301.0,1014.0,1.28,18752.35,18839.7,18660.65,18816.7,18816.7,1,0,299.2544117647085,8.792617647062457,18768.43,18608.5825,18688.53487314649,18532.770577509094,155.76429563739657,64.93479738262866,84.4686975293836,18889.32783882768,18327.83716117232,137.36822258988823,0.003431569909904742,0.009548136633541891,0.8715442613795024,1.2830374753451677,287.0,0.0032657174314665305,1014.0,-0.0004939976628066667,1443.0,0.006881384410400315,972.0,0.005372365577322125,1394.0,0.0032657174314665305,0.004766837393408161
2023-06-21,1083.0,1231.0,0.88,18849.4,18875.9,18794.85,18856.85,18856.85,0,1,300.70352941176316,8.389088235293457,18788.620000000003,18637.155,18714.42950804703,18556.77646065657,157.65304739046042,66.30455431956622,93.89653889095591,18895.979958028525,18378.330041971472,133.34549240489642,0.0003952380447121441,0.004299871613950731,0.7649599012954691,0.8797725426482534,-148.0,0.002133742898595248,1301.0,0.005406428531440133,1014.0,0.0016386911717836128,1443.0,0.005382306367596179,1230.0,0.002133742898595248,0.004767381219639734
2023-06-22,691.0,1629.0,0.42,18853.6,18886.6,18759.5,18771.25,18771.25,0,1,298.79705882352573,1.3052941176436548,18805.25,18659.659999999996,18723.171122193642,18572.663389496825,150.50773269681667,60.84721728556213,67.50704225352153,18880.0889468252,18439.231053174793,132.89938580454657,0.004367866083930844,0.006741418084609759,0.09244689221085865,0.42418661755678333,-938.0,-0.004539464438652163,1083.0,-0.0024154075900663097,1301.0,0.0008424218027291985,1014.0,0.004449355472198935,972.0,-0.004539464438652163,0.005007078383746144
2023-06-23,600.0,1716.0,0.35,18741.85,18756.4,18647.1,18665.5,18665.5,1,1,266.6822058823527,-27.40899999999965,18773.15,18667.9675,18714.29864185616,18579.540175460024,134.7584663961352,54.84183463212618,37.71830985915534,18875.765055985306,18460.16994401469,132.27442967565048,0.004073770732344916,0.005831868252067054,0.1683440073193135,0.34965034965034963,-1116.0,-0.005633615236065759,691.0,-0.010147506078692858,1083.0,-0.008035415349131436,1301.0,-0.00852544353553597,1443.0,-0.005633615236065759,0.004095237904117697
2023-06-26,1288.0,1078.0,1.19,18682.35,18722.05,18646.7,18691.2,18691.2,1,1,231.80749999999898,-47.641441176470835,18760.3,18672.594999999998,18710.74500464752,18587.811273574098,122.93373107342268,55.97893280370775,41.002415458937335,18878.121484664305,18467.06851533569,128.2083989845325,0.0004737091425865688,0.004033218519083443,0.5905773059057845,1.1948051948051948,210.0,0.001376871768771215,600.0,-0.004264500233069124,691.0,-0.008784606124564664,1083.0,-0.0034256709383139183,1014.0,0.001376871768771215,0.004097265068496777
2023-06-27,1382.0,923.0,1.5,18748.55,18829.25,18714.25,18817.4,18817.4,1,1,221.3460294117649,-42.521235294116195,18760.44,18681.7725,18727.15346547098,18604.817845901944,122.33561956903577,61.151927804364256,79.10628019323741,18895.776454340725,18467.768545659274,128.91137048563726,0.003672283989962007,0.006133807681127341,0.8969565217391431,1.4972914409534128,459.0,0.0067518404382811426,1288.0,0.00813800862553915,600.0,0.0024585469800892934,691.0,3.7200996986674895e-05,1301.0,0.0067518404382811426,0.005108295810572372
2023-06-28,1169.0,1161.0,1.01,18908.15,19011.25,18861.35,18972.1,18972.1,1,1,223.70014705882568,-24.766441176467936,18783.489999999998,18703.657499999998,18764.837547706215,18632.023931390686,132.81361631552863,66.36910470644298,91.41164856860775,18941.136257520466,18466.17874247953,133.54984402237736,0.0033821394478040995,0.007927798330349687,0.738825883922608,1.0068906115417744,8.0,0.008221114500408966,1382.0,0.01502846259202184,1288.0,0.016426026626664036,600.0,0.006111837342928528,1083.0,0.008221114500408966,0.00632028017648355
2023-06-30,1309.0,1036.0,1.26,19076.85,19201.7,19024.6,19189.05,19189.05,1,1,256.8819117647072,16.798352941177285,18867.05,18738.722499999996,18830.10100190526,18673.285121658046,156.8158802472135,72.04006137195161,98.02944154529146,19037.513245294198,18439.931754705794,140.41056944935056,0.00588147414274373,0.00928350330374261,0.9285714285714213,1.2635135135135136,273.0,0.011435212759789426,1169.0,0.019750337453633193,1382.0,0.026635529019003457,1288.0,0.02225744156622489,691.0,0.011435212759789426,0.006697657075354448
2023-07-03,1281.0,1065.0,1.2,19246.5,19345.1,19234.4,19322.55,19322.55,1,0,347.5304411764664,91.27723529411378,18998.46,18778.145,18905.862386227527,18721.378816350043,184.48356987748411,74.85038034749921,96.838637319501,19156.108241464648,18400.181758535353,141.52767163153976,0.003951367781154977,0.00575169511339709,0.7962962962962975,1.2028169014084507,216.0,0.0069570927169402275,1309.0,0.018471861312137294,1169.0,0.026844835099429032,1382.0,0.03520130722455872,600.0,0.0069570927169402275,0.003634278779671376
2023-07-04,996.0,1318.0,0.76,19406.6,19434.15,19300.0,19389.0,19389.0,1,0,454.1079411764731,153.39464705882563,19138.02,18817.902500000004,18980.191249884832,18770.83223736115,209.35901252368058,76.13613635958767,94.26630262238854,19269.97485424594,18365.83014575407,141.0006950864299,0.0009069079591478438,0.006912596745437195,0.6634364517331274,0.7556904400606981,-322.0,0.0034389870902133968,1281.0,0.01042000515919228,1309.0,0.021974372894935312,1169.0,0.03733307652799178,1288.0,0.0034389870902133968,0.0028833751135636456
2023-07-05,1364.0,921.0,1.48,19405.95,19421.6,19339.6,19398.5,19398.5,0,0,541.5124999999971,176.76591176470322,19254.239999999998,18857.877500000002,19044.546442210245,18817.32614570477,227.22029650547483,76.3225064315836,95.47272842720155,19363.656544122492,18352.098455877513,136.78635972311346,0.00038390287514915414,0.0042255081560037,0.718292682926847,1.48099891422367,443.0,0.0004899685388621844,996.0,0.003930640624555393,1281.0,0.01091507917275747,1309.0,0.03088099312338577,1382.0,0.0004899685388621844,0.004250038629356979
2023-07-06,1380.0,905.0,1.52,19385.7,19512.2,19373.0,19497.3,19497.3,0,0,606.2555882352935,164.9979117647061,19359.28,18896.4225,19114.20083571636,18867.69457935627,246.50625636009136,78.22696854281455,98.27845176198713,19469.296424588523,18323.548575411478,136.95876260003396,0.005756820749315141,0.007180550612049125,0.8929597701149327,1.5248618784530388,475.0,0.0050931773075237885,1364.0,0.005585641343029524,996.0,0.009043837381712105,1281.0,0.027682755203693787,1169.0,0.0050931773075237885,0.004088462415496765
2023-07-07,876.0,1419.0,0.62,19422.8,19523.6,19303.6,19331.8,19331.8,1,1,628.8647058823517,113.21047058823535,19387.829999999998,18931.285,19147.677630221537,18902.072758663213,245.6048715583238,68.31463118390815,78.12749458319081,19520.791768492487,18341.778231507513,142.8902795571744,0.004685215313960912,0.011326894165619788,0.12818181818182148,0.6173361522198731,-543.0,-0.008488354797843822,1380.0,-0.0034384101863546013,1364.0,-0.002950126360307448,996.0,0.007439138466990292,1309.0,-0.008488354797843822,0.006067079888060761
2023-07-10,900.0,1454.0,0.62,19400.35,19435.85,19327.1,19355.9,19355.9,1,1,614.1383823529432,45.16255882353141,19394.5,18970.91,19179.711840956683,18935.689591354825,244.02224960185777,68.93198872249414,80.87581252138243,19562.711801787096,18379.108198212904,140.45168816023337,0.0022911957773956186,0.0056055689716938105,0.2648275862069233,0.6189821182943603,-554.0,0.0012466505964268126,876.0,-0.007252286213988546,1380.0,-0.0021960460860375175,1364.0,0.0017259626705585784,1281.0,0.0012466505964268126,0.005267339842108252
2023-07-11,1325.0,964.0,1.37,19427.1,19515.1,19406.45,19439.4,19439.4,1,1,600.8548529411746,2.5296470588225475,19404.579999999998,19012.805,19219.663865424885,18973.001473476692,246.66239194819354,71.03754781833928,90.3979929296388,19612.648675384222,18412.96132461578,141.79085329164508,0.0006331361860495345,0.005592702976769452,0.30326737229637724,1.3744813278008299,361.0,0.0043139301194985435,900.0,0.00556595867948162,876.0,-0.002969641950423818,1380.0,0.00259941203775349,996.0,0.0043139301194985435,0.005408017713844247
2023-07-12,1136.0,1140.0,1.0,19497.45,19507.7,19361.75,19384.3,19384.3,1,1,579.1225000000013,-26.7247058823516,19401.739999999998,19046.2125,19244.992501513363,19003.468030996934,241.52447051642957,67.77344844815538,84.11449424107656,19650.65361365248,18441.771386347522,142.08793519938476,0.005803322998648616,0.007485594270019963,0.154504967454602,0.9964912280701754,-4.0,-0.00283444962293089,1325.0,0.0014672528789669848,900.0,0.0027157326270703663,876.0,-0.0007320153620126169,1364.0,-0.00283444962293089,0.005614742493962264
2023-07-13,789.0,1519.0,0.52,19495.2,19567.0,19385.8,19413.75,19413.75,1,1,550.4074999999975,-44.27008823529616,19385.03,19079.105,19270.95519358823,19033.859287960124,237.09590562810627,68.60381653941803,83.34782136259913,19688.35198349557,18469.85801650443,144.98879697085732,0.004177951495752838,0.009294595592761332,0.1542494481236237,0.5194206714944042,-730.0,0.0015192707500399916,1136.0,-0.0013194851692954757,1325.0,0.0029887527833889482,900.0,-0.004285208721207523,1380.0,0.0015192707500399916,0.004973883198293963
2023-07-14,1509.0,753.0,2.0,19493.45,19595.35,19433.5,19564.5,19564.5,1,1,538.4085294117649,-38.1778235294114,19431.57,19122.925,19316.115933036195,19073.166007370484,242.9499256657109,72.50870568022323,96.74801033046975,19739.403545043093,18506.446454956906,147.60388290151027,0.003644814027275791,0.008302788885497361,0.8093914118010577,2.00398406374502,756.0,0.007765114931427508,789.0,0.009296182993453472,1136.0,0.0064353838081421255,1325.0,0.012037161567986399,876.0,0.007765114931427508,0.0039355090624563025
2023-07-17,1402.0,962.0,1.46,19612.15,19731.85,19562.95,19711.45,19711.45,1,0,561.1177941176502,-4.864441176467494,19502.68,19167.197500000002,19376.936558722933,19120.446303120818,256.4902556021152,75.68359229623546,97.99528301886814,19818.231311313553,18516.16368868645,149.1250341228308,0.005063187870784145,0.008612008372360898,0.8792184724689279,1.4573804573804574,440.0,0.007511053183061112,1509.0,0.015334492305711267,789.0,0.016877060301377922,1136.0,0.01836907609566074,900.0,0.007511053183061112,0.004440458186913713
2023-07-18,894.0,1402.0,0.64,19787.5,19819.45,19690.2,19749.25,19749.25,1,0,586.520441176468,23.4050882352916,19564.65,19216.8875,19434.215549688633,19167.0243547415,267.1911949471323,76.43740431347206,92.67299864314784,19886.079894512557,18547.695105487444,147.70538882834288,0.0019330385344283006,0.006531901452937461,0.45686653771759594,0.637660485021398,-508.0,0.0019176671427012515,1402.0,0.009443124025658722,1509.0,0.01728156590045704,789.0,0.01593927796125394,1325.0,0.0019176671427012515,0.004480689669291489
2023-07-19,1341.0,912.0,1.47,19802.95,19851.7,19727.45,19833.15,19833.15,0,0,620.8522058823546,49.39091176470754,19654.420000000002,19267.71,19495.590080505768,19216.366995131022,279.223085374746,78.06294139176804,97.75722403578779,19961.54906030033,18573.870939699667,146.03000391203267,0.001525025311885387,0.006274317715289893,0.8507042253521185,1.4703947368421053,429.0,0.004248262592250418,894.0,0.006174076488538516,1402.0,0.013731503488461305,1509.0,0.02315533705111883,1136.0,0.004248262592250418,0.0029707493229676474
2023-07-20,1158.0,1093.0,1.06,19831.7,19991.85,19758.4,19979.15,19979.15,0,-1,660.8119117647075,67.26973529411839,19767.5,19323.825,19569.98391427411,19272.869439936134,297.1144743379773,80.57438844834638,98.32332167139784,20056.139997455637,18591.510002544364,152.2742893468873,0.007435066081072259,0.01177155765768931,0.9455986292568119,1.059469350411711,65.0,0.007361412584486082,1341.0,0.011640948390445383,894.0,0.013580938997384884,1402.0,0.029123688107655754,789.0,0.007361412584486082,0.0025836052676218094
2023-07-21,937.0,1309.0,0.72,19800.45,19887.4,19700.0,19745.0,19745.0,1,-1,679.3830882352922,57.645999999997684,19803.6,19372.5125,19596.909465924247,19307.842074014938,289.06739190930966,67.2726051688891,64.32030064320314,20080.476633889175,18664.548366110826,161.336840107824,0.002800441404109539,0.00946443136393372,0.2401280683030931,0.7158135981665393,-372.0,-0.011719717805812602,1158.0,-0.004444578899468921,1341.0,-0.00021519804549541277,894.0,0.009225893838329613,1509.0,-0.011719717805812602,0.007942224690312732
2023-07-24,1090.0,1249.0,0.87,19748.45,19782.75,19658.3,19672.35,19672.35,1,0,661.3889705882393,19.597647058826965,19795.780000000002,19422.855000000003,19608.5157019359,19334.84266112494,273.6730408109579,63.755720336770054,53.5779150018162,20062.450900470332,18783.259099529674,158.70206581440806,0.003853466980953046,0.006301760391321887,0.11289674568098988,0.8726981585268214,-159.0,-0.003679412509496105,937.0,-0.015356008639006324,1158.0,-0.008107637969762882,1341.0,-0.0019836186581911885,1402.0,-0.003679412509496105,0.007518389477882928
2023-07-25,1116.0,1186.0,0.94,19729.35,19729.35,19615.95,19680.6,19680.6,1,0,612.7341176470582,-34.2999411764722,19782.05,19472.325,19619.605593945762,19360.454315856427,259.1512780893354,63.98596769893492,54.77660733745005,20025.060453448077,18919.589546551924,155.4662039705216,0.002470937968052673,0.005747781857993184,0.5701058201058118,0.9409780775716695,-70.0,0.00041937033450500927,1090.0,-0.0032615852114460386,937.0,-0.014943078158980883,1158.0,-0.0034760813701787407,894.0,0.00041937033450500927,0.007433578702664118
2023-07-26,1253.0,1055.0,1.19,19733.35,19825.6,19716.7,19778.3,19778.3,1,-1,577.1763235294093,-61.12255882353202,19771.079999999998,19520.37,19644.020117954104,19391.40584801521,252.61426993889472,66.68507028041822,68.97203051216864,19999.14132578973,19041.59867421027,154.71861797262721,0.002277869697745225,0.0055185764201211565,0.5656565656565636,1.1876777251184834,198.0,0.004964279544322769,1116.0,0.005385731750400913,1090.0,0.0016865029121295727,937.0,-0.002765571782596399,1341.0,0.004964279544322769,0.007557965743852571
2023-07-27,1085.0,1186.0,0.91,19850.9,19867.55,19603.55,19659.9,19659.9,0,-1,518.7083823529392,-91.1697941176484,19707.23,19554.760000000002,19646.463176730394,19411.294303717787,235.16887301260795,60.743649089667265,50.063933809703336,19964.961194048064,19144.55880595194,162.52443097458243,0.009621729997128592,0.013299145126921196,0.21344696969697796,0.9148397976391232,-101.0,-0.005986358787155477,1253.0,-0.0010517972013046606,1116.0,-0.000632867959343808,1090.0,-0.015979158272499072,1158.0,-0.005986358787155477,0.006331163490135447
2023-07-28,1169.0,1153.0,1.01,19659.75,19695.9,19563.1,19646.05,19646.05,1,-1,456.06029411764393,-109.15332352941402,19687.44,19577.61,19646.399611079563,19428.683614553505,217.715996526058,60.06943468531518,45.11982225043643,19953.23553374133,19201.984466258673,160.40125733354103,0.0006968552499396344,0.00675491804321026,0.6246234939758954,1.0138768430182135,16.0,-0.0007044796769059003,1085.0,-0.006686621195957199,1253.0,-0.0017555359084580058,1116.0,-0.005011395289946874,937.0,-0.0007044796769059003,0.004174852222978033
2023-07-31,1526.0,850.0,1.8,19666.35,19772.75,19597.6,19753.8,19753.8,1,-1,416.9755882352947,-99.35535294117437,19703.73,19599.172499999997,19662.922747836554,19452.766309771763,210.15643806479056,63.4667628079901,62.22028249484212,19963.084904945827,19235.260095054167,161.45473895257393,0.004446681768604786,0.00890607560630221,0.891807022552095,1.795294117647059,676.0,0.00548456305465983,1169.0,0.0047762196145453295,1085.0,-0.0012387313368692476,1253.0,0.004140328938840643,1090.0,0.00548456305465983,0.004683563451698682
2023-08-01,1375.0,966.0,1.42,19784.0,19795.6,19704.6,19733.55,19733.55,0,-1,401.002352941181,-72.98223529411263,19714.32,19616.4,19673.788478938623,19473.56510164052,200.2233772981017,62.39238736963202,57.37975414569762,19971.395856311676,19261.404143688327,156.42225759881867,0.0025500404367165756,0.004599676506267691,0.3181318681318761,1.4233954451345756,409.0,-0.0010251192175683155,1526.0,0.004453821506104294,1169.0,0.003746204202462744,1085.0,0.0026904667540623706,1116.0,-0.0010251192175683155,0.004759580439870187
2023-08-02,621.0,1742.0,0.36,19655.4,19678.25,19423.55,19526.55,19526.55,0,1,332.80382352941524,-92.30626470587958,19663.97,19622.802499999998,19651.136405255755,19477.48990892641,173.6464963293438,52.59169241495641,18.124230160126718,19966.279737198416,19279.32526280158,167.3920963417602,0.006555450410574304,0.012958271009493611,0.40439733019238205,0.35648679678530426,-1121.0,-0.010489749690248296,1375.0,-0.01150411566382159,1526.0,-0.006082647656908136,1169.0,-0.012728596492115107,1253.0,-0.010489749690248296,0.006023566851763641
2023-08-03,1135.0,1185.0,0.96,19463.75,19537.65,19296.45,19381.65,19381.65,1,1,248.94279411765092,-122.21417647058627,19608.32,19617.019999999997,19609.67695829333,19470.390656413343,139.28630187998715,47.023400169704374,12.251941328731808,19972.44030527033,19261.599694729663,172.66408946020596,0.004218097745809443,0.012392267677092067,0.3532338308457731,0.9578059071729957,-50.0,-0.0074206657089961325,621.0,-0.017832574473422014,1375.0,-0.01883941317619886,1526.0,-0.014153174736392327,1085.0,-0.0074206657089961325,0.006258062022271841
2023-08-04,1485.0,852.0,1.74,19462.8,19538.85,19436.45,19517.0,19517.0,1,0,199.98308823529442,-119.95844117647283,19582.510000000002,19626.28,19595.418964709737,19473.843200382726,121.57576432701171,52.12268444517217,31.715559390278973,19960.512424217726,19292.04757578227,171.5595116416196,0.002784799720492464,0.005261319029122111,0.7866210937500097,1.7429577464788732,633.0,0.006983409565233023,1135.0,-0.0004890776916557371,621.0,-0.010973697079339484,1375.0,-0.006568750461288575,1169.0,0.006983409565233023,0.007691465513127081
2023-08-07,1283.0,1093.0,1.17,19576.85,19620.45,19524.8,19597.3,19597.3,1,-1,154.75764705882102,-112.7402941176515,19551.21,19638.35,19595.70835475439,19482.988148502525,112.72020625186633,54.896498654744136,43.26287029048022,19949.276796848484,19327.423203151513,166.6945465243611,0.0010446011488058973,0.004885872854928217,0.7579717720857176,1.1738334858188473,190.0,0.004114361838397196,1485.0,0.011126503677447275,1135.0,0.0036232719041509043,621.0,-0.007922526298737465,1526.0,0.004114361838397196,0.007408810187790439
2023-08-08,1123.0,1225.0,0.92,19627.2,19634.4,19533.1,19570.85,19570.85,1,-1,96.970735294115,-109.72088235294433,19518.67,19644.9225,19591.883992484487,19489.496433798635,102.38755868585213,53.791015486931556,39.459303997698974,19944.0841811583,19345.7608188417,162.02350748690694,0.002871015733268229,0.005161204858563774,0.37265547877590244,0.916734693877551,-102.0,-0.0013496757206350463,1283.0,0.002759133063483077,1485.0,0.009761810784943314,1135.0,-0.008244841906296707,1375.0,-0.0013496757206350463,0.007404290015636249
2023-08-09,1284.0,1064.0,1.21,19578.8,19645.5,19467.5,19632.55,19632.55,0,-1,76.88117647058971,-78.62591176470451,19539.87,19657.335,19598.140301333027,19500.092994257997,98.0473070750304,56.01609455683015,56.87452407141012,19931.793064371333,19382.876935628665,163.16468552355644,0.002745316362596278,0.00909146627985372,0.9272471910112319,1.2067669172932332,220.0,0.003152647943242215,1123.0,0.001798717170222508,1283.0,0.005920479581903004,1485.0,0.005428506315759751,621.0,0.003152647943242215,0.0056239849054477145
2023-08-10,971.0,1356.0,0.72,19605.55,19623.6,19495.4,19543.1,19543.1,1,-1,83.71088235293792,-38.7498235294137,19572.159999999996,19663.8025,19589.672562666405,19503.278698387032,86.39386427937279,52.099300135414374,43.188583435475124,19920.518513278217,19407.086486721786,161.30649370044512,0.003185322523469157,0.006538964731925251,0.37207488299530556,0.7160766961651918,-385.0,-0.0045562089489139534,1284.0,-0.0014179251284436312,1123.0,-0.0027656871099590585,1283.0,0.008330044139688741,1135.0,-0.0045562089489139534,0.004590467957842203
2023-08-11,912.0,1440.0,0.63,19554.25,19557.75,19412.75,19428.3,19428.3,0,0,60.186764705882524,-34.314676470586704,19554.42,19656.9925,19564.846014563882,19497.724720728736,67.12129383514548,47.508045871190774,23.087025039397457,19930.557291728506,19383.427708271494,160.14174415041333,0.006441055013616003,0.007415267780661493,0.10724137931033981,0.6333333333333333,-528.0,-0.005874196007798149,971.0,-0.01040364089229362,1284.0,-0.00728379196611284,1123.0,-0.004544755853871041,1485.0,-0.005874196007798149,0.004468793010546062
2023-08-14,870.0,1485.0,0.59,19383.95,19465.85,19257.9,19434.55,19434.55,0,0,-1.8897058823531552,-65.06167647058756,19521.87,19643.1475,19544.800473861746,19493.045111785865,51.75536207588084,47.77786756844866,28.975641761666274,19931.893008144212,19354.401991855786,163.55661956824073,0.0026104070635757184,0.010727947606137917,0.8494830488098114,0.5858585858585859,-615.0,0.0003216956707483565,912.0,-0.005554390040474644,971.0,-0.010085292027780413,1284.0,-0.008304715445495048,1283.0,0.0003216956707483565,0.003651454052858746
2023-08-16,1208.0,1137.0,1.06,19369.0,19482.75,19317.2,19465.0,19465.0,0,0,-57.12191176470151,-89.4753529411726,19500.7,19628.935,19532.523477883013,19490.96769609802,41.55578178499127,49.149295733392385,33.97031083408501,19923.318671589408,19334.551328410595,163.6990038847949,0.004956373586659095,0.008547162992410515,0.892781636967683,1.0624450307827618,71.0,0.0015667972759854099,870.0,0.0018889969786342053,912.0,-0.0039962953676744295,971.0,-0.005408554048495495,1123.0,0.0015667972759854099,0.003935540501336449
2023-08-17,1105.0,1243.0,0.89,19450.55,19461.55,19326.25,19365.25,19365.25,0,0,-103.10073529411966,-99.45779411764889,19447.239999999998,19605.54,19506.78909667024,19481.655274164834,25.133822505405988,44.981884136969796,19.9646643109539,19905.602734438085,19305.477265561916,161.9169321787381,0.004385480102105045,0.006956101498415175,0.2882483370288264,0.8889782783588094,-138.0,-0.005124582584125403,1208.0,-0.003565814490173347,870.0,-0.0032452659265092,912.0,-0.01361514423750354,1284.0,-0.005124582584125403,0.003417977921820134
2023-08-18,914.0,1416.0,0.65,19301.75,19373.8,19253.6,19310.15,19310.15,1,0,-158.15926470587874,-106.14229411764464,19400.65,19572.090000000004,19476.53692795174,19468.951179782256,7.58574816948385,42.82195754572963,10.433579335793896,19846.126856277515,19298.053143722493,158.9371513088283,0.0004351937000531794,0.006227414612664692,0.47046589018304963,0.6454802259887006,-502.0,-0.0028453027975366973,1105.0,-0.007955304392499252,1208.0,-0.006400971465765792,870.0,-0.011919808014081545,971.0,-0.0028453027975366973,0.0032723995865216564
2023-08-21,1394.0,990.0,1.41,19320.65,19425.95,19296.3,19393.6,19393.6,1,0,-185.08352941176418,-84.01250000000073,19393.71,19554.52,19463.777400574552,19463.369610909496,0.4077896650560433,46.97477901638589,25.830258302583026,19827.015030043596,19282.024969956405,156.8452119296264,0.0037757528861605116,0.006710436760668065,0.7504820671037268,1.408080808080808,404.0,0.004321561458610956,914.0,0.001463962510166228,1105.0,-0.0036681222707424244,1208.0,-0.0017860543639948157,912.0,0.004321561458610956,0.0037071528464347856
2023-08-22,1476.0,867.0,1.7,19417.1,19443.5,19381.3,19396.45,19396.45,1,0,-176.3116176470612,-40.356205882356164,19386.09,19540.725,19453.419338947697,19458.412602693978,-4.993263746280718,47.11604613871039,33.6394677970097,19815.884547351096,19265.5654526489,150.08483964893887,0.0010634955786393344,0.0032033619850544487,0.24356913183281798,1.7024221453287198,609.0,0.00014695569672484865,1394.0,0.0044691522334108225,914.0,0.0016111333445218978,1105.0,-0.0019604261482770724,870.0,0.00014695569672484865,0.0037000312444694454
2023-08-23,1360.0,970.0,1.4,19439.2,19472.05,19366.6,19444.0,19444.0,1,0,-173.58058823529063,-14.333441176467744,19381.89,19528.895,19451.970209878822,19457.34500249442,-5.37479261559929,49.53187479124998,48.583822403674596,19799.28568567253,19258.50431432747,146.89663681687185,0.0002469237417177287,0.005424605950862213,0.7339971550497953,1.402061855670103,390.0,0.0024514795233148146,1476.0,0.0025987954789210566,1394.0,0.006931587791912497,914.0,-0.0010788594913948568,1208.0,0.0024514795233148146,0.003835488322366375
2023-08-24,1121.0,1203.0,0.93,19535.15,19584.45,19369.0,19386.7,19386.7,0,-1,-158.01926470588296,12.211588235292595,19386.18,19509.315000000002,19441.928639128233,19452.112039346684,-10.183400218451425,46.75980785921158,33.96274559836736,19760.673170940318,19257.956829059687,151.79330561566675,0.007599122607197832,0.011028837761675785,0.08215363193316624,0.9318370739817123,-82.0,-0.0029469245011314316,1360.0,-0.0005026693028878926,1476.0,-0.00035578747628073337,1394.0,0.001107654174358652,1105.0,-0.0029469245011314316,0.003210645594765158
2023-08-25,829.0,1525.0,0.54,19297.4,19339.55,19229.7,19265.8,19265.8,1,1,-160.04088235293602,10.566294117650983,19377.31,19489.61,19414.831925416198,19438.311147543223,-23.479222127025423,41.484356040073386,8.682058682058347,19752.19812729912,19227.02187270088,152.16521235740487,0.0016375262988797548,0.005692476706706527,0.3286299499317162,0.5436065573770492,-696.0,-0.006236234119267436,1121.0,-0.00916478090927797,1360.0,-0.00673576865869796,1476.0,-0.002296719600831776,914.0,-0.006236234119267436,0.004220717974508439
2023-08-28,1317.0,1075.0,1.23,19298.35,19366.85,19249.7,19306.05,19306.05,1,1,-168.45794117647165,-1.1758823529431481,19359.8,19472.61,19398.09624458294,19428.514025502984,-30.417780920044606,43.759255821046764,18.362193362193043,19736.505215186746,19208.714784813255,149.6641257604472,0.000398997841784439,0.006070467164291135,0.4810072556551395,1.2251162790697674,242.0,0.0020891943236200916,829.0,-0.004160068500570047,1121.0,-0.007094733593910774,1360.0,-0.00451437587657777,1394.0,0.0020891943236200916,0.003671821905457951
2023-08-29,1365.0,974.0,1.4,19374.85,19377.9,19309.1,19342.65,19342.65,1,1,-178.78867647059087,-11.01120588235645,19349.04,19452.0525,19389.56605310864,19422.153727317578,-32.58767420893855,45.821852505801964,27.164502164502387,19687.667861284994,19216.43713871501,144.10597392041544,0.0016619483505677254,0.0035509952335116357,0.487645348837231,1.4014373716632444,391.0,0.0018957787843707496,1317.0,0.003988933758266144,829.0,-0.0022721762858041172,1121.0,-0.002773703435422381,1476.0,0.0018957787843707496,0.0038740987087944414
2023-08-30,1476.0,855.0,1.73,19433.45,19452.8,19334.75,19347.45,19347.45,1,1,-182.69426470588587,-13.094058823532407,19329.730000000003,19432.747499999998,19383.086660322693,19416.620117886647,-33.53345756395356,46.10103521415654,29.89337395278006,19633.65552491054,19231.839475089455,142.2448329261,0.004425359367482356,0.006074577596875453,0.10758153324863029,1.7263157894736842,621.0,0.00024815627641494586,1365.0,0.002144405510189795,1317.0,0.004238079913629456,829.0,-0.0049655420695330355,1360.0,0.00024815627641494586,0.0035600110174299386
2023-08-31,1116.0,1211.0,0.92,19375.55,19388.2,19223.65,19253.8,19253.8,1,1,-211.8402941176464,-31.475882352940232,19303.15,19419.109999999997,19363.196404888433,19404.559368413564,-41.36296352513091,41.597226213260974,8.356430155210054,19629.501940431313,19208.71805956868,143.83805914566423,0.006283692591952229,0.008492662143784269,0.18322698268002402,0.921552436003303,-95.0,-0.004840431167931758,1476.0,-0.004593476074891578,1365.0,-0.002706405505010112,1317.0,-0.00685521517328902,1121.0,-0.004840431167931758,0.00390428882159989
2023-09-01,1452.0,927.0,1.57,19258.15,19458.55,19255.7,19435.3,19435.3,1,1,-192.71382352941146,-5.814823529410205,19337.05,19421.792500000003,19374.289265674826,19406.836452234784,-32.54718655995748,51.488789415962856,58.66130820399064,19631.57276187765,19212.012238122355,148.18891206383108,0.009198702886829618,0.010533202825816526,0.885383288143948,1.5663430420711975,525.0,0.009426710571419639,1116.0,0.004540650059826845,1476.0,0.004789933127053336,1365.0,0.008797973611269772,829.0,0.009426710571419639,0.00511753220492671
2023-09-04,1503.0,916.0,1.64,19525.05,19545.15,19432.85,19528.8,19528.8,1,1,-151.90999999999985,31.679411764707027,19381.6,19422.3825,19398.0601478787,19415.87078910628,-17.810641227581073,55.65547849365431,84.57594235033216,19633.293839840833,19211.471160159166,145.62541834498623,0.0001920609678336291,0.005751585783391229,0.8544078361531455,1.6408296943231442,587.0,0.004810833895026123,1452.0,0.014282894805181412,1116.0,0.009373328268066361,1476.0,0.011537833995042934,1317.0,0.004810833895026123,0.0053021969065848145
2023-09-05,1329.0,1059.0,1.25,19564.65,19587.05,19525.75,19574.9,19574.9,1,1,-103.49397058823524,65.03650000000053,19428.05,19421.2625,19425.266278974283,19427.650730653964,-2.3844516796816606,57.589649382832675,96.65657677490427,19628.655042955274,19213.869957044728,139.60217417748717,0.0005239040821072699,0.0031332019739683187,0.8017944535073742,1.254957507082153,270.0,0.002360616115685721,1503.0,0.007182806542734177,1452.0,0.01667722735252264,1116.0,0.01200714483279186,1365.0,0.002360616115685721,0.005297230422453625
2023-09-06,1189.0,1194.0,1.0,19581.2,19636.45,19491.5,19611.05,19611.05,0,1,-62.81867647058607,81.73667647058974,19480.769999999997,19423.2725,19453.848389901315,19441.235861716636,12.612528184679832,59.0962898609284,93.84689922480584,19637.10440003705,19209.44059996295,139.98416173623815,0.001524421383776201,0.007402508528588683,0.8247671610900219,0.9958123953098827,-5.0,0.0018467527292602703,1329.0,0.0042117283192004695,1503.0,0.009042824139581018,1452.0,0.013624534499378393,1476.0,0.0018467527292602703,0.005181780245838679
2023-09-07,1411.0,986.0,1.43,19598.65,19737.0,19550.05,19727.05,19727.05,1,1,11.513088235293253,111.39776470588113,19575.42,19427.9975,19495.879406839576,19462.407279367257,33.4721274723197,63.568747554210404,98.06175124184266,19663.224025871248,19192.770974128754,143.33886446936404,0.006551471657486501,0.009538922323731517,0.9467772131585949,1.4310344827586208,425.0,0.00591503259641879,1189.0,0.0077727089282702,1329.0,0.010151673425914609,1503.0,0.02457956351473478,1116.0,0.00591503259641879,0.003053531428605275
2023-09-08,1228.0,1145.0,1.07,19774.8,19867.15,19728.05,19819.95,19819.95,1,1,99.49338235293908,140.93661764705683,19652.35,19441.84,19545.73642117195,19488.891925340053,56.8444958318978,66.70826153457512,92.66511266511255,19729.312945854836,19154.367054145165,143.10751700726675,0.002283208932580934,0.007034205149988986,0.6606757728253057,1.0724890829694322,83.0,0.004709269759036516,1411.0,0.010652157839585508,1189.0,0.012518582470408601,1329.0,0.019791307569216876,1452.0,0.004709269759036516,0.0017411460198310808
2023-09-11,1295.0,1125.0,1.15,19890.0,20008.15,19865.35,19996.35,19996.35,1,1,182.68382352940898,157.20829411764498,19745.86,19470.2425,19615.061587145494,19526.481412351903,88.58017479359114,71.696000120027,98.49585723390658,19845.573671465227,19094.911328534774,146.32840864960488,0.0053469079939667446,0.007179487179487326,0.9173669467786928,1.1511111111111112,170.0,0.008900123360553236,1228.0,0.01365130620138344,1411.0,0.01964708671896709,1189.0,0.023941563229691543,1503.0,0.008900123360553236,0.002860088179809141
2023-09-12,325.0,2087.0,0.16,20110.15,20110.35,19914.65,19993.2,19993.2,0,0,263.90823529411864,164.95226470588386,19829.519999999997,19498.175,19673.23672758465,19561.053159585095,112.18356799955654,71.49002757741592,86.78809067328316,19936.57516936409,19059.77483063591,149.8549508889186,0.005815471291860116,0.009731404290867898,0.401379662749108,0.15572592237661714,-1762.0,-0.00015752874899654934,1295.0,0.008741192586257718,1228.0,0.013491626979198701,1411.0,0.021369202396947173,1329.0,-0.00015752874899654934,0.003528758718575872
2023-09-13,1504.0,881.0,1.71,19989.5,20096.9,19944.1,20070.0,20070.0,1,-1,347.87941176470486,166.7838235294119,19921.31,19528.425,19734.277231033167,19598.752925541758,135.5243054914099,73.48972370892747,95.44941919476726,20032.12243745473,19024.727562545268,150.06531153971036,0.004027114234973361,0.007644013106881258,0.8239528795811457,1.7071509648127128,623.0,0.0038413060440549707,325.0,0.003683172178922778,1295.0,0.012616076226226625,1228.0,0.02340262250108993,1189.0,0.0038413060440549707,0.003295198709615811
2023-09-14,1677.0,700.0,2.4,20127.95,20167.65,20043.45,20103.1,20103.1,1,-1,429.40205882352893,164.72867647058882,19996.52,19565.317499999997,19791.019195489604,19636.111968094217,154.90722739538614,74.32555705927047,93.16207627118614,20121.187932091387,19009.447067908608,148.21778928687397,0.0012346016360335842,0.00617052407224783,0.48027375201286204,2.395714285714286,977.0,0.0016492277030393243,1504.0,0.005496868935437993,325.0,0.005338474271554539,1295.0,0.01906265761986714,1411.0,0.0016492277030393243,0.003432452754735881
2023-09-15,1276.0,1104.0,1.16,20156.45,20222.45,20129.7,20192.35,20192.35,0,-1,489.0213235294141,146.44235294117897,20071.0,19609.427499999998,19852.76239618351,19677.314785272425,175.44761091108376,76.4789671539277,96.98638366039225,20215.085018300128,19003.76998169987,146.1558043378117,0.0017810675987089898,0.004601504729255399,0.675471698113184,1.1557971014492754,172.0,0.004439613790907959,1677.0,0.0060961634280018995,1504.0,0.009960886701478433,325.0,0.018789149316723597,1228.0,0.004439613790907959,0.0034164494001825635
2023-09-18,912.0,1499.0,0.61,20155.95,20195.35,20115.7,20133.3,20133.3,0,-1,518.942500000001,109.11179411764749,20098.39,19646.4125,19895.92202753989,19711.091467844835,184.83055969505585,72.16620091829044,91.07428914697621,20284.316603979172,19008.508396020825,141.40538974225356,0.0011237376556302956,0.003951686722779021,0.2209667294412935,0.6084056037358239,-587.0,-0.0029243748251194246,1276.0,0.0015022558709851808,1677.0,0.0031539611360238418,1504.0,0.006848749896856132,1295.0,-0.0029243748251194246,0.003015909858556787
2023-09-20,774.0,1581.0,0.49,19980.75,20050.65,19878.85,19901.4,19901.4,0,-1,503.07926470588063,45.41435294117474,20080.03,19671.659999999996,19896.764792533755,19725.188396152626,171.5763963811296,58.26926707321386,67.85642771325595,20307.961324529875,19035.358675470117,149.4800047606641,0.003971322397807817,0.008598275840496623,0.13125727590222658,0.48956356736242884,-807.0,-0.011518230990448575,912.0,-0.014408922190829565,1276.0,-0.010033278449592231,1677.0,-0.004591561130784405,325.0,-0.011518230990448575,0.006601797332521582
2023-09-21,662.0,1702.0,0.39,19840.55,19848.75,19709.95,19742.35,19742.35,1,-1,448.13014705882233,-29.584911764707044,20014.5,19686.5775,19873.008670605483,19726.459626067248,146.54904453823474,51.01343353729682,50.3387638996636,20314.767637198507,19058.38736280149,152.47786156347385,0.004949459566393106,0.00699577380667367,0.2334293948126656,0.3889541715628672,-1040.0,-0.00799190006733208,774.0,-0.01941807850675248,912.0,-0.02228566759193462,1276.0,-0.016325361235675184,1504.0,-0.00799190006733208,0.006597083706437715
2023-09-22,1084.0,1280.0,0.85,19744.85,19798.65,19657.5,19674.25,19674.25,1,0,363.48735294117796,-101.04476470588122,19928.73,19700.954999999998,19842.430413589253,19722.592246358563,119.83816723068958,48.24340749593802,30.572441742654608,20314.01379726049,19087.896202739506,151.66872859465437,0.003575615920100611,0.00714869953430902,0.11866808359900692,0.846875,-196.0,-0.0034494373770092013,662.0,-0.011413769885535774,774.0,-0.02280053443797092,912.0,-0.021332530803706784,1677.0,-0.0034494373770092013,0.006015168649104111
2023-09-25,1136.0,1260.0,0.9,19678.2,19734.15,19601.55,19674.55,19674.55,1,-1,256.5423529411746,-161.49397058823672,19825.170000000002,19721.392499999998,19816.602657652442,19719.033561443113,97.56909620932856,48.256736936908375,25.042752582255844,20301.42507949315,19141.359920506846,150.3066765521792,0.00018548444471554588,0.006738421197060818,0.5505279034690709,0.9015873015873016,-124.0,1.524835762478638e-05,1084.0,-0.0034342416176391666,662.0,-0.01139869556915607,774.0,-0.025643374842452715,1276.0,1.524835762478638e-05,0.004559414860872219
2023-09-26,1113.0,1275.0,0.87,19682.8,19699.35,19637.45,19664.7,19664.7,0,-1,156.30044117647412,-189.20747058823179,19731.45,19739.325,19793.2330180136,19715.00885318807,78.22416482553308,47.82125823704644,23.695191189547923,20288.22610630102,19190.423893698982,143.9919139413091,0.0009195846119453811,0.003144877761294014,0.44022617124395735,0.8729411764705882,-162.0,-0.0005006467746402343,1136.0,-0.0004854060510565139,1084.0,-0.003933169050290286,662.0,-0.02327487297164388,912.0,-0.0005006467746402343,0.004968810612771965
2023-09-27,1323.0,1051.0,1.26,19637.05,19730.7,19554.0,19716.45,19716.45,1,-1,90.09691176470733,-172.81452941176394,19694.46,19758.015,19781.42024601151,19715.115604803766,66.30464120774195,50.35600454832194,24.747174301011466,20276.213419621756,19239.816580378243,146.3282058026442,0.0040433771875104186,0.008998296587318398,0.9193548387096777,1.2588011417697431,272.0,0.0026316190941126916,1113.0,0.002129654807861092,1136.0,0.0021449356392237995,1084.0,-0.009293316048117228,774.0,0.0026316190941126916,0.004051713974439072
2023-09-28,858.0,1529.0,0.56,19761.8,19766.65,19492.1,19523.55,19523.55,1,1,57.958529411764175,-126.91858823529546,19650.7,19766.82,19741.747900471273,19700.92556000349,40.82234046778467,42.13871259492619,4.306154583418995,20262.301113059304,19271.338886940695,155.48690538816982,0.012056088008177394,0.013892965215719364,0.1145510835913327,0.5611510791366906,-671.0,-0.00978370852765087,1323.0,-0.007177836427710638,1113.0,-0.007674889641694493,1136.0,-0.011082773833915427,662.0,-0.00978370852765087,0.0047489969291812486
2023-09-29,1584.0,783.0,2.02,19581.2,19726.25,19551.05,19638.3,19638.3,0,-1,37.745588235295145,-81.98317647058794,19643.51,19786.045,19725.832838860308,19696.28662963286,29.546209227446525,47.61503788878051,20.017799685082533,20227.28043023933,19344.809569760666,158.8592692890149,0.0029160623455150116,0.008947357669601492,0.49800228310502076,2.0229885057471266,801.0,0.005877517152362177,858.0,-0.0039636952899736455,1323.0,-0.0013425071320691817,1113.0,-0.0018272615220402688,1084.0,0.005877517152362177,0.005848567342104187
2023-10-03,1114.0,1327.0,0.84,19622.4,19623.2,19479.65,19528.75,19528.75,0,1,12.514264705881942,-58.4088823529426,19614.35,19790.7175,19695.51240211257,19683.876508919315,11.63589319325547,43.3926184377593,6.6101238556810165,20218.779537879425,19362.655462120572,158.84432148265654,0.004772606816699356,0.0073156188845400795,0.3420411006617819,0.8394875659382065,-213.0,-0.005578385094432758,1584.0,0.0002663450038542514,858.0,-0.009519969365682002,1323.0,-0.00741058880635137,1136.0,-0.005578385094432758,0.006279838933879524
2023-10-04,669.0,1746.0,0.38,19446.3,19457.8,19333.6,19436.1,19436.1,1,1,-43.02058823529296,-74.07952941176409,19568.629999999997,19786.082499999997,19655.60280178756,19665.52269344381,-9.919891656249092,40.14982959044662,11.531754514259971,20227.196696408915,19344.96830359108,161.43758423389545,0.0005245213742460379,0.00638681908640722,0.8252818035426682,0.38316151202749144,-1077.0,-0.0047442872687705195,1114.0,-0.010296206901819427,1584.0,-0.004479205882127024,858.0,-0.011624891302689733,1113.0,-0.0047442872687705195,0.006401542875919288
2023-10-05,1497.0,879.0,1.7,19521.85,19576.95,19487.3,19545.75,19545.75,1,1,-68.9523529411781,-68.20144117647214,19534.489999999998,19784.625,19638.70237074332,19656.650642077602,-17.948271334280435,45.35462999663746,23.867919221466043,20228.703337119125,19340.546662880875,159.96704250290307,0.00122426921628849,0.004592290177416662,0.6519799219185698,1.7030716723549488,618.0,0.005641563893991064,669.0,0.0008705114254623503,1114.0,-0.004712729716930708,1584.0,-0.00865774518232243,1323.0,0.005641563893991064,0.007088224422005499
2023-10-06,1543.0,870.0,1.77,19621.2,19675.75,19589.4,19653.5,19653.5,0,0,-75.33220588235417,-47.92314705882454,19560.48,19786.747499999998,19640.978929090503,19656.417261182964,-15.438332092460769,49.959852283637446,35.9903245767003,20227.88313274064,19345.611867259355,157.82653946698142,0.0016461786231218923,0.004400852139522483,0.7423277359583048,1.7735632183908046,673.0,0.0055127073660514725,1497.0,0.011185371550876955,669.0,0.006388017666261181,1114.0,0.006656064086705493,858.0,0.0055127073660514725,0.00594530461515836
2023-10-09,527.0,1910.0,0.28,19539.45,19588.95,19480.5,19512.35,19512.35,1,1,-102.6179411764715,-47.136176470588545,19535.29,19776.0125,19621.18986307658,19645.745612206447,-24.555749129867763,44.651261518137375,20.74267478967218,20232.614870639365,19319.410129360636,158.91035807648274,0.0013869377080727545,0.005550309757951259,0.29368372521897956,0.27591623036649215,-1383.0,-0.007181926883252476,1543.0,-0.0017088113784327064,1497.0,0.0039231121469842645,669.0,-0.006413487929199602,1584.0,-0.007181926883252476,0.006311865181416109
2023-10-10,1795.0,617.0,2.91,19565.6,19717.8,19565.45,19689.85,19689.85,1,1,-92.82794117647427,-16.277735294120063,19567.510000000002,19769.5075,19631.752961064798,19649.01260389486,-17.25964283006033,51.61399856327236,49.68272784324643,20227.12651104902,19311.88848895098,162.2346182138769,0.006350431369342111,0.007786625505990031,0.816540859862153,2.9092382495948135,1178.0,0.009096802794127834,527.0,0.0018495433383365345,1543.0,0.007372446695573132,1497.0,0.008249375920117652,1114.0,0.009096802794127834,0.007162343954947341
2023-10-11,1599.0,807.0,1.98,19767.0,19839.2,19756.95,19811.35,19811.35,1,-1,-23.69632352940971,48.989029411767845,19642.559999999998,19760.2575,19659.38327474714,19661.03759619894,-1.6543214518023888,55.720202344988714,92.73997864699575,20206.499098546665,19314.015901453335,161.31428834145729,0.002243638387210935,0.004160975362978702,0.6613981762917668,1.9814126394052045,792.0,0.006170692006287615,1795.0,0.015323628368699715,527.0,0.00803164830691716,1543.0,0.019306856828273267,669.0,0.006170692006287615,0.0063362496405377
2023-10-12,1403.0,1000.0,1.4,19822.7,19843.3,19772.65,19794.0,19794.0,0,-1,20.042794117649464,74.9291176470615,19692.21,19750.297499999997,19680.093540170656,19670.88666314717,9.206877023487323,55.00239116284903,90.3276437119876,20184.01402893737,19316.580971062624,154.83826774563877,0.001447835057787321,0.0035640957084553475,0.30219391365887055,1.403,403.0,-0.0008757606119723649,1599.0,0.005289527345307521,1795.0,0.014434447926569671,527.0,0.012700970799278677,1497.0,-0.0008757606119723649,0.006542051626005933
2023-10-13,1127.0,1257.0,0.9,19654.55,19805.4,19635.3,19751.05,19751.05,0,-1,30.43235294117403,64.16576470588043,19711.719999999998,19734.35,19691.009918605938,19676.82468809923,14.18523050670774,53.17613101218432,81.90111830488526,20142.57899455879,19326.121005441208,155.9283914780933,0.004909804599952683,0.008654484584994425,0.6804820693709496,0.8965791567223548,-130.0,-0.0021698494493280762,1403.0,-0.0030437097926188095,1599.0,0.0031082004179818767,1795.0,0.004963492507695788,1543.0,-0.0021698494493280762,0.006572752522964762
2023-10-16,1299.0,1153.0,1.13,19737.25,19781.3,19691.85,19731.75,19731.75,1,-1,57.5097058823485,59.2175882352909,19755.6,19715.7825,19697.277623435795,19680.893229721507,16.384393714288308,52.335212546955844,78.11457720227602,20087.370905730695,19344.194094269307,151.1799349439438,0.00027866090767457473,0.004532039671180166,0.44605925097821275,1.126626192541197,146.0,-0.0009771632394226515,1127.0,-0.0031448923916338467,1403.0,-0.004017898830720679,1599.0,0.011244160749474208,527.0,-0.0009771632394226515,0.00504902366476179
2023-10-17,1480.0,926.0,1.6,19843.2,19849.75,19775.65,19811.5,19811.5,1,-1,76.88867647058578,44.653235294116165,19779.93,19696.739999999998,19714.850296753368,19690.56780529769,24.28249145567679,55.468919979190446,92.58936355710551,20001.758897117008,19391.721102882988,148.809939590805,0.0015975245928076484,0.0037342767295596747,0.4838056680161842,1.5982721382289418,554.0,0.004041709427698992,1299.0,0.003060596778399205,1127.0,0.0008841062948368172,1403.0,0.006178310144566934,1795.0,0.004041709427698992,0.0036462517373156127
2023-10-18,806.0,1601.0,0.5,19820.45,19840.95,19659.95,19671.1,19671.1,0,-1,55.394558823525585,7.340941176468917,19751.879999999997,19673.629999999997,19708.119481868234,19689.125745646008,18.99373622222629,49.32118183534033,65.38796861377489,19903.66215948748,19443.597840512513,151.1092296200332,0.00753514678021953,0.009131982371742316,0.06160220994473932,0.5034353529044348,-795.0,-0.007086793024253635,1480.0,-0.0030737263547329086,1299.0,-0.004047886061753769,1127.0,-0.007079275263927043,1599.0,-0.007086793024253635,0.0039685381918659526
2023-10-19,1132.0,1254.0,0.9,19545.2,19681.8,19512.35,19624.7,19624.7,0,-1,7.235147058825532,-38.256941176466356,19718.019999999997,19659.795000000002,19695.28571542697,19684.353468190748,10.932247236221883,47.44949659191053,56.39833381768892,19865.348301842794,19454.24169815721,152.41928464717375,0.0040674948324908415,0.008669647790761964,0.6630274417232322,0.9027113237639554,-122.0,-0.002358790306591807,806.0,-0.009428867072155067,1480.0,-0.00542526638539409,1299.0,-0.008553096898049839,1403.0,-0.002358790306591807,0.003973710624365025
2023-10-20,751.0,1647.0,0.46,19542.15,19593.8,19518.7,19542.65,19542.65,0,-1,-32.94735294117709,-65.76349999999874,19676.340000000004,19649.809999999998,19671.803297668972,19673.856914991433,-2.053617322460923,44.251536877772544,40.50179211469579,19857.739996870274,19441.88000312972,149.10362145808992,2.5585721120756926e-05,0.0038429753123376156,0.31890812250334477,0.4559805707346691,-896.0,-0.0041809556324428065,1132.0,-0.006529883941416403,806.0,-0.01357040102970486,1480.0,-0.010551337776978809,1127.0,-0.0041809556324428065,0.004130558131115225
2023-10-23,267.0,2223.0,0.12,19521.6,19556.85,19257.85,19281.75,19281.75,1,-1,-100.26955882352922,-101.52985294117533,19586.340000000004,19630.184999999998,19611.795098027593,19644.8119583254,-33.01686029780831,35.95369606265005,4.037844230444568,19892.23173456937,19368.138265430625,159.8105056396549,0.012286390459798303,0.015316367510859767,0.07993311036789784,0.12010796221322537,-1956.0,-0.013350287704072983,751.0,-0.01747542637594468,1132.0,-0.019792995816197312,806.0,-0.02280588391805083,1299.0,-0.013350287704072983,0.006376295817314352
2023-10-25,693.0,1737.0,0.4,19286.45,19347.3,19074.15,19122.15,19122.15,0,-1,-212.47999999999593,-155.8665588235257,19448.47,19602.565,19536.465082946426,19606.096257708705,-69.63117476227853,32.000592019852604,6.188757091284178,19944.388485293897,19260.7415147061,167.9061838082508,0.008518934277692332,0.014162793049005794,0.17572762218561372,0.39896373056994816,-1044.0,-0.008277256991714887,267.0,-0.021517040933547893,751.0,-0.02560803477250606,1132.0,-0.03479544708881199,1480.0,-0.008277256991714887,0.004226109299335706
2023-10-26,924.0,1509.0,0.61,19027.25,19041.7,18837.85,18857.25,18857.25,1,1,-356.47897058823946,-217.49082352941622,19285.7,19562.192499999997,19431.970454800823,19550.626164545098,-118.65570974427465,26.744500204815992,1.9171854926377534,20031.926763465486,19092.45823653451,176.22002782194735,0.008934554389099843,0.010713581836576603,0.09516801569782314,0.6123260437375746,-585.0,-0.013853044767455636,693.0,-0.022015636547512596,267.0,-0.03507200916968789,751.0,-0.04137287696163405,806.0,-0.013853044767455636,0.005209428439485585
2023-10-27,1918.0,475.0,4.04,18928.75,19076.15,18926.65,19047.25,19047.25,1,1,-459.06764705882233,-226.81894117646954,19170.21,19528.7325,19372.78269252377,19513.33904124546,-140.55634872168957,34.992096862355794,20.693744441150425,20042.975703429525,19014.48929657047,179.26859726323693,0.006260318298883973,0.007898038697748135,0.8066889632106926,4.037894736842105,1443.0,0.010075700327460302,924.0,-0.00391692356769513,693.0,-0.012161759176423259,267.0,-0.029424653625278352,1132.0,0.010075700327460302,0.009779899020144246
2023-10-30,1283.0,1143.0,1.12,19053.4,19158.5,18940.0,19140.9,19140.9,1,1,-542.9889705882342,-208.73194117647,19089.859999999997,19509.6,19337.108432135497,19485.750964116167,-148.64253198066945,38.65802380264465,29.948611522878,20050.94951740854,18968.25048259146,182.07084031586285,0.0045923562198872635,0.011467769531947053,0.9194508009153385,1.1224846894138232,140.0,0.004916720261455065,1918.0,0.015041959988863818,924.0,0.0009805382762921866,693.0,-0.020557600939483667,751.0,0.004916720261455065,0.010958910494104062
2023-10-31,1229.0,1169.0,1.05,19232.95,19233.7,19056.45,19079.6,19079.6,0,1,-576.2520588235238,-146.79852941176068,19049.43,19481.665,19297.4917502685,19455.665707514967,-158.1739572464685,37.180055704640345,23.89070066212073,20050.527993258005,18912.802006741997,181.7264945790155,0.00797329582825319,0.009215954910713125,0.13060648801127117,1.0513259195893927,60.0,-0.0032025662325179116,1283.0,0.0016984079066530988,1918.0,0.011791220883214493,924.0,-0.010484006897714226,267.0,-0.0032025662325179116,0.009682266881133425
2023-11-01,938.0,1478.0,0.63,19064.05,19096.05,18973.7,18989.15,18989.15,1,1,-584.8963235294068,-80.95952941176148,19022.829999999998,19454.685,19250.0545579195,19421.108988439784,-171.05443052028568,35.050669164977194,14.952070362684326,20061.944606015793,18847.42539398421,177.4853163948,0.0039288608663950115,0.006417838811794899,0.12627707396813168,0.6346414073071719,-540.0,-0.004740665422755086,1229.0,-0.007928049360270362,1283.0,-0.0030503090997386906,1918.0,-0.006955284839832321,693.0,-0.004740665422755086,0.009234075113811153
2023-11-02,1670.0,753.0,2.22,19120.0,19175.25,19064.15,19133.25,19133.25,1,1,-522.6524999999965,14.519000000000233,19078.03,19439.542500000003,19232.084625931882,19399.786100407207,-167.70147447532509,40.86170264945949,29.192607965214055,20062.793700779795,18816.29129922021,178.10065093802845,0.0006929916317991632,0.005810669456066869,0.621962196219617,2.2177954847277555,917.0,0.007588543984327734,938.0,0.002811903813497274,1229.0,-0.00039966772722288546,1283.0,0.01463628047567922,924.0,0.007588543984327734,0.006579467477480043
2023-11-03,1572.0,850.0,1.85,19241.0,19276.25,19210.9,19230.6,19230.6,1,1,-451.3667647058828,84.26455882352604,19114.7,19423.785,19231.856221942362,19387.25379667334,-155.3975747309778,44.475939222987634,38.81312382646501,20051.418851141294,18796.151148858706,175.59346158531213,0.0005405124473780705,0.0033963931188606905,0.30145371078802646,1.8494117647058823,722.0,0.005088001254360819,1670.0,0.012715155759999597,938.0,0.007914212037988255,1229.0,0.009626061504941497,1918.0,0.005088001254360819,0.005517100759878313
2023-11-06,1635.0,807.0,2.03,19345.85,19423.0,19309.7,19411.75,19411.75,0,1,-366.2055882352943,134.06905882352657,19168.870000000003,19411.697500000002,19259.532187797384,19389.068330253092,-129.5361424557086,50.53409932840984,56.715090423955,20030.417947757673,18792.97705224233,176.7939286149328,0.0034064153293859646,0.0058565532142552165,0.9007060900264777,2.026022304832714,828.0,0.009419882894969644,1572.0,0.014555812525315792,1670.0,0.022254813933219708,938.0,0.0141503273095831,1283.0,0.009419882894969644,0.006420196557240538
2023-11-07,1268.0,1155.0,1.1,19404.05,19423.5,19329.1,19406.7,19406.7,1,0,-296.4377941176499,147.87399999999616,19234.29,19406.415,19282.17338967471,19390.374379863973,-108.2009901892634,50.369107852486586,56.709201475426276,20023.40947574387,18789.420524256133,170.90864799958058,0.00013656942751649555,0.00486496375756615,0.8220338983050952,1.0978354978354978,113.0,-0.0002601517122361452,1635.0,0.009157280584069172,1572.0,0.014291874093528278,1670.0,0.017143965282291118,1229.0,-0.0002601517122361452,0.005837327188057367
2023-11-08,1344.0,1072.0,1.25,19449.6,19464.4,19401.5,19443.5,19443.5,1,1,-195.57058823529223,170.8760588235309,19325.159999999996,19394.0975,19306.992868186295,19394.30961098516,-87.31674279886647,51.6089966294368,71.76373007879624,19997.656345079293,18790.538654920707,163.1937445710392,0.00031363112866066885,0.0032339996709444645,0.6677265500794758,1.2537313432835822,272.0,0.0018962523252279428,1268.0,0.0016356072997025795,1635.0,0.01107089742389733,1572.0,0.023926821369044893,938.0,0.0018962523252279428,0.003975701761123331
2023-11-09,976.0,1436.0,0.68,19457.4,19463.9,19378.35,19395.3,19395.3,0,1,-119.29661764705816,166.4788529411773,19377.57,19373.295,19320.57858077302,19394.38297313441,-73.80439236138773,49.85228834967561,73.74164957999871,19945.77439954067,18800.815600459326,157.6477628159652,0.0031915877763731113,0.00439678477083284,0.19812974868498132,0.6796657381615598,-460.0,-0.0024789775503382128,1344.0,-0.0005874259920544134,1268.0,-0.0008474248844128063,1635.0,0.013696052683156212,1670.0,-0.0024789775503382128,0.004665947052528543
2023-11-10,1263.0,1150.0,1.1,19351.85,19451.3,19329.45,19425.35,19425.35,1,1,-78.49617647058403,132.70517647059168,19416.52,19354.8625,19336.697260654095,19396.676826976305,-59.9795663222103,50.97274215851,81.71070931849792,19894.785679603774,18814.939320396225,155.09077975768187,0.0037980864878551664,0.006296555626464579,0.7870332375871889,1.0982608695652174,113.0,0.001549344428804833,976.0,-0.0009334739115900437,1344.0,0.0009610083115623169,1268.0,0.010127089118384225,1572.0,0.001549344428804833,0.0044842738814010715
2023-11-12,1950.0,398.0,4.9,19547.25,19547.25,19510.25,19525.55,19525.55,0,1,-40.1536764705852,105.8372941176487,19439.28,19343.5875,19365.75152824577,19406.222987941022,-40.471459695250815,54.61416487334786,96.94107696645042,19858.79859738965,18828.376402610353,152.72000977499042,0.001110130581028059,0.0018928493777897147,0.41351351351349386,4.899497487437186,1552.0,0.005158208217612481,1263.0,0.006715544487581937,976.0,0.00421991925322085,1344.0,0.005862428683658161,1635.0,0.005158208217612481,0.0028256626404347903
2023-11-13,924.0,1505.0,0.61,19486.75,19494.4,19414.75,19443.55,19443.55,1,1,-18.22588235294097,72.12270588235114,19446.65,19329.177499999998,19377.72052390027,19408.987951797244,-31.267427896975278,51.258850837979615,85.38201296870588,19815.46584807493,18842.889151925065,149.72572336249104,0.0022168909643732653,0.004087392715563213,0.36158192090393904,0.6139534883720931,-581.0,-0.004199625618740543,1950.0,0.0009369200554945056,1263.0,0.0024877160961676026,976.0,0.0018988287550174565,1268.0,-0.004199625618740543,0.003729753936012076
2023-11-15,1500.0,928.0,1.62,19651.4,19693.2,19579.65,19675.45,19675.45,0,1,23.40955882353228,69.9621176470595,19493.04,19322.375,19423.52505868484,19428.725881293747,-5.2008226089055825,58.94137384631587,97.68443023938426,19784.700849913723,18860.049150086277,156.8631716937418,0.0012238313809702754,0.0057782142748099,0.8436811977102588,1.6163793103448276,572.0,0.011926834348665816,924.0,0.007677120490844125,1950.0,0.012874928894460291,1263.0,0.011929436572633456,1344.0,0.011926834348665816,0.006450794319494
2023-11-16,1223.0,1216.0,1.01,19674.7,19875.25,19627.0,19765.2,19765.2,0,0,86.21029411764903,91.6614705882348,19567.02,19327.079999999998,19476.090434271788,19453.649890086803,22.4405441849849,61.47240995744171,88.23309275594768,19805.152812862692,18849.007187137304,163.39080228704597,0.004599816007359705,0.01261772733510549,0.5566968781470322,1.0057565789473684,7.0,0.004561522099875814,1500.0,0.016542760967004577,924.0,0.012273661945502168,1950.0,0.0190716307559049,976.0,0.004561522099875814,0.005863649456168462
2023-11-17,1257.0,1199.0,1.05,19674.75,19806.0,19667.45,19731.8,19731.8,0,0,152.3229411764696,111.61029411764466,19628.309999999998,19332.435,19515.430367460744,19474.25360193222,41.17676552852208,59.99032920888945,84.08851422550043,19825.87499949178,18838.99500050822,161.61645926654265,0.0028996556500082223,0.007042020864305736,0.4644532659689562,1.04837364470392,58.0,-0.0016898387064133713,1223.0,0.0028639751568577676,1500.0,0.014824967662798283,924.0,0.015775777527818002,1263.0,-0.0016898387064133713,0.006334412786999735
2023-11-20,1156.0,1326.0,0.87,19731.15,19756.45,19670.5,19694.0,19694.0,1,1,187.06720588235112,100.91038235293891,19662.0,19340.002500000002,19542.90261862063,19490.531112900204,52.371505720424466,58.27785054848272,79.89573512284397,19850.454990907285,18829.55000909272,156.2117121760754,0.0018828096689752728,0.0043560562866331014,0.27341477603257475,0.8717948717948718,-170.0,-0.001915689394784037,1257.0,-0.003602290895108662,1223.0,0.0009427992752388814,1500.0,0.008627157749717673,1950.0,-0.001915689394784037,0.006560097856959332
2023-11-21,1315.0,1120.0,1.17,19770.9,19829.1,19754.05,19783.4,19783.4,0,1,247.4039705882351,108.12117647058767,19729.97,19365.085,19579.902215755916,19512.22510453723,67.67711121868706,61.10572428198375,88.67587227222306,19909.774651176198,18820.3953488238,154.70373273492706,0.0006322423359584034,0.0037959829850942174,0.3910726182545299,1.1741071428571428,195.0,0.004539453640702851,1156.0,0.002615068062721271,1257.0,0.0009208103130755596,1223.0,0.01747880402498536,924.0,0.004539453640702851,0.005689502165854197
2023-11-22,1007.0,1455.0,0.69,19784.0,19825.55,19703.85,19811.85,19811.85,1,1,262.20602941176185,75.16394117646851,19757.25,19399.57,19615.586490255006,19534.419541238174,81.1669490168315,61.98867364761984,90.45683751034822,19965.29631669249,18833.84368330751,152.3463232538609,0.001407703194500533,0.006151435503437158,0.8874281018898879,0.6920962199312715,-448.0,0.0014380743451578581,1315.0,0.005984056057682485,1156.0,0.004056903070170925,1257.0,0.00693249709663557,1500.0,0.0014380743451578581,0.0031777687272248594
2023-11-23,1316.0,1113.0,1.18,19828.45,19875.15,19786.75,19802.0,19802.0,1,1,269.38205882352486,45.70561764705636,19764.609999999997,19446.807500000003,19644.265491754235,19554.240315961273,90.02517579296182,61.46838950676515,87.04800636548491,19980.369609105823,18913.245390894182,147.7787287357281,0.0013339418865317624,0.00445824055838966,0.17251131221719174,1.1823899371069182,203.0,-0.0004971771944567438,1007.0,0.0009401821729326798,1315.0,0.005483903727023565,1156.0,0.0018618582154492636,1223.0,-0.0004971771944567438,0.002680686060881634
2023-11-24,1128.0,1294.0,0.87,19809.6,19832.85,19768.85,19794.7,19794.7,1,1,277.25779411764233,28.594382352939277,19777.190000000002,19484.18,19667.409262253583,19572.052144408586,95.35711784499654,61.05936265091823,85.2513045866522,20005.119831840926,18963.240168159075,141.79453382603324,0.0007521605686130875,0.0032307568047815205,0.4039062500000341,0.8717156105100463,-166.0,-0.00036864963135030404,1316.0,-0.0008656435416176667,1007.0,0.0005711859437709244,1315.0,0.0031877476966115648,1257.0,-0.00036864963135030404,0.002484187619133093
2023-11-28,1241.0,1236.0,1.0,19844.65,19916.85,19800.0,19889.7,19889.7,1,1,296.7272058823546,26.131794117650884,19816.33,19521.62,19701.607837291493,19595.581615193136,106.02622209835681,64.38110441688514,95.37793667007186,20046.112475063706,18997.12752493629,140.39135283845928,0.002270133260097773,0.0058882368799650555,0.7676508344030967,1.0040453074433657,5.0,0.004799264449574903,1128.0,0.004428845571154527,1316.0,0.003929466455681929,1007.0,0.009937036660911946,1156.0,0.004799264449574903,0.0025712485432947962
2023-11-29,1283.0,1171.0,1.1,19976.55,20104.65,19956.3,20096.6,20096.6,1,1,333.0704411764709,45.341735294119985,19878.969999999998,19572.47,19762.37586232357,19632.69408814179,129.68177418177947,70.31934582690288,98.96155830753317,20112.649165091043,19032.29083490896,145.7169704928551,0.0060095461929111525,0.00742620722797491,0.9457364341085083,1.0956447480785654,112.0,0.0104023690653956,1241.0,0.015251557235017366,1128.0,0.0148772851227148,1316.0,0.015831454653901567,1315.0,0.0104023690653956,0.004580674142204811
2023-11-30,1260.0,1201.0,1.05,20108.5,20158.7,20015.85,20133.15,20133.15,1,1,389.07955882353053,75.97614705882586,19943.230000000003,19629.67,19819.418037350715,19669.764896427583,149.653140923132,71.23178086069281,96.91890262285206,20152.66726423611,19106.672735763885,145.51218688622274,0.0012258497650248132,0.007103961011512653,0.8211410570528604,1.0491257285595337,59.0,0.0018187156036346686,1283.0,0.012240003619964135,1241.0,0.017098011083775067,1128.0,0.016217566759288093,1007.0,0.0018187156036346686,0.004548057758215043
2023-12-01,1383.0,1074.0,1.29,20194.1,20291.55,20183.7,20267.9,20267.9,1,1,457.7777941176464,106.99523529411744,20036.41,19686.4025,19888.415262373685,19714.07120039591,174.3440619777757,74.36112627401134,97.30269160583967,20227.54275490021,19145.26224509979,146.4327449657781,0.0036545327595685333,0.005340668809206577,0.7807139545665449,1.2877094972067038,309.0,0.0066929417403636116,1260.0,0.00852382990157552,1283.0,0.019014866991457824,1241.0,0.02352792647207358,1316.0,0.0066929417403636116,0.004197822791576345
2023-12-04,1623.0,870.0,1.87,20601.95,20702.65,20507.75,20686.8,20686.8,1,1,592.6227941176439,178.76723529411464,20214.83,19759.2125,20011.243683546963,19786.125185551766,225.11849799519769,81.20554453860127,98.76931438776286,20415.135848321635,19103.289151678367,167.02683461107966,0.004118542176832705,0.009460269537592386,0.9186762442277986,1.8655172413793104,753.0,0.020668150129021567,1383.0,0.027499422594079892,1260.0,0.02936815182667729,1283.0,0.04506761911016577,1128.0,0.020668150129021567,0.007289982612087319
2023-12-05,1144.0,1336.0,0.86,20808.9,20864.05,20711.15,20855.1,20855.1,1,0,747.5452941176518,243.52611764706307,20407.909999999996,19831.379999999997,20141.067732232044,19865.30850514052,275.7592270915229,83.15159794528078,99.30317658050446,20622.23440594237,19040.525594057624,167.75706071028824,0.0022202038550810993,0.007347817520387805,0.941465009810328,0.8562874251497006,-192.0,0.00813562271593482,1623.0,0.028971921116642374,1383.0,0.03585877023714601,1260.0,0.04853768533462022,1241.0,0.00813562271593482,0.006969138959649584
2023-12-06,1256.0,1211.0,1.04,20950.75,20961.95,20852.15,20937.7,20937.7,0,0,890.6735294117643,275.13373529411695,20576.13,19907.93,20263.626542657883,19944.74491216715,318.8816304907341,84.02582465181962,98.18345256376644,20808.335047408367,19007.524952591633,163.6172706595533,0.0006228893953676729,0.0052408624989558495,0.7791438979963555,1.037159372419488,45.0,0.003960661900446416,1144.0,0.012128507067308725,1623.0,0.03304733100123847,1383.0,0.04185285073096945,1283.0,0.003960661900446416,0.007355400556287224
2023-12-07,1363.0,1079.0,1.26,20932.4,20941.25,20850.8,20901.15,20901.15,1,1,1018.7301470588282,277.26023529412123,20729.73,19980.8125,20361.70707455667,20015.5897334881,346.11734106856966,81.99831788366501,95.30320587099271,20952.223825275483,19009.401174724517,158.39103704101382,0.0014929009573675259,0.004321052531004602,0.5566611387507107,1.2632066728452271,284.0,-0.001745654966877841,1256.0,0.0022080929844499053,1144.0,0.010361679911828015,1623.0,0.03814604272058775,1260.0,-0.001745654966877841,0.008253114894406622
2023-12-08,994.0,1469.0,0.68,20934.1,21006.1,20862.7,20969.4,20969.4,0,1,1118.7520588235275,245.08729411764432,20870.030000000002,20059.5175,20455.198293855643,20086.242345822317,368.9559480333264,82.8313937025374,97.2521713087753,21082.140659464654,19036.89434053535,157.32024868094123,0.001686243975141177,0.006850067593065755,0.7440725244072688,0.6766507828454731,-475.0,0.0032653705657343934,1363.0,0.001514015388509815,1256.0,0.005480673792022328,1144.0,0.03461138055743307,1383.0,0.0032653705657343934,0.00848052169165986
2023-12-11,1473.0,1042.0,1.41,20965.3,21026.1,20923.7,20997.1,20997.1,1,1,1150.967058823535,165.63344117647353,20932.09,20138.105,20538.56778710862,20153.71328316881,384.85450393980864,83.17177949999389,97.80676876536207,21194.718766188224,19081.491233811776,153.39737377515956,0.0015167920325489868,0.00488426113625838,0.716796874999994,1.4136276391554703,431.0,0.0013209724646388032,994.0,0.004590656494977363,1363.0,0.0028369878257878955,1256.0,0.014999903319991459,1623.0,0.0013209724646388032,0.0036299963341955674
2023-12-12,911.0,1549.0,0.59,21018.55,21037.9,20867.15,20906.4,20906.4,1,1,1138.5057352941221,74.98002941176674,20942.350000000002,20207.1475,20595.15735832268,20209.467854785937,385.68950353674154,77.73706504890252,90.14279824594283,21275.031341751273,19139.263658248725,154.6368470769339,0.0053357629332184105,0.00812377637848472,0.22986822840409957,0.5881213686249193,-638.0,-0.004319644141333678,1473.0,-0.003004377807662606,994.0,0.00025118235121035504,1363.0,0.0024598299696478865,1144.0,-0.004319644141333678,0.003484584619674891
2023-12-13,1344.0,1113.0,1.21,20929.75,20950.0,20769.5,20926.35,20926.35,1,1,1080.5449999999983,-20.95500000000402,20940.079999999998,20281.2875,20646.110072426884,20262.570235912903,383.53983651398084,78.07640331568608,91.20996020645343,21332.583443050033,19229.991556949964,156.48421514286719,0.0001624481897777783,0.00862408772202248,0.8689750692520695,1.2075471698113207,231.0,0.0009542532430260042,911.0,-0.00336951293273835,1473.0,-0.0020529915019028566,994.0,-0.0005420843741195114,1256.0,0.0009542532430260042,0.0029567628664596353
2023-12-14,1371.0,1112.0,1.23,21110.4,21210.9,21074.45,21182.7,21182.7,1,0,1065.0838235294104,-45.68691176470816,20996.390000000003,20356.65,20728.662368976595,20330.72799621565,397.9343727609448,81.89514713576368,98.04445060850868,21439.05760252248,19274.242397477523,165.63177120409117,0.0034248522055479414,0.0064636387752008825,0.793330890436053,1.2329136690647482,259.0,0.012250105727946048,1344.0,0.013216048674090208,911.0,0.008839315905529999,1473.0,0.01347055066348024,1363.0,0.012250105727946048,0.006036322314037453
2023-12-15,1294.0,1173.0,1.1,21287.45,21492.3,21235.3,21456.65,21456.65,0,0,1081.4814705882382,-21.835147058822713,21093.84,20441.2225,20840.660466057117,20414.129626125603,426.5308399315145,84.91842512191101,97.89339951545247,21587.971629702508,19294.47337029749,175.91521611808454,0.007948345151720883,0.01207284104014337,0.8612840466926155,1.103154305200341,121.0,0.012932723401643864,1371.0,0.025341256358610176,1344.0,0.026319691577698645,911.0,0.023236239472755438,994.0,0.012932723401643864,0.007608516741694492
2023-12-18,1321.0,1186.0,1.11,21434.8,21482.8,21365.35,21418.65,21418.65,1,0,1101.4686764705875,8.05173529411627,21178.15,20525.565,20929.58193281756,20488.53854270889,441.043390108669,82.85170574474408,95.20507812500016,21699.019636574612,19352.110363425385,171.73912925250713,0.0007534476645454036,0.005479407318939329,0.4538101319710735,1.1138279932546373,135.0,-0.0017710127163373945,1294.0,0.011138806667705392,1371.0,0.0235253639550137,1344.0,0.02007658200418172,1473.0,-0.0017710127163373945,0.008056906983220246
2023-12-19,1175.0,1299.0,0.9,21477.65,21505.05,21337.75,21453.1,21453.1,1,1,1128.2929411764708,36.91855882352979,21287.489999999998,20613.519999999997,21010.12317392255,20559.98753954527,450.13563437728226,83.24971403561537,96.51154982540957,21788.175533081274,19438.86446691872,171.4220485916137,0.001143048704118137,0.007789492798327529,0.6894799760908491,0.9045419553502695,-124.0,0.0016084113611267714,1321.0,-0.00016544987218425344,1294.0,0.01276513381202582,1371.0,0.026149887115906933,911.0,0.0016084113611267714,0.006874222947076141
2023-12-20,311.0,2163.0,0.14,21543.5,21593.0,21087.35,21150.15,21150.15,0,1,1156.574999999997,49.9946176470562,21332.25,20681.857500000002,21031.665762549852,20603.703277356733,427.9624851931185,68.24837798508301,68.57659831121842,21813.630478239655,19550.08452176035,195.29547369221285,0.018258407408266928,0.023471116578086267,0.12419657866113464,0.1437817845584836,-1852.0,-0.014121502253753415,1175.0,-0.012535804077287827,1321.0,-0.014284615725194794,1294.0,0.010694650524339044,1344.0,-0.014121502253753415,0.011165843904350568
2023-12-21,1876.0,589.0,3.19,21033.95,21288.35,20976.8,21255.05,21255.05,1,1,1095.3527941176435,-17.281382352943865,21346.719999999998,20754.017499999998,21066.032568311413,20651.951182737717,414.081385573696,70.24758871155937,68.85970974429848,21837.71908728012,19670.315912719878,203.5993684284833,0.01051157771127147,0.014811768593155316,0.8931150698122312,3.1850594227504243,1287.0,0.00495977569899031,311.0,-0.009231766038474642,1175.0,-0.007638203154727408,1321.0,0.0034155230447487916,1371.0,0.00495977569899031,0.009929638777589754
2023-12-22,1629.0,809.0,2.01,21295.85,21390.5,21232.45,21349.4,21349.4,1,1,1024.0672058823511,-77.08411764705897,21325.27,20831.3875,21109.627557801963,20703.61405809048,406.01349971148375,71.95782253203052,72.37625446504519,21851.237127579207,19811.537872420795,200.345842112163,0.0025145744358644013,0.007421633792499444,0.7399557102182933,2.0135970333745363,820.0,0.004438945097753333,1876.0,0.00942073696876844,311.0,-0.004833800243321362,1175.0,-0.0049984503638732525,1294.0,0.004438945097753333,0.007820973637782757
2023-12-26,1465.0,1018.0,1.44,21365.2,21477.15,21329.45,21441.35,21441.35,1,1,960.0019117647062,-112.85605882352752,21329.81,20913.72,21160.661779678587,20758.26116489859,402.4006147799955,73.55332996139168,81.58469945355174,21847.76783410618,19979.672165893822,196.58542481843713,0.0035642072154717865,0.006913111040383461,0.7576167907921277,1.4390962671905698,447.0,0.004306912606443225,1629.0,0.00876497585279723,1876.0,0.013768223866024387,311.0,0.0010598240318600016,1321.0,0.004306912606443225,0.008132842157668057
2023-12-27,1298.0,1170.0,1.11,21497.65,21675.75,21495.8,21654.75,21654.75,1,-1,927.8923529411732,-104.885500000001,21370.14,21001.9725,21236.675352035727,20824.667745276474,412.00760675925267,76.84594875261766,97.68275862068965,21863.0143349148,20140.9306650852,199.28646590283458,0.007307775501043069,0.008370682376910998,0.8833009169213675,1.1094017094017095,128.0,0.009952731521102987,1465.0,0.014302509672402985,1629.0,0.018804942825352056,1876.0,0.009399573954347096,1175.0,0.009952731521102987,0.009261971246436837
2023-12-28,1143.0,1334.0,0.86,21715.0,21801.45,21678.0,21778.7,21778.7,0,-1,939.9560294117655,-49.498029411762445,21495.85,21086.0775,21320.063759414843,20895.336801181922,424.7269582329209,78.51883026533092,97.79543582537914,21904.50262575888,20267.65237424112,195.53028976691786,0.002933456136311339,0.0056850103615013,0.8157148643175386,0.8568215892053973,-191.0,0.005723917385331179,1298.0,0.015733617519419374,1465.0,0.02010829344150178,1629.0,0.029718465353673507,311.0,0.005723917385331179,0.00234571401632346
2023-12-29,1292.0,1180.0,1.09,21737.65,21770.3,21676.9,21731.4,21731.4,0,0,990.4411764705874,21.969441176470696,21591.120000000003,21165.99,21383.346257966405,20957.26740850178,426.0788494646258,76.25468637401447,93.21188042056309,21904.874102954203,20427.1058970458,188.83526906928083,0.00028751958008340364,0.004296692604766284,0.5835117773019408,1.0949152542372882,112.0,-0.0021718468044464867,1143.0,0.003539639109202408,1298.0,0.01352759970804085,1465.0,0.022411144645625436,1876.0,-0.0021718468044464867,0.004352366336992446
2024-01-01,1648.0,854.0,1.93,21727.75,21834.35,21680.85,21741.9,21741.9,1,-1,1010.0419117647034,44.37523529411624,21669.620000000003,21239.69,21438.50837212542,21015.38834120535,423.12003092006853,76.4172552469488,91.31802601305374,21894.85737830758,20584.522621692417,186.31132127861792,0.0006512409246241076,0.007064698369596484,0.39771986970685935,1.9297423887587821,794.0,0.0004831718158977427,1292.0,-0.0016897243637131742,1143.0,0.004024521178956242,1298.0,0.01838459160444783,1629.0,0.0004831718158977427,0.004700515666468039
2024-01-02,1170.0,1322.0,0.89,21751.35,21755.6,21555.65,21665.8,21665.8,0,-1,997.9517647058819,24.695117647059647,21714.510000000002,21288.64,21473.476314875355,21063.566982597546,409.9093322778099,72.54090936777595,84.17147955111054,21917.000055699296,20660.279944300702,187.2855126158593,0.003933089210554714,0.009192532877269554,0.5508877219304797,0.8850226928895613,-152.0,-0.003500154080370299,1648.0,-0.00301867344027551,1292.0,-0.00518396414845701,1143.0,0.010468090861816215,1465.0,-0.003500154080370299,0.00563521681278583
2024-01-03,1359.0,1146.0,1.19,21661.1,21677.0,21500.35,21517.35,21517.35,1,0,935.7641176470643,-39.066882352936204,21687.030000000002,21321.7525,21480.22611258684,21097.18053944217,383.0455731446673,65.55508445664114,63.03422540959708,21924.51354342718,20718.991456572818,186.52583314329803,0.0066363204084741775,0.00815517217500503,0.09623549391451945,1.1858638743455496,213.0,-0.0068518125340398806,1170.0,-0.010327984214811181,1648.0,-0.00984980258980106,1292.0,-0.006345028227063398,1298.0,-0.0068518125340398806,0.004715183358030934
2024-01-04,1608.0,902.0,1.78,21605.8,21685.65,21564.55,21658.6,21658.6,1,0,854.3486764705849,-103.36085294117947,21663.010000000002,21357.7975,21507.66824911194,21138.76716615016,368.90108296178005,68.64880925977138,79.5055681884438,21950.51825252468,20765.076747475323,185.22398791877694,0.002443788242046084,0.005604976441511177,0.7766308835672797,1.7827050997782705,706.0,0.006564470067178307,1359.0,-0.0003323209851471276,1170.0,-0.0038313118908652743,1648.0,-0.00551456239353143,1143.0,0.006564470067178307,0.005030988060476917
2024-01-05,1316.0,1183.0,1.11,21705.75,21749.6,21629.2,21710.8,21710.8,1,1,790.5005882352925,-127.22082352941288,21658.89,21398.28,21538.9192877101,21181.139968657557,357.77931905254445,69.73080164455425,85.59267681184778,21970.974791663426,20825.58520833657,180.59370306743557,0.00023265724519997108,0.005546917291501,0.6777408637873756,1.1124260355029585,133.0,0.002410128078453866,1608.0,0.00899041935926137,1359.0,0.0020770061571693255,1170.0,-0.0009479370864280412,1292.0,0.002410128078453866,0.005200310944507713
2024-01-08,936.0,1618.0,0.58,21747.6,21763.95,21492.9,21513.0,21513.0,1,1,709.0273529411788,-148.49114705882164,21613.109999999997,21425.46,21534.931704985473,21205.72219320144,329.20951178403266,61.12259965982581,62.52696635764692,21964.782574716108,20886.13742528389,187.05486713404727,0.01078739723003911,0.012463444242123237,0.07415605976756538,0.5784919653893696,-682.0,-0.00911067302909152,1316.0,-0.006722502839518696,1608.0,-0.00020216244100679237,1359.0,-0.010528058725318479,1648.0,-0.00911067302909152,0.006501998891806317
2024-01-09,1412.0,1098.0,1.29,21653.6,21724.45,21517.85,21544.85,21544.85,0,1,646.0242647058803,-141.1087352941198,21588.920000000002,21452.8475,21536.45759652617,21230.842771482818,305.6148250433507,61.937405277102485,66.2410355081336,21956.85233675597,20948.84266324403,188.79737662447252,0.005022259578084014,0.009541138655927985,0.13068731848983406,1.2859744990892532,314.0,0.0014805001626922998,936.0,-0.007643661219301046,1316.0,-0.005251955343373971,1608.0,-0.005582530993547441,1170.0,0.0014805001626922998,0.006613968183302028
2024-01-10,1311.0,1192.0,1.1,21529.3,21641.85,21448.65,21618.7,21618.7,1,0,585.7605882352946,-131.37170588235165,21609.19,21488.4625,21549.110273983682,21259.572936558165,289.53733742551776,63.83030410084113,74.85277826365832,21929.742001986448,21047.182998013555,189.11184972272426,0.004152480572986649,0.008973817077192343,0.8801759834368625,1.0998322147651007,119.0,0.003427733309816494,1412.0,0.0049133082322316834,936.0,-0.004242128341654827,1316.0,0.0047101525048391935,1359.0,0.003427733309816494,0.005943313144105735
2024-01-11,1501.0,988.0,1.52,21688.0,21726.5,21593.75,21647.2,21647.2,1,-1,537.0177941176516,-116.64832352940789,21606.91,21524.504999999997,21564.201001063113,21288.286052368672,275.9149486944407,64.56273763203306,68.90679514869605,21886.96434654579,21162.045653454206,185.08600331395823,0.0018812246403540794,0.006120896348210992,0.40263653483993017,1.5192307692307692,513.0,0.0013183031357111297,1311.0,0.004750555237098553,1412.0,0.006238088597592117,936.0,-0.0005263498102369146,1608.0,0.0013183031357111297,0.00510997316892215
2024-01-12,1328.0,1168.0,1.14,21773.55,21928.25,21715.15,21894.55,21894.55,1,-1,504.9263235294129,-91.62494117647077,21643.66,21560.0975,21615.02392397648,21333.194492933955,281.82943104252627,70.20243581761565,94.37207748830983,21921.10996858439,21199.08503141561,191.94057450581832,0.0055572012832082966,0.009787104078113057,0.841858282496476,1.1369863013698631,160.0,0.01142642004508665,1501.0,0.012759786666173278,1311.0,0.016231257121771536,1412.0,0.008463529671868475,1316.0,0.01142642004508665,0.007325511513182087
2024-01-15,1317.0,1235.0,1.07,22053.15,22115.55,21963.55,22097.45,22097.45,0,-1,521.3072058823527,-37.70002941176574,21760.55,21592.1375,21689.243320287795,21389.806011975885,299.4373083119099,73.87527744135129,97.28594991752908,22018.556332690812,21165.71866730919,194.01624775540273,0.0020087833257380135,0.006892439402080882,0.8809210526315885,1.0663967611336032,82.0,0.009267146390311787,1328.0,0.020799456742673472,1501.0,0.022145179867429476,1311.0,0.02716729419420827,936.0,0.009267146390311787,0.004668614548851911
2024-01-16,761.0,1739.0,0.44,22080.5,22124.15,21969.8,22032.3,22032.3,0,-1,542.103088235297,3.8800882352952613,21858.04,21622.82,21742.02127101275,21437.39815923693,304.62311177581796,70.85525240372954,86.40266469281981,22081.945669504974,21163.694330495025,191.1829443443027,0.002182921582391736,0.0069903308348996706,0.4049238743116237,0.437607820586544,-978.0,-0.002948303989826928,1317.0,0.006291520035808018,1328.0,0.01778982963154574,1501.0,0.022624896436967523,1412.0,-0.002948303989826928,0.005861978064650171
2024-01-17,654.0,1852.0,0.35,21647.25,21851.5,21550.45,21571.95,21571.95,0,-1,524.1157352941154,-1.7782941176504892,21848.69,21628.7625,21715.85646008771,21447.36496225642,268.4914978312918,54.043490804027826,18.25314581791255,22081.98617863274,21175.538821367263,211.94487689113814,0.003478501888230573,0.013907078266292451,0.07141670818800881,0.3531317494600432,-1198.0,-0.02089432333437724,761.0,-0.023781024507352644,1317.0,-0.014734260352462059,1328.0,-0.0021624797050701083,1311.0,-0.02089432333437724,0.012872217268711739
2024-01-18,1159.0,1334.0,0.87,21414.2,21539.4,21285.55,21462.25,21462.25,1,-1,435.6092647058831,-70.00305882352916,21811.7,21644.3675,21676.84008161268,21448.46755764483,228.3725239678497,50.941664543238545,21.070832339613673,22049.54516013613,21239.18983986387,217.26309997034267,0.0022438382008199828,0.01185428360620533,0.6960803624187482,0.868815592203898,-175.0,-0.005085307540579342,654.0,-0.025873376814948945,761.0,-0.02874539822468203,1317.0,-0.008543830148933895,1501.0,-0.005085307540579342,0.012980829224092954
2024-01-19,1674.0,804.0,2.08,21615.2,21670.6,21575.0,21622.4,21622.4,1,1,355.08882352941146,-120.5560000000005,21757.27,21662.735,21668.4646844415,21461.351442263734,207.11324217776564,55.002088925465415,40.16813737181032,22026.88107933958,21298.588920660422,216.62644997246093,0.0003330989303823572,0.004422813575631895,0.4958158995816127,2.082089552238806,870.0,0.007461938985893868,1159.0,0.002338685190722334,654.0,-0.018604503388207183,761.0,-0.012430033958222397,1328.0,0.007461938985893868,0.012071906919371551
2024-01-20,1252.0,1218.0,1.03,21706.15,21720.3,21541.8,21571.8,21571.8,1,0,243.21676470588136,-176.8099705882363,21652.14,21673.855,21653.593194527424,21469.532816910865,184.06037761655898,53.495535912896166,34.134271404722064,22011.680132129608,21336.02986787039,213.90313211728517,0.006189490075393479,0.008223475835189566,0.16806722689075632,1.0279146141215108,34.0,-0.0023401657540329523,1674.0,0.005104311057787525,1159.0,-6.953474303461604e-06,654.0,-0.02378781262091334,1317.0,-0.0023401657540329523,0.010233961105642219
2024-01-23,421.0,2126.0,0.2,21716.7,21750.25,21192.6,21238.8,21238.8,0,1,107.9942647058815,-225.21070588235307,21493.44,21663.7275,21589.77885690782,21452.44149713969,137.3373597681275,44.798905095029596,4.9594761419140765,22038.905338462493,21288.54966153751,238.45647982319346,0.022006105900067754,0.025678394967927974,0.0828476643055691,0.19802445907808092,-1705.0,-0.015436820293160514,1252.0,-0.01774086132899222,1674.0,-0.01041130356789255,1159.0,-0.036015304802494486,761.0,-0.015436820293160514,0.011162713615350756
2024-01-24,1723.0,756.0,2.28,21185.25,21482.35,21137.2,21453.95,21453.95,0,1,17.90941176470369,-214.05429411764854,21469.84,21653.6875,21568.88210969123,21452.553238092307,116.32887159892198,50.408395989053645,32.09382440853131,22039.87450764447,21267.50049235553,246.07744555010805,0.012683352804427643,0.01629199561015319,0.917716934666093,2.2791005291005293,967.0,0.010130045011959243,421.0,-0.005463150965612451,1252.0,-0.007790532040846565,1674.0,-0.005470066452036071,654.0,0.010130045011959243,0.010275885144852002
2024-01-25,1358.0,1117.0,1.22,21454.6,21459.0,21247.05,21352.6,21352.6,1,1,-7.421764705883106,-150.7792647058821,21447.91,21632.3825,21535.6079389695,21445.149294529914,90.45864443958635,47.937155008977754,21.824813820355406,22035.284354393087,21229.480645606913,243.63977086795754,0.0047542252011223704,0.009879000307626371,0.49799481009671576,1.215756490599821,241.0,-0.00472407179097567,1723.0,0.005358118161101322,421.0,-0.010161414439221583,1252.0,-0.005108970401519031,1159.0,-0.00472407179097567,0.010241669724531787
2024-01-29,1480.0,1060.0,1.4,21433.1,21763.25,21429.6,21737.6,21737.6,1,0,-32.16808823528845,-98.07420588234746,21470.949999999997,21632.692499999997,21566.6836406665,21466.812309749923,99.87133091657597,56.634358874501835,60.83388216221667,22035.908039474096,21229.4769605259,255.56907294881782,0.014206997587843103,0.015567043498140795,0.9231230331185334,1.3962264150943395,420.0,0.01803059112239258,1358.0,0.013221341524521035,1723.0,0.023485319321242315,421.0,0.005327808198904771,1674.0,0.01803059112239258,0.013109181073536536
2024-01-30,1206.0,1277.0,0.94,21775.75,21813.05,21501.8,21522.1,21522.1,0,1,-46.96735294118116,-54.83664705882766,21461.010000000002,21621.7025,21559.824619025498,21470.907694212892,88.91692481260543,51.45310828150893,38.9989361163177,22024.39411336361,21219.010886636388,259.5462820239023,0.011648278474909082,0.014293422729412305,0.0652208835341342,0.9444009397024276,-71.0,-0.00991369792433383,1480.0,0.00793814336427423,1358.0,0.0031765712141584856,1723.0,-0.0023039338395498543,1252.0,-0.00991369792433383,0.014016785168730207
2024-01-31,1654.0,843.0,1.96,21487.25,21741.35,21448.85,21725.7,21725.7,1,1,-41.13161764706092,-19.17573529411893,21558.39,21624.697500000002,21585.34390840619,21489.78119834527,95.56271006091993,55.58718117354686,59.62814732255936,22029.541708892004,21219.853291108,261.900119022195,0.011097278618715784,0.013612723824593654,0.946495726495734,1.9620403321470936,811.0,0.00946004339725226,1206.0,-0.0005474385396730952,1480.0,0.017473281942246066,1358.0,0.02292502401265617,421.0,0.00946004339725226,0.011534382095950878
2024-02-01,1088.0,1423.0,0.76,21780.65,21832.95,21658.75,21697.45,21697.45,1,0,20.0216176470567,41.555058823528086,21607.09,21633.7025,21602.59099942062,21505.164072541917,97.42692687870294,54.888747160431535,56.76579360656564,22036.602439778337,21230.802560221662,255.635824806324,0.0038199043646539805,0.007997924763494235,0.22215843857635229,0.7645818692902319,-335.0,-0.0013003033273956133,1654.0,0.008147439143949775,1206.0,-0.0018470300309140208,1480.0,0.01134989127876218,1723.0,-0.0013003033273956133,0.011293707889014752
2024-02-02,1336.0,1211.0,1.1,21812.75,22126.8,21805.55,21853.8,21853.8,1,0,118.43102941176403,114.793911764706,21707.329999999998,21643.4625,21641.238537971294,21530.98895605733,110.24958191396581,58.03168895518797,72.413096200485,22057.602495500785,21229.322504499218,268.04398017730074,0.001881926854706503,0.014727624898281968,0.15019455252918287,1.1032204789430222,125.0,0.007205915902559923,1088.0,0.005896242698739229,1654.0,0.015412064807802217,1206.0,0.023472551352060167,1358.0,0.007205915902559923,0.01067949007987959
2024-02-05,1048.0,1553.0,0.67,21921.05,21964.3,21726.95,21771.7,21771.7,1,-1,154.09970588234864,113.20902941176318,21714.15,21646.5075,21661.309532129555,21548.819403756785,112.49012837277041,55.831983842613624,64.11681487469694,22063.469070499475,21229.545929500524,265.8515530217791,0.006813086051991057,0.010827492296217496,0.18854013060880673,0.6748229233741146,-505.0,-0.003756783717248191,1336.0,0.0034220611177810945,1088.0,0.0021173080729275373,1654.0,0.0015687104372148486,1480.0,-0.003756783717248191,0.00798324089963843
2024-02-06,1568.0,955.0,1.64,21825.2,21951.4,21737.55,21929.4,21929.4,1,-1,179.14500000000044,93.03185294117866,21795.61,21667.327500000003,21702.55421949424,21577.01055903406,125.54366046017822,59.04339850436242,80.05254648342783,22096.93644366085,21237.718556339158,262.13715637736647,0.004774297600938398,0.009798306544728212,0.8971241524433025,1.6418848167539266,613.0,0.007243348016002349,1048.0,0.003459352606869359,1336.0,0.010690196313391631,1088.0,0.01892473318124166,1206.0,0.007243348016002349,0.005886567471040734
2024-02-07,1436.0,1102.0,1.3,22045.05,22053.3,21860.15,21930.5,21930.5,1,0,235.7251470588235,94.24064705882483,21836.57,21686.61,21737.622801110512,21603.194962068574,134.42783904193857,59.06575588615246,80.1637025060631,22126.983013022353,21246.23698697765,257.2095023504116,0.005196177826768335,0.008761604078920113,0.3642246958322513,1.3030852994555353,334.0,5.0160971116319786e-05,1568.0,0.007293872320489392,1048.0,0.0035096871024720144,1336.0,0.009426623768163944,1654.0,5.0160971116319786e-05,0.005058816423932077
2024-02-08,991.0,1544.0,0.64,22009.65,22011.05,21665.3,21717.95,21717.95,1,1,239.54308823529573,54.15429411764927,21840.670000000002,21691.5725,21734.59621632428,21611.695335248678,122.90088107560223,53.04072110901357,58.68532740501221,22131.008468570377,21252.13653142962,263.53382361109647,0.013253277539624696,0.015709018544138593,0.1522776572668155,0.6418393782383419,-553.0,-0.009691981486970147,1436.0,-0.009642306675057277,1568.0,-0.002468801241979235,1048.0,0.0009448114870640456,1088.0,-0.009691981486970147,0.007283903185891142
2024-02-09,798.0,1731.0,0.46,21727.0,21804.45,21629.9,21782.5,21782.5,1,1,172.54897058823553,-23.663411764705245,21826.41,21698.3375,21741.96602919747,21624.347532637665,117.61849655980404,54.556768641804524,65.20816491511724,22138.996878515183,21257.67812148482,257.1778362103038,0.0025544253693561008,0.00803378285083073,0.874248066456598,0.4610051993067591,-933.0,0.0029721958103781088,991.0,-0.006748592143361987,1436.0,-0.006698769688181283,1568.0,-0.0032625904876955047,1336.0,0.0029721958103781088,0.0064676910267607544
2024-02-12,472.0,2110.0,0.22,21800.8,21831.7,21574.75,21616.05,21616.05,1,1,132.54691176470442,-59.35491176470751,21795.280000000002,21684.4125,21722.594332397857,21623.732900590432,98.8614318074251,50.06803171132488,48.388237671786506,22116.916191167355,21251.908808832643,257.1615621952821,0.008474459652856776,0.011786264724230337,0.16073165985599983,0.22369668246445498,-1638.0,-0.007641455296683142,798.0,-0.004691971387723148,991.0,-0.014338478374866126,1436.0,-0.007149189084913021,1048.0,-0.007641455296683142,0.007135095157889132
2024-02-13,1182.0,1332.0,0.89,21664.3,21766.8,21543.35,21743.25,21743.25,0,1,87.26176470587961,-86.26341176470814,21758.05,21666.702500000003,21725.77212741357,21632.586019065213,93.18610834835636,53.234595250355845,61.24191592562653,22057.05777596459,21276.347224035417,254.75359346704772,0.003644244217445324,0.010314203551464887,0.8946072946968038,0.8873873873873874,-150.0,0.005884516366311265,472.0,-0.0018019051991277069,798.0,0.0011649349961666555,991.0,-0.008488604339380035,1568.0,0.005884516366311265,0.006737747141604934
2024-02-14,1591.0,895.0,1.78,21578.15,21870.85,21530.2,21840.05,21840.05,1,1,32.64676470588165,-100.26273529411773,21739.96,21657.09,21743.353338580713,21647.95372135668,95.39961722403314,55.5450758374415,67.4055129298096,22019.42300373881,21294.75699626119,260.88905107654415,0.012137277755507206,0.015786802853812665,0.9095846176427433,1.7776536312849163,696.0,0.0044519563542708696,1182.0,0.01036267033061078,472.0,0.0026420291518420846,798.0,-0.0041243929686966,1436.0,0.0044519563542708696,0.007286425537915555
2024-02-15,1605.0,908.0,1.77,21906.55,21953.85,21794.8,21910.75,21910.75,1,1,35.91794117647078,-56.26652941176363,21778.52,21674.030000000002,21769.106671106758,21667.420112367297,101.68655873946045,57.207987127154986,69.01176133103857,22050.269639589438,21297.790360410567,253.61483314250523,0.00019172347996378837,0.007260385592436932,0.7290160326941293,1.7676211453744493,697.0,0.0032371720760713263,1591.0,0.0077035401791361036,1182.0,0.013633388153709847,472.0,0.008877449298851925,991.0,0.0032371720760713263,0.005392005719841719
2024-02-16,1508.0,1007.0,1.5,22020.3,22068.65,21968.95,22040.7,22040.7,1,1,87.56058823529384,12.373794117647776,21830.16,21702.952500000003,21810.89026016726,21695.070474414166,115.81978575309404,60.15805047878301,87.2999483737741,22098.08468860704,21307.820311392967,246.7780593466121,0.0009264178962140142,0.004527640404535848,0.7196589769307872,1.4975173783515392,501.0,0.005930878678274354,1605.0,0.00918725002918963,1591.0,0.01368010761960603,1182.0,0.011853552163433978,798.0,0.005930878678274354,0.005708489619047602
2024-02-19,1542.0,1013.0,1.52,22103.45,22186.65,22021.05,22122.25,22122.25,0,0,157.50176470588485,77.32400000000271,21931.4,21727.945,21858.791758603067,21726.71340223534,132.0783563677287,61.931687001613966,91.27134724857669,22160.952256172903,21294.937743827097,240.97962653613996,0.0008505459554956023,0.007492043097344631,0.6111111111111075,1.5222112537018757,529.0,0.0036999732313400813,1508.0,0.00965279600196256,1605.0,0.0129212158397074,1591.0,0.023417784470335823,472.0,0.0036999732313400813,0.0012351236402300054
2024-02-20,1171.0,1340.0,0.87,22099.2,22215.6,22045.85,22196.95,22196.95,1,0,238.65823529411864,128.20117647058868,22022.14,21759.2025,21910.816103433364,21761.5457428105,149.27036062286425,63.53310303412893,97.27896119054597,22231.11779374813,21287.28720625187,235.89179606927283,0.004423237040254851,0.0076812735302635386,0.8901325478645195,0.8738805970149254,-169.0,0.0033766908881329716,1542.0,0.007089157785369782,1508.0,0.013062081398400371,1605.0,0.020866245846412168,1182.0,0.0033766908881329716,0.001106336703805435
2024-02-21,810.0,1712.0,0.47,22248.85,22249.4,21997.95,22055.05,22055.05,1,0,307.5529411764692,142.11464705882173,22065.14,21800.015000000003,21933.005933674383,21783.28679889861,149.71913477577255,58.49885740942345,72.97691879866491,22223.551067057324,21376.478932942682,237.00309635003913,0.00871056256840238,0.011301707728714102,0.22708291906939104,0.47313084112149534,-902.0,-0.006392770177884866,1171.0,-0.0030376656985614536,1542.0,0.0006510682510083576,1508.0,0.009844299807005852,1591.0,-0.006392770177884866,0.004801088311571868
2024-02-22,1342.0,1149.0,1.17,22081.55,22252.5,21875.25,22217.45,22217.45,1,-1,332.5577941176489,107.7915294117658,22126.480000000003,21838.19,21976.76655926294,21815.44703601723,161.3195232457074,62.191304957890885,95.14744565969828,22267.66837733509,21408.71162266491,247.02073232503633,0.006154459265767189,0.017084398513691295,0.9070907886017249,1.1679721496953872,193.0,0.007363392964423232,810.0,0.0009235503075872842,1171.0,0.004303359739628698,1542.0,0.013997695195280935,1605.0,0.007363392964423232,0.0053915769733556464
2024-02-23,1307.0,1202.0,1.09,22290.0,22297.5,22186.1,22212.7,22212.7,0,1,360.91073529411005,81.47444117646376,22160.879999999997,21881.195,22013.064011684022,21844.873181497438,168.1908301865842,62.01750054124457,88.94826013293375,22278.619175030133,21483.770824969866,237.3335371589624,0.0034679228353521434,0.004997756841633084,0.2387791741472337,1.0873544093178036,105.0,-0.0002137959126722322,1342.0,0.0071480227884317404,810.0,0.0007095569436341709,1171.0,0.007803744890135134,1508.0,-0.0002137959126722322,0.005194995241242727
2024-02-26,992.0,1569.0,0.63,22169.2,22202.15,22075.15,22122.05,22122.05,0,1,352.8641176470628,34.35535294118091,22160.84,21900.4175,22029.831086809558,21865.404797682815,164.42628912674263,58.64889722879275,77.13410660758493,22305.32030101943,21495.51469898057,230.2061416476079,0.002126824603504026,0.005728668603287444,0.36929133858266,0.6322498406628426,-577.0,-0.004080998707946426,1307.0,-0.004293922119775306,1342.0,0.0030378530087213917,810.0,-9.040671721916027e-06,1542.0,-0.004080998707946426,0.005549522847644269
2024-02-27,947.0,1570.0,0.6,22090.2,22218.25,22085.65,22198.35,22198.35,1,1,341.4973529411727,2.4207647058800035,22161.120000000003,21934.230000000003,22055.75707345424,21890.067405261863,165.6896681923754,60.58929696676423,87.07806594552306,22319.588361007496,21548.87163899251,223.23427438706435,0.004895836162642159,0.006002661813835934,0.8499245852186903,0.6031847133757962,-623.0,0.0034490474436139618,992.0,-0.000646026822493484,1307.0,-0.0008596846172717054,1342.0,6.307172832298313e-05,1171.0,0.0034490474436139618,0.005560578547395928
2024-02-28,402.0,2149.0,0.19,22214.1,22229.15,21915.85,21951.15,21951.15,0,1,315.7549999999974,-24.962000000001012,22140.34,21945.5025,22039.6636775382,21894.592041909134,145.07163562906499,52.06499958289136,54.86120161605645,22318.802773872627,21572.20222612737,229.66754050227425,0.011837076451442873,0.014103654885860914,0.11267156080434913,0.18706375058166588,-1747.0,-0.011135962808046407,947.0,-0.0077253238284877845,992.0,-0.011774795499871704,1307.0,-0.0047109392180021414,810.0,-0.011135962808046407,0.007116172436867747
2024-02-29,1242.0,1262.0,0.98,21935.2,22060.55,21860.65,21982.8,21982.8,1,1,286.2625000000007,-45.19544117646802,22093.41,21959.77,22030.9154194554,21901.12596473068,129.7894547247197,52.97718110541114,58.986054998044956,22315.453933286815,21604.086066713186,227.5412876092545,0.0021700280827162983,0.009113206170903288,0.6110555277638777,0.9841521394611727,-20.0,0.0014418378991531977,402.0,-0.009710181162113418,947.0,-0.0062946245940136425,992.0,-0.010561518086009025,1342.0,0.0014418378991531977,0.005754714825407254
2024-03-01,1652.0,900.0,1.84,22048.3,22353.3,22047.75,22338.75,22338.75,1,0,266.8655882352941,-45.783323529411405,22118.620000000003,21984.0175,22078.27458569303,21933.542559935817,144.7320257572137,61.78490093309519,98.23229255254535,22372.139304686854,21595.89569531315,237.7526242085935,0.01317335123342846,0.013858211290666368,0.9523809523809547,1.8355555555555556,752.0,0.016192204814673428,1242.0,0.017657389248399324,402.0,0.006324794410395462,947.0,0.0056746816010659895,1307.0,0.016192204814673428,0.010123539976521571
2024-03-04,876.0,1711.0,0.51,22403.5,22440.9,22358.3,22405.6,22405.6,0,0,308.4658823529426,4.696617647061089,22175.329999999998,22015.7125,22128.632341740256,21968.50977771835,160.12256402190542,63.179785418354946,96.12386076644307,22431.826498651066,21599.598501348937,228.06672247940833,9.373535385089583e-05,0.0036869239181378886,0.5726392251815742,0.5119812974868498,-835.0,0.0029925577751663823,1652.0,0.019233218698254895,1242.0,0.02070278778105017,402.0,0.012817528212801133,992.0,0.0029925577751663823,0.009690721090706018
2024-03-05,825.0,1733.0,0.48,22371.25,22416.9,22269.15,22356.3,22356.3,0,-1,337.9735294117636,34.909029411763925,22206.92,22037.0575,22163.658135318678,21997.234979368845,166.42315594983302,61.399863899647436,86.9060516947838,22476.418881181115,21597.696118818883,222.32981373087915,0.00066826842487571,0.006604458847851595,0.5898477157360258,0.4760530871321408,-908.0,-0.0022003427714499812,876.0,0.0007856303508477769,1652.0,0.016990556253070555,1242.0,0.007115393711694784,947.0,-0.0022003427714499812,0.009892462930510004
2024-03-06,558.0,2009.0,0.28,22327.5,22497.2,22224.35,22474.05,22474.05,1,-1,376.2226470588248,61.06461764705966,22311.5,22064.234999999997,22211.410729885032,22032.55461052671,178.85611935832276,64.00798385417107,96.36320791768102,22539.635406077206,21588.834593922787,225.93839846438794,0.006563654685925396,0.01222035606315092,0.9151548469855185,0.2777501244400199,-1451.0,0.005266971726090697,825.0,0.0030550398114757016,876.0,0.006056739969783509,1652.0,0.023821075433405392,402.0,0.005266971726090697,0.006955761469944474
2024-03-07,1571.0,989.0,1.59,22505.3,22525.65,22430.0,22493.55,22493.55,1,-1,448.33382352941044,100.76152941176332,22413.65,22103.015000000003,22254.81677144118,22066.70241715436,188.11435428681943,64.43653354970655,95.17293233082674,22585.58064952178,21620.449350478226,216.63208428836035,0.0005220992388459607,0.004250109974095056,0.6644014636696112,1.5884732052578363,582.0,0.000867667376374115,558.0,0.006139209082003827,825.0,0.0039253579462277255,876.0,0.023234073912331565,1242.0,0.000867667376374115,0.007028158860473178
2024-03-11,523.0,2082.0,0.25,22517.5,22526.6,22307.25,22332.65,22332.65,0,-1,468.25720588235345,80.40658823529446,22412.43,22130.5225,22266.791114296382,22086.40223810589,180.38887619049274,58.27121904468432,70.87619190629958,22599.397141533722,21661.647858466276,216.82622112490594,0.008209170645053783,0.009741312312645656,0.11579667198541885,0.25120076849183476,-1559.0,-0.007153161684127163,1571.0,-0.0062917008727843005,558.0,-0.0010578673572996244,825.0,-0.00027306809915494945,1652.0,-0.007153161684127163,0.004833431163375159
2024-03-12,414.0,2182.0,0.19,22334.45,22452.55,22256.0,22335.7,22335.7,1,-1,437.9208823529443,24.179264705884975,22398.45,22166.504999999997,22277.392481327708,22104.868738986934,172.52374234077433,58.35256571798037,71.33418424806688,22578.994562169002,21754.015437830993,215.377919615984,5.596735088618703e-05,0.008800306253344017,0.4054947850419793,0.18973418881759854,-1768.0,0.0001365713428544968,523.0,-0.007017567258169488,1571.0,-0.006155988795966794,558.0,-0.003119755775341737,876.0,0.0001365713428544968,0.0045448215776077985
2024-03-13,148.0,2443.0,0.06,22432.2,22446.75,21905.65,21997.7,21997.7,0,-1,383.82720588235316,-39.08514705882408,22326.73,22179.2275,22234.36286881575,22096.93031387679,137.4325549389614,47.33906633524124,20.57962309482692,22552.55076136122,21805.90423863878,238.64378250055648,0.01936947780422785,0.024121575235598762,0.1701164294954713,0.06058125255832992,-2295.0,-0.015132724741109493,414.0,-0.014998220094794013,523.0,-0.02204409708560895,1571.0,-0.016040221324637782,825.0,-0.015132724741109493,0.008021620789969113
2024-03-14,2022.0,556.0,3.64,21982.55,22204.6,21917.5,22146.65,22146.65,0,-1,301.78588235293864,-106.23911764706133,22261.25,22194.5575,22220.868581305636,22100.61325358962,120.25532771601502,51.668253434194554,42.94616712966458,22534.607798152167,21854.50720184783,242.1049408933738,0.007465012020898494,0.01306035923948762,0.7981539533263763,3.6366906474820144,1466.0,0.006771162439709544,148.0,-0.00846402843877736,414.0,-0.00832861303965271,523.0,-0.014567912770506286,558.0,0.006771162439709544,0.008436177790169676
2024-03-15,1112.0,1426.0,0.78,22064.85,22120.9,21931.7,22023.35,22023.35,0,0,191.6786764705903,-165.01529411764568,22167.210000000003,22200.1875,22190.481107258616,22094.89004962002,95.5910576385977,48.14021673238884,24.43126360837868,22524.626215127184,21875.748784872816,240.16530225813287,0.0018808194934477236,0.008574724052055678,0.48440803382662506,0.7798036465638148,-314.0,-0.005567433449302883,2022.0,0.0011660309941492475,148.0,-0.013984338973034305,414.0,-0.020903770191899484,1571.0,-0.005567433449302883,0.008204985870664597
2024-03-18,1278.0,1280.0,1.0,21990.1,22123.7,21916.55,22055.7,22055.7,0,0,99.85691176470573,-183.15700000000072,22111.82,22200.9375,22169.745552295753,22091.987082981497,77.75846931425622,49.121821723137856,29.28898565958407,22523.964286618968,21877.910713381032,237.80706638255205,0.002983160604090122,0.009420148157580069,0.6717354573980231,0.9984375,-2.0,0.0014688955131714199,1112.0,-0.0041067159141450205,2022.0,0.002636639285016118,148.0,-0.012401125706085092,523.0,0.0014688955131714199,0.00833136763929334
2024-03-19,713.0,1857.0,0.38,21946.45,21978.3,21793.1,21817.45,21817.45,1,1,-0.5720588235271862,-195.8873823529393,22008.170000000002,22185.6975,22115.546236557944,22071.651002760645,43.895233797298715,42.710032079852866,3.3197000681666236,22548.452875526506,21822.94212447349,239.5779902123699,0.005877943813236309,0.008438722435747044,0.13147948164147996,0.38395261173936457,-1144.0,-0.010802196257656771,1278.0,-0.00934916804210062,1112.0,-0.01486455062052272,2022.0,-0.023202765080118426,414.0,-0.010802196257656771,0.008894696797236548
2024-03-20,1104.0,1461.0,0.76,21843.9,21930.9,21710.2,21839.1,21839.1,1,1,-78.33294117647165,-181.2162352941188,21976.45,22167.805,22073.01604631826,22054.425002556152,18.591043762105983,43.43260331402987,15.78882900538929,22560.63007289935,21774.979927100652,238.2295623400578,0.00021974098031958168,0.010103507157604674,0.5840507476211935,0.75564681724846,-357.0,0.0009923249508994036,713.0,-0.009820590595628453,1278.0,-0.008366120503919716,1112.0,-0.007209844665578724,148.0,0.0009923249508994036,0.0068280067449655625
2024-03-21,2048.0,533.0,3.84,21989.9,22080.95,21941.3,22011.95,22011.95,0,1,-96.12014705882393,-119.42223529411858,21949.510000000002,22165.65,22063.621269961604,22051.278706070512,12.34256389109214,48.966759383890384,36.961048505634594,22561.38776670717,21769.912233292835,238.48816503005384,0.0010027330729107122,0.0063506427951014535,0.5059076262083833,3.8424015009380863,1515.0,0.007914703444739102,1104.0,0.008914882353345588,713.0,-0.0019836142131058887,1278.0,-0.006082183987194512,2022.0,0.007914703444739102,0.007181290810455952
2024-03-22,1667.0,885.0,1.88,21932.2,22180.7,21883.3,22096.75,22096.75,0,1,-96.91617647058592,-62.499294117645334,21964.190000000002,22159.615,22068.71799765982,22054.64695006529,14.071047594530683,51.474959966417984,47.34811366976976,22555.69010537571,21763.539894624293,242.69615324219293,0.007502667311076831,0.013559971183921424,0.7177202420981832,1.8836158192090395,782.0,0.0038524528721899376,2048.0,0.01179764733894717,1104.0,0.012801679389662812,713.0,0.003332826295727065,1112.0,0.0038524528721899376,0.00698151108250628
2024-03-26,859.0,1742.0,0.49,21947.9,22073.2,21947.55,22004.7,22004.7,1,1,-103.71176470588034,-28.581147058822538,21953.989999999998,22149.215,22058.869074942922,22050.94717598638,7.921898956541554,48.678193558701174,36.073003429691425,22550.06282286845,21748.36717713155,236.01785658203633,0.002587946910638342,0.005724921290875275,0.4548348587345865,0.4931113662456946,-883.0,-0.004165770984420725,1667.0,-0.00032936654862469883,2048.0,0.007582730057557496,1104.0,-0.0023123274255634207,1278.0,-0.004165770984420725,0.0072721084009844525
2024-03-27,1085.0,1493.0,0.73,22053.95,22193.6,22052.85,22123.65,22123.65,1,1,-64.4052941176451,23.491970588236285,22015.23,22149.295000000002,22068.83537110555,22056.33257035776,12.50280074778857,52.28590817582581,50.64306712395907,22550.121742993004,21748.468257007,232.652295397605,0.0031604315780166693,0.006382076680141199,0.5030195381882978,0.7267247153382451,-408.0,0.00540566333556014,859.0,0.0012173735956646503,1667.0,0.0050745163422596384,2048.0,0.014034637411796558,713.0,0.00540566333556014,0.004632682381897129
2024-03-28,1348.0,1217.0,1.11,22163.6,22516.0,22163.6,22326.9,22326.9,1,1,28.177794117644225,94.77291176470244,22112.79,22155.7225,22108.537621704698,22076.37460218311,32.16301952158756,57.751000039384884,75.5389514943658,22563.55120849583,21747.893791504168,244.05927429777597,0.0073679366167952376,0.015899944052410325,0.4633938706015954,1.1076417419884963,131.0,0.009187001240753778,1085.0,0.014642326412084739,859.0,0.010415558849152129,1667.0,0.022336085278239715,1104.0,0.009187001240753778,0.005242723273004843
2024-04-01,2279.0,331.0,6.89,22455.0,22529.95,22427.75,22462.0,22462.0,0,1,102.87941176470486,129.67461764705732,22202.8,22181.265000000003,22162.916449134744,22104.93944646584,57.97700266890388,60.95250010456958,91.71088746569067,22598.524844819003,21764.005155181003,241.13004041936333,0.00031173458027165444,0.004551324871966187,0.33512720156555537,6.885196374622357,1948.0,0.00605099677966936,1348.0,0.01529358853534557,1085.0,0.020781923861720397,859.0,0.02044571244255966,2048.0,0.00605099677966936,0.004994177101083079
2024-04-02,1960.0,627.0,3.13,22458.8,22497.6,22388.15,22453.3,22453.3,0,1,163.71029411764903,138.3802058823545,22274.11,22204.79,22207.59084157555,22130.743931912817,76.8469096627341,60.633859672223814,90.64958828911236,22627.65524165315,21781.924758346853,231.72432324655145,0.0002448928705006501,0.004873368122962807,0.5952489721333901,3.1259968102073366,1333.0,-0.0003873208084765878,2279.0,0.00566133229422805,1348.0,0.014900344201792981,1085.0,0.016135857083055205,1667.0,-0.0003873208084765878,0.0053842160398014675
2024-04-03,1877.0,716.0,2.62,22385.7,22521.1,22346.5,22434.65,22434.65,1,1,226.9077941176438,135.45379411764443,22360.1,22209.585,22242.5230197947,22153.255492511867,89.267527282831,59.91082532586358,88.37450442208,22640.515518875578,21778.65448112442,227.64401444322624,0.002186663807698697,0.0077996220801671845,0.5048682703322004,2.6215083798882683,1161.0,-0.0008306128720498851,1960.0,-0.0012176119668773078,2279.0,0.004826017046701603,1348.0,0.0195390075756543,859.0,-0.0008306128720498851,0.004347554080465675
2024-04-04,1579.0,984.0,1.6,22592.1,22619.0,22303.8,22514.65,22514.65,0,0,270.82735294117447,112.3268235294112,22438.300000000003,22215.0375,22284.388709057053,22180.025456029507,104.3632530275463,62.00387189504164,88.5178257042255,22658.332828052728,21771.74217194727,233.89801341156726,0.0034281894998692947,0.013951779604375015,0.6689403553299547,1.6046747967479675,595.0,0.0035659125504521327,1877.0,0.0027323377855372755,1960.0,0.002343958685780523,2279.0,0.017673394760810313,1085.0,0.0035659125504521327,0.004263739692364354
2024-04-05,1530.0,1031.0,1.48,22486.4,22537.6,22427.6,22513.7,22513.7,1,-1,276.3851470588197,68.24314705882134,22475.66,22222.9075,22319.667369202125,22204.742088916213,114.92528028591187,61.96250060972386,88.41329225352119,22681.287079904447,21764.527920095556,225.04815531074104,0.001214067169489081,0.004891845737868222,0.7827272727272926,1.483996120271581,499.0,-4.2194748752555356e-05,1579.0,0.0035235673389153455,1877.0,0.0026900277464783073,1960.0,0.008366589181659778,1348.0,-4.2194748752555356e-05,0.0030085234122748327
2024-04-08,1201.0,1360.0,0.88,22578.35,22697.3,22550.35,22666.3,22666.3,1,-1,283.3360294117665,39.10270588235579,22516.52,22232.52,22372.99546624795,22238.931563811308,134.06390243664282,65.89861598871468,96.85948738729611,22718.77827437523,21746.261725624772,222.08757278854515,0.003895324503340622,0.006508447251459949,0.7890438924804366,0.8830882352941176,-159.0,0.006778095115418603,1530.0,0.006735614366645715,1579.0,0.010325545528902635,1877.0,0.009095361054224815,2279.0,0.006778095115418603,0.003278591498755848
2024-04-09,1037.0,1513.0,0.69,22765.1,22768.4,22612.25,22642.75,22642.75,1,-1,313.075294117647,38.96897058823669,22554.41,22239.98,22414.496163748267,22268.844040566026,145.65212318224076,64.7844555426951,88.126063126063,22746.196259516004,21733.763740483995,217.37774616079201,0.005374454757501551,0.0068591835748580705,0.19532500800512145,0.6853932584269663,-476.0,-0.0010389873953843276,1201.0,0.005732065364644656,1530.0,0.005689628752834297,1579.0,0.008437512525998336,1960.0,-0.0010389873953843276,0.003398862185535159
2024-04-10,1334.0,1212.0,1.1,22720.25,22775.7,22673.7,22753.8,22753.8,0,-1,352.994999999999,53.67123529411765,22618.24,22261.0375,22466.69675394084,22304.7667042278,161.9300497130389,67.56894072804592,97.9446269357108,22813.817637915043,21708.257362084954,211.34719286359265,0.0014766562867925869,0.004489387220651181,0.7852941176470446,1.1006600660066006,122.0,0.004904439610913025,1037.0,0.003860356564591383,1201.0,0.010664617543984178,1530.0,0.014225762380959628,1877.0,0.004904439610913025,0.003303438683594596
2024-04-12,867.0,1717.0,0.5,22677.4,22726.45,22503.75,22519.4,22519.4,0,-1,369.48867647058796,50.43264705882393,22619.19,22270.2225,22474.80494564225,22320.665466877592,154.13947876465681,57.27464504131877,71.27969520394454,22833.661726956532,21706.783273043467,214.1116790876217,0.006967289019023344,0.009820349775547493,0.07027391109116032,0.504950495049505,-850.0,-0.010301576000492085,1334.0,-0.00544765984697082,1037.0,-0.0064809871924398355,1201.0,0.0002109737437623327,1579.0,-0.010301576000492085,0.006655484043055661
2024-04-15,475.0,2138.0,0.22,22339.05,22427.45,22259.55,22272.5,22272.5,0,0,335.2032352941169,4.383588235293416,22570.95,22283.9625,22443.68110785113,22317.09765451629,126.58345333484249,48.83492204573539,43.61272971761543,22833.3766851767,21734.548314823303,217.37870200993459,0.0029790881886203433,0.007515986579554702,0.07712924359738306,0.22217025257249767,-1663.0,-0.010963880032327733,867.0,-0.02115251078940661,1334.0,-0.016351812390279497,1037.0,-0.01071347668308631,1530.0,-0.010963880032327733,0.008289145623366908
2024-04-16,1551.0,1002.0,1.55,22125.3,22213.75,22079.45,22147.9,22147.9,1,1,237.32514705882204,-84.29232352941256,22467.27,22284.025,22398.17632202788,22304.564494922488,93.61182710539288,45.21399091438301,24.192477208235445,22833.376970505593,21734.67302949441,215.6409375806535,0.001021455076315448,0.006069974192440296,0.5096798212956151,1.5479041916167664,549.0,-0.005594342799416285,475.0,-0.016496887128431448,867.0,-0.026628519192398503,1334.0,-0.022870958206676728,1201.0,-0.005594342799416285,0.0066522708952202305
2024-04-18,1168.0,1400.0,0.83,22212.35,22326.5,21961.7,21995.85,21995.85,0,1,130.9536764705881,-154.23947058823467,22337.89,22282.65,22336.279964792822,22281.69675455786,54.58321023496319,41.1994638012867,4.1953316953314275,22834.73577232019,21730.564227679813,226.2951563248925,0.00974683002924049,0.016423296049269856,0.09361293859648544,0.8342857142857143,-232.0,-0.006865210697176827,1551.0,-0.012421147154562884,475.0,-0.02324884321962406,867.0,-0.028569851276898817,1037.0,-0.006865210697176827,0.006377409359270985
2024-04-19,1162.0,1396.0,0.83,21861.5,22179.55,21777.65,22147.0,22147.0,1,1,-13.558970588237571,-225.44132352941307,22216.53,22287.215,22307.15997020931,22271.719217183203,35.44075302610872,46.30350210425592,37.00716396974087,22833.195097712705,21741.234902287295,238.83835944454287,0.013059488141252887,0.018383916931591967,0.9190097039064458,0.832378223495702,-234.0,0.006871750807538657,1168.0,-4.06359067903761e-05,1551.0,-0.005634751375014013,475.0,-0.02666807302516505,1334.0,0.006871750807538657,0.0072069130197215696
2024-04-22,1838.0,739.0,2.49,22336.9,22375.65,22198.15,22336.4,22336.4,1,1,-83.16808823529209,-204.51908823529158,22179.93,22313.1625,22311.65843633096,22276.510386280745,35.148050050214806,51.93377168942876,55.984169129803156,22814.908628907215,21811.416371092782,238.1106194842185,2.238448486584978e-05,0.007946492127376673,0.7788732394366197,2.487144790257104,1099.0,0.008551948345148386,1162.0,0.015482466010633855,1168.0,0.008510964922182174,1551.0,-0.008126326633924541,867.0,0.008551948345148386,0.008749172593425975
2024-04-23,1572.0,997.0,1.58,22447.05,22447.55,22349.45,22368.0,22368.0,1,1,-81.75632352941102,-119.71541176470491,22199.03,22339.607500000002,22320.326369203118,22283.28739470439,37.03897449872602,52.82258220890736,59.1503431691798,22791.941674337268,21887.273325662736,229.04200380677415,0.003521620881140251,0.00437028473674708,0.1890927624872533,1.576730190571715,575.0,0.0014147311115488836,1838.0,0.009978778164085433,1162.0,0.016919100648531415,1168.0,0.004287798855090452,475.0,0.0014147311115488836,0.00701696374334643
2024-04-24,1564.0,984.0,1.59,22421.55,22476.45,22384.0,22402.4,22402.4,0,1,-38.84382352940884,-21.569117647056554,22249.93,22359.129999999997,22332.953081633408,22292.110550652214,40.842530981193704,53.82360780493169,62.597064275336955,22786.21123981085,21932.048760189144,220.42828924914747,0.0008540890348792933,0.004123265340710198,0.1990265008112635,1.589430894308943,580.0,0.0015379113018598733,1572.0,0.0029548181443741495,1838.0,0.011532035941662633,1162.0,0.011490931420134576,1551.0,0.0015379113018598733,0.006028127945094676
2024-04-25,1389.0,1166.0,1.19,22316.9,22625.95,22305.25,22570.35,22570.35,1,0,17.659852941174904,57.59332352940983,22364.829999999998,22382.809999999998,22369.475684459037,22312.72088023353,56.75480422550754,58.45811407169616,79.42487851310031,22801.509821588657,21964.110178411338,227.59055430277982,0.011356864080584539,0.0143702754414816,0.8266292485188586,1.1912521440823327,223.0,0.007496964610934409,1564.0,0.009046405579399064,1572.0,0.01047393492236881,1838.0,0.026118563274435846,1168.0,0.007496964610934409,0.0034293694325962898
2024-04-26,1288.0,1270.0,1.01,22620.4,22620.4,22385.55,22419.95,22419.95,1,0,119.49441176470646,132.81720588235257,22419.420000000002,22403.572500000002,22377.24096377303,22320.66377799401,56.57718577902051,53.2992175085308,64.3554932117629,22784.712443424167,22022.432556575837,228.1090861382957,0.008861470177362059,0.010382221357712603,0.14647647434533165,1.0141732283464566,18.0,-0.006663609558557937,1389.0,0.0007833982073348622,1564.0,0.002322514306151602,1572.0,0.012324468325281002,1162.0,-0.006663609558557937,0.006075887695396096
2024-04-29,1310.0,1286.0,1.02,22475.55,22655.8,22441.9,22643.4,22643.4,1,-1,165.83073529411922,129.35376470588307,22480.82,22429.56,22418.18850780795,22344.57016480927,73.61834299868133,59.07741388127695,86.7441510946346,22801.579328259133,22057.54067174087,228.66200855698875,0.007468115352015955,0.009517008482550942,0.942028985507256,1.0186625194401244,24.0,0.009966569952207793,1288.0,0.00323654706285037,1389.0,0.010757775952576543,1564.0,0.013744381368528513,1838.0,0.009966569952207793,0.006451370019457998
2024-04-30,1203.0,1377.0,0.87,22679.65,22783.35,22568.4,22604.85,22604.85,0,-1,212.0380882352947,116.80223529411742,22528.190000000002,22443.457499999997,22446.90566045288,22363.850152601175,83.05550785170635,57.74987307110161,82.25116834045933,22819.83938090472,22067.075619095274,227.6825793743465,0.0032981108614993137,0.009477659487690377,0.1695743196092002,0.8736383442265795,-174.0,-0.0017024828426828176,1310.0,0.008247119195180952,1288.0,0.0015285540543235054,1389.0,0.010588787553647894,1572.0,-0.0017024828426828176,0.006756148268076857
2024-05-02,1302.0,1293.0,1.01,22567.85,22710.5,22567.85,22648.2,22648.2,1,-1,249.08250000000044,96.2613823529413,22577.35,22452.767499999998,22477.874020383206,22384.913104260348,92.96091612285818,58.869164904223524,86.561598886348,22839.590132834965,22065.94486716503,221.60882370475042,0.0035603746036951766,0.006320938857711366,0.5632667367683236,1.0069605568445477,9.0,0.001917730044658672,1203.0,0.0002119822994779419,1310.0,0.010180664988102217,1288.0,0.010972038710138188,1564.0,0.001917730044658672,0.006750000369343378
2024-05-03,894.0,1694.0,0.53,22766.35,22794.7,22348.05,22475.85,22475.85,1,-1,265.6948529411784,63.26673529411855,22558.45,22453.895,22477.562632631943,22391.649170611432,85.91346202051136,52.87197601027695,68.64952558871222,22840.848702525735,22066.941297474266,237.6831934401255,0.012760060352230375,0.019618867319530865,0.28613007948057506,0.5277449822904369,-800.0,-0.007609876281558847,1302.0,-0.005706739925281479,1203.0,-0.007399507141153894,1310.0,-0.004186908931407829,1389.0,-0.007609876281558847,0.007156713837518545
2024-05-06,770.0,1848.0,0.42,22561.6,22588.8,22409.45,22442.7,22442.7,1,-1,260.664558823526,30.00241176470226,22563.0,22454.2975,22472.199150688568,22395.430713529106,76.76843715946234,51.77934546443569,65.3900988152008,22841.187033941376,22067.407966058625,233.51653676583072,0.0052700163108998395,0.00794934756400249,0.18539169222191396,0.4166666666666667,-1078.0,-0.0014749164102803025,894.0,-0.009073568760431305,1302.0,-0.007173239371196738,1203.0,0.001014721263874252,1288.0,-0.0014749164102803025,0.006437265643691812
2024-05-07,597.0,1995.0,0.3,22489.75,22499.05,22232.05,22302.5,22302.5,0,0,218.43544117646888,-22.74764705882481,22494.82,22443.69,22446.091589044176,22388.546956971393,57.544632072782406,47.32496544459683,51.60513249102787,22834.987133388906,22052.39286661109,235.90821271112853,0.00832601518469525,0.01187207505641459,0.26385767790262443,0.2992481203007519,-1398.0,-0.006247020189192987,770.0,-0.007712722766880842,894.0,-0.01526390618238982,1302.0,-0.015055159560843356,1310.0,-0.006247020189192987,0.003872495366366024
2024-05-08,1431.0,1118.0,1.28,22231.2,22368.65,22185.2,22302.5,22302.5,0,0,132.29617647058694,-92.93852941176519,22434.35,22433.129999999997,22424.00057534507,22382.173108306844,41.82746703822704,47.32496544459683,51.60513249102787,22827.685490898777,22038.574509101218,232.16119751747652,0.0032072042894670224,0.00825191622584479,0.6394112837285298,1.279964221824687,313.0,0.0,597.0,-0.006247020189192987,770.0,-0.007712722766880842,894.0,-0.013375448189215988,1203.0,0.0,0.004086594595078602
2024-05-09,413.0,2156.0,0.19,22224.8,22307.75,21932.4,21957.5,21957.5,1,1,25.718088235298637,-154.84373529411315,22296.21,22397.69,22352.23125606121,22350.715841024856,1.5154150363559893,37.996421629965035,17.683496386608198,22827.830896217016,21967.54910378298,242.38896912337097,0.01202710485583669,0.016888790900255506,0.06687092047422044,0.19155844155844157,-1743.0,-0.01546911781190452,1431.0,-0.01546911781190452,597.0,-0.021619502109817446,770.0,-0.030496904831289084,1302.0,-0.01546911781190452,0.006096412802839429
2024-05-10,1591.0,965.0,1.65,21990.95,22131.3,21950.3,22055.2,22055.2,0,1,-81.00499999999738,-192.226852941174,22212.08,22368.3125,22306.5341397441,22328.825778726718,-22.29163898261686,41.512409990761384,14.24098341644432,22807.650683946467,21928.974316053533,238.0040427574159,0.0029216564086590163,0.008230658520891549,0.5795580110497318,1.6487046632124351,626.0,0.0044495047250370234,413.0,-0.011088442999663717,1431.0,-0.011088442999663717,597.0,-0.018715643679771743,894.0,0.0044495047250370234,0.007583587556511337
2024-05-13,1075.0,1502.0,0.72,22027.95,22131.65,21821.05,22104.05,22104.05,1,1,-188.22617647058723,-209.66988235294122,22144.35,22335.825,22275.382733629624,22312.175721043255,-36.792987413631636,43.24536271279845,29.065886098700723,22751.809495502395,21919.840504497606,243.18946827474352,0.003454701867400214,0.014100268068522135,0.9111397295556922,0.7157123834886817,-427.0,0.0022148971671078765,1591.0,0.006674257087555535,413.0,-0.008898105593543315,1431.0,-0.015089539137447927,770.0,0.0022148971671078765,0.008026701951970206
2024-05-14,1917.0,638.0,3.0,22112.9,22270.05,22081.25,22217.85,22217.85,1,1,-236.65029411764772,-167.07685294117837,22127.42,22320.7475,22266.53154384045,22305.188630595607,-38.65708675515634,47.17224194852887,40.753864324962635,22730.841928727557,21910.653071272445,239.30450625511892,0.004746098431232316,0.00853800270430379,0.7235169491525375,3.0047021943573666,1279.0,0.005148377785971325,1075.0,0.007374678080452668,1591.0,0.01185699647045424,413.0,-0.003795538616747085,597.0,0.005148377785971325,0.008482769296564331
2024-05-15,1503.0,1024.0,1.47,22255.6,22297.55,22151.75,22200.55,22200.55,1,1,-253.3854411764696,-106.67567647058894,22107.03,22317.15,22256.380537095767,22297.437620921857,-41.05708382609009,46.64388258191941,38.97704513942376,22730.126507804478,21904.173492195525,232.6256129511818,0.0024735347508042594,0.006551160157443487,0.33470507544581285,1.4677734375,479.0,-0.000778653200017021,1917.0,0.004365715785116242,1075.0,0.006590282563749161,1591.0,-0.004571236408474455,1431.0,-0.000778653200017021,0.008473130068699054
2024-05-16,1459.0,1092.0,1.34,22319.2,22432.25,22054.55,22403.85,22403.85,1,1,-234.9380882352889,-36.09708823529073,22196.3,22329.9475,22279.06814677334,22305.320019372088,-26.25187259874656,53.26806944454579,59.8572382272889,22736.97177135661,21922.923228643387,242.98806916895458,0.0037926986630344196,0.016922649557331835,0.9248080487159084,1.336080586080586,367.0,0.009157430784372478,1503.0,0.008371647121571124,1917.0,0.01356312530961512,1075.0,0.02032790618239777,413.0,0.009157430784372478,0.0036788142799620348
2024-05-17,1671.0,910.0,1.84,22415.25,22502.15,22345.65,22466.1,22466.1,1,1,-170.4805882352921,46.255529411765025,22278.48,22353.46,22307.84227803898,22317.22964756675,-9.387369527768897,55.10597650210463,66.25070610589003,22734.03939986076,21972.880600139237,236.81034994260068,0.002268544852276845,0.006981853871806025,0.7696485623003009,1.8362637362637362,761.0,0.002778540295529597,1459.0,0.01196141537033979,1503.0,0.01117344837596801,1917.0,0.018630527041241907,1591.0,0.002778540295529597,0.0037079042956031927
2024-05-18,1721.0,695.0,2.48,22512.85,22520.25,22470.05,22502.0,22502.0,0,1,-77.65955882352864,116.96323529411674,22358.07,22371.21,22337.712696802213,22330.916340339583,6.796356462629774,56.17640484984232,69.93786268166176,22744.66429385452,21997.75570614548,223.7631820895579,0.0004819469769486558,0.0022298376260669233,0.6364541832669376,2.4762589928057555,1026.0,0.0015979631533733496,1671.0,0.004380943453915265,1459.0,0.013578492424737298,1503.0,0.018003488048570215,1075.0,0.0015979631533733496,0.003779424751000466
2024-05-21,1066.0,1566.0,0.68,22404.55,22591.1,22404.55,22529.05,22529.05,1,1,-17.87235294117272,132.99485294117767,22420.31,22380.842500000002,22367.149204986486,22345.592907721835,21.55629726465122,57.008192148766646,72.71606840240322,22760.101402694952,22001.583597305053,221.1050976545894,0.005556906967557929,0.008326433693156046,0.6673813990887187,0.6807151979565773,-500.0,0.0012021153675227936,1721.0,0.0028019994569596918,1671.0,0.005588325220888368,1459.0,0.014006755829209405,1917.0,0.0012021153675227936,0.0037822582635582834
2024-05-22,1257.0,1313.0,0.96,22576.6,22629.5,22483.15,22597.8,22597.8,1,0,46.18397058823393,137.13729411764362,22499.76,22392.332499999997,22402.63394268087,22364.274914557256,38.359028123613825,59.131361182319736,79.77712730447274,22783.088639137153,22001.57636086284,215.76544782211863,0.0009390253625435508,0.006482375556992575,0.783395968568493,0.9573495811119573,-56.0,0.003051615580772271,1066.0,0.004257399342280754,1721.0,0.005862165662932073,1671.0,0.017893700831736137,1503.0,0.003051615580772271,0.003225272991209891
2024-05-23,1177.0,1388.0,0.85,22614.1,22993.6,22577.45,22967.65,22967.65,0,-1,144.5310294117662,159.59052941176486,22612.519999999997,22420.595,22489.559489960735,22408.96936533079,80.5901246299436,68.22311698460457,97.7868747601384,22885.0011357243,21956.188864275704,230.07863012053855,0.015634051321962977,0.018402235773256413,0.9376426769193867,0.8479827089337176,-211.0,0.016366637460283773,1257.0,0.019468197726934866,1066.0,0.020693716114123184,1721.0,0.025165317568185852,1459.0,0.016366637460283773,0.00640174414998681
2024-05-24,1020.0,1573.0,0.65,22930.75,23026.4,22908.0,22957.1,22957.1,1,-1,237.5027941176486,170.9656176470591,22710.72,22439.932500000003,22561.48879919755,22449.571634565546,111.91716463200282,67.76005104967136,94.25063259634108,22956.903983036904,21922.9610169631,222.10158511192876,0.001149112000261594,0.005163372327551496,0.41469594594592857,0.6484424666242848,-553.0,-0.0004593417262978017,1177.0,0.01589977785448138,1257.0,0.018999913445085337,1066.0,0.021855150649200406,1671.0,-0.0004593417262978017,0.006831874085736811
2024-05-27,1036.0,1592.0,0.65,23038.95,23110.8,22871.2,22932.45,22932.45,1,1,321.09632352941117,174.80797058823373,22796.81,22465.557500000003,22618.559753167156,22485.340402375507,133.21935079164905,66.62221551058221,86.17173870905225,23025.082110069456,21906.03288993055,223.35147188964802,0.004622606498994095,0.010399779503840172,0.2556343906510867,0.6507537688442211,-556.0,-0.001073741892486324,1020.0,-0.0015325904043296257,1177.0,0.014808963704431521,1257.0,0.01912941071904717,1721.0,-0.001073741892486324,0.007195889262451625
2024-05-28,749.0,1827.0,0.41,22977.15,22998.55,22858.5,22888.15,22888.15,0,-1,394.12088235294505,165.43388235294407,22868.629999999997,22477.795,22660.035175756824,22515.178150347692,144.8570254091319,64.5251767458931,82.73696452800948,23062.482999618915,21893.107000381082,217.40136675467312,0.003873413369369134,0.006095185869439824,0.21171010353446348,0.4099616858237548,-1078.0,-0.0019317604529824894,1036.0,-0.0030034281333441992,1020.0,-0.0034613902597784296,1177.0,0.015939420437169005,1066.0,-0.0019317604529824894,0.007605467486976127
2024-05-29,1081.0,1500.0,0.72,22762.75,22825.5,22685.45,22704.7,22704.7,0,0,430.0788235294094,124.61285294117334,22890.010000000002,22482.7875,22666.90668717885,22529.21680587749,137.68988130135767,56.58247906803504,68.51327776700923,23073.404920902372,21892.170079097625,216.35126912933939,0.002550219107972423,0.006152595797959353,0.13745091038914745,0.7206666666666667,-419.0,-0.008015064563977492,749.0,-0.00993134183220723,1036.0,-0.010994420026919638,1020.0,0.004730548991494832,1257.0,-0.008015064563977492,0.009116299590857616
2024-05-30,606.0,1958.0,0.31,22617.45,22705.75,22417.0,22488.65,22488.65,1,1,389.0414705882358,34.673411764705804,22794.21,22474.81,22639.482581459026,22526.211857293973,113.27072416505325,48.941677542620845,51.76196937390984,23060.56506024137,21889.054939758633,221.5226070486723,0.00569471801639881,0.01276669120524197,0.24813852813853318,0.30949948927477017,-1352.0,-0.009515650944518117,1081.0,-0.01745444695180698,749.0,-0.01935248959443925,1036.0,-0.020855420558916538,1177.0,-0.009515650944518117,0.004234435717007538
2024-05-31,1166.0,1406.0,0.83,22568.1,22653.75,22465.1,22530.7,22530.7,1,1,312.34749999999985,-56.98950000000042,22708.93,22477.552499999998,22622.7467996961,22526.544312309234,96.20248738686496,50.347071960346334,45.07928994082854,23063.81475144842,21891.290248551577,219.17456368805298,0.001657206410818714,0.008359144101630241,0.3477338987543158,0.829302987197724,-240.0,0.0018698321153114428,606.0,-0.007663611498940792,1081.0,-0.015617251721960934,749.0,-0.01857377456211795,1020.0,0.0018698321153114428,0.00483432967929989
2024-06-03,1661.0,971.0,1.71,23337.9,23338.7,23062.3,23263.9,23263.9,0,0,337.0298529411775,-35.49385294117599,22775.22,22518.6125,22721.385753589006,22581.16325213818,140.2225014508258,67.26597577438827,94.17513530350823,23197.129465059363,21840.095534940636,261.2335234246206,0.0031708079990059087,0.011843396363854564,0.7293777134587595,1.7106076210092689,690.0,0.03254226455458564,1166.0,0.034472945241266206,606.0,0.02462926178280278,1081.0,0.014453318332755538,1036.0,0.03254226455458564,0.017148743349917214
2024-06-04,179.0,2448.0,0.07,23179.5,23179.5,21281.45,21884.5,21884.5,1,1,200.7441176470602,-133.1042352941164,22574.49,22497.7125,22592.634099190695,22529.55856679461,63.07553239608387,39.793719074965274,29.313403815773448,23225.528989146387,21769.896010853616,384.1775574657192,0.05586833193123234,0.08188485515218186,0.31772081873501723,0.07312091503267974,-2269.0,-0.05929358362097503,1661.0,-0.028680866550972683,1166.0,-0.02686466284103317,606.0,-0.04385020196040312,749.0,-0.05929358362097503,0.03306529223546163
2024-06-05,1913.0,709.0,2.7,22128.35,22670.4,21791.95,22620.35,22620.35,1,1,93.39661764706398,-173.1152941176435,22557.62,22513.605000000003,22596.898083930588,22536.283858143157,60.61422578743077,51.235346206127325,65.08202697776146,23237.54765166405,21789.662348335958,419.4827319324536,0.022233921643502567,0.039697944040111476,0.9430246456827334,2.698166431593794,1204.0,0.03362425460942675,179.0,-0.027663031563925355,1661.0,0.003979015299125033,1166.0,-0.0037150898272164667,1081.0,0.03362425460942675,0.038076380324028665
2024-06-06,2174.0,422.0,5.15,22798.6,22910.15,22642.6,22821.4,22821.4,0,1,117.80029411764917,-94.46338235294098,22624.170000000002,22556.8,22631.43684024896,22557.403572354775,74.03326789418497,53.81772968946413,74.85478186899991,23245.078089872375,21868.521910127623,410.21967965156426,0.001000061407279522,0.011735369715684426,0.6682863016258679,5.151658767772512,1752.0,0.008888014553267487,1913.0,0.042811122027005544,179.0,-0.019020886437785545,1661.0,0.014796352826870418,606.0,0.008888014553267487,0.0378339884150403
2024-06-07,2139.0,486.0,4.4,22821.85,23320.2,22789.05,23290.15,23290.15,1,1,185.19249999999738,-1.6401764705922801,22776.06,22618.5475,22732.777326364507,22611.681085513683,121.09624085082396,59.23769173991149,97.64005346943739,23336.680946145883,21900.414053854118,418.85755967645264,0.020519808867379415,0.02327374862248247,0.9434246446389924,4.401234567901234,1653.0,0.020539931818380985,2174.0,0.029610505584573232,1913.0,0.06423039137288966,179.0,0.033707341538434354,1166.0,0.020539931818380985,0.03854430351959871
2024-06-10,1729.0,932.0,1.86,23319.15,23411.9,23227.15,23259.2,23259.2,1,1,178.6261764705887,23.474235294116795,22775.120000000003,22676.305,22813.765430000734,22659.64544954971,154.11998045102519,58.74744579285917,92.83250017601912,23405.35748158028,21947.252518419722,402.13559112813465,0.0025708484228627853,0.007922672996228421,0.1734776725304426,1.8551502145922747,797.0,-0.0013288879633664985,2139.0,0.019183748586852678,2174.0,0.028242268576746277,1913.0,-0.00020202975425442915,1661.0,-0.0013288879633664985,0.035874051850504914
2024-06-11,1645.0,972.0,1.69,23283.75,23389.45,23206.65,23264.85,23264.85,1,1,365.68382352941626,177.54394117647317,23051.19,22728.655,22883.163056154466,22704.47541624973,178.687639904736,58.814454799790816,93.09770236335032,23468.787607644303,21988.522392355695,386.4687631904107,0.0008117249154453838,0.007850969023460537,0.3183807439824799,1.6923868312757202,673.0,0.00024291463162962046,1729.0,-0.0010862961380671,2139.0,0.01943132323170338,2174.0,0.06307432200872753,179.0,0.00024291463162962046,0.01470831717738222
2024-06-12,1758.0,861.0,2.04,23344.45,23441.95,23295.95,23322.95,23322.95,1,1,565.6292647058835,283.04285294117653,23191.71,22784.775,22950.822585976857,22750.288348379378,200.53423759747966,59.542229003734754,94.49201573709789,23526.43313586743,22043.11686413257,371.51385153395296,0.0009209897855807269,0.006254163195106331,0.18493150684931506,2.0418118466898956,897.0,0.0024973296625596664,1645.0,0.0027408509321042995,1729.0,0.001408320684924691,2139.0,0.03106052735700393,1913.0,0.0024973296625596664,0.008926571146706416
2024-06-13,1594.0,1041.0,1.53,23480.95,23481.05,23353.9,23398.9,23398.9,1,0,665.8529411764684,273.65599999999756,23307.21,22834.527500000004,23019.75757274965,22798.33365590683,221.4239168428212,60.5242451112999,96.26523004182587,23600.402605662377,22068.65239433763,356.2700049958134,0.003494321992934667,0.005415027926893836,0.3539127015336278,1.531219980787704,553.0,0.00325644911985834,1758.0,0.005761911209399617,1645.0,0.006006225493568218,1729.0,0.025305196000245278,2174.0,0.00325644911985834,0.008852525946159309
2024-06-14,1536.0,1085.0,1.42,23464.95,23490.4,23334.25,23465.6,23465.6,1,0,710.6473529411742,213.35944117646795,23342.3,22884.5025,23088.34871540355,22847.760792506324,240.58792289722624,61.410120868443265,98.8772946422507,23677.646503616834,22091.358496383164,341.975718924684,2.7700890050812687e-05,0.006654606125306104,0.8411783541466367,1.415668202764977,451.0,0.002850561351174452,1594.0,0.006116293179035948,1758.0,0.008628897241976574,1645.0,0.007533227566159928,2139.0,0.002850561351174452,0.001967650832498528
2024-06-18,1494.0,1191.0,1.25,23570.8,23579.05,23499.7,23557.9,23557.9,1,1,725.4842647058831,118.824735294118,23402.04,22937.2975,23160.587374572235,22900.363696765115,260.2236778071201,62.658912238203015,99.07947423398338,23761.530093673256,22113.064906326745,325.65245328720664,0.0005472873216012108,0.003366453408454467,0.7334593572779055,1.2544080604534005,303.0,0.003933417428064967,1536.0,0.006795191226937947,1594.0,0.01007376854128661,1758.0,0.012842230171287161,1729.0,0.003933417428064967,0.0013989710656184238
2024-06-19,1039.0,1602.0,0.65,23629.85,23664.0,23412.9,23516.0,23516.0,1,1,748.1944117647035,65.03276470588094,23452.27,22986.645,23215.26624002266,22945.966385893626,269.29985412903625,61.68307034451249,93.78816813917861,23825.25383485588,22148.03616514412,320.3272780524061,0.004818058514971468,0.010626389926300783,0.41059338908800935,0.6485642946317104,-563.0,-0.0017785965642099777,1494.0,0.0021478249011319672,1536.0,0.005004508758958748,1594.0,0.010795255503474266,1645.0,-0.0017785965642099777,0.0022610885463844196
2024-06-20,1676.0,963.0,1.74,23586.15,23624.0,23442.6,23567.0,23567.0,1,1,754.7666176470593,33.77750000000162,23501.08,23035.105000000003,23269.379126173022,22991.96887582743,277.4102503455906,62.44963987071613,95.92873182094814,23890.08663132218,22180.123368677825,310.40390104866293,0.0008119171632505285,0.0076909542252551364,0.6857772877618548,1.7403946002076842,713.0,0.0021687361796223215,1039.0,0.000386282308694641,1494.0,0.004321219146324884,1536.0,0.010463942168550622,1758.0,0.0021687361796223215,0.0022532980367959456
2024-06-21,1166.0,1451.0,0.8,23661.15,23667.1,23398.2,23501.1,23501.1,0,1,749.5288235294138,11.804529411767021,23521.519999999997,23061.7775,23305.028491377172,23029.682292432804,275.34619894436764,60.758165494172474,93.04172866933538,23939.654560569037,22183.900439430963,307.439336688044,0.006764252794137347,0.011364620908112995,0.3826701375976149,0.8035837353549277,-285.0,-0.0027962829380066,1676.0,-0.0006336111583603588,1039.0,-0.002411080783940922,1494.0,0.004367726688006668,1594.0,-0.0027962829380066,0.0029770121198751122
2024-06-24,1323.0,1319.0,1.0,23382.3,23558.1,23350.0,23537.85,23537.85,1,1,729.7877941176484,-11.764588235293218,23535.97,23090.815,23340.847185011455,23067.32434484519,273.52284016626436,61.386272766219356,94.58218934043131,23991.055499587932,22190.574500412065,300.34366978175507,0.0066524678923801026,0.008899894364540637,0.9026910139356072,1.0030326004548902,4.0,0.0015637565901169825,1166.0,-0.0012368990537616753,1676.0,0.0009291546181322552,1039.0,0.0030789751806901133,1536.0,0.0015637565901169825,0.002814792790275016
2024-06-25,1147.0,1474.0,0.78,23577.1,23754.15,23562.05,23721.3,23721.3,0,1,715.5166176470557,-24.042235294120474,23568.65,23130.2575,23399.378387317385,23115.76698596777,283.61140134961533,64.44558052209541,98.32585872999684,24067.645619336556,22192.869380663444,294.3405505116299,0.006116104185841378,0.008147736574896921,0.8289953149401259,0.7781546811397557,-327.0,0.007793829937738694,1323.0,0.009369774180782997,1166.0,0.006547290703101671,1676.0,0.006936102114365017,1494.0,0.007793829937738694,0.004159646255054077
2024-06-26,1193.0,1409.0,0.85,23723.1,23889.9,23670.45,23868.8,23868.8,1,1,719.6483823529452,-14.201264705879339,23639.21,23179.29,23471.59709696086,23171.547209229415,300.0498877314458,66.72811741419936,98.30834602741905,24162.3696196638,22196.2103803362,288.99122547508495,0.006141693117678581,0.009250477382804134,0.9038505354294731,0.8466997870830376,-216.0,0.006218040326626317,1147.0,0.014060332613216708,1323.0,0.015646076141116794,1166.0,0.015002551454328827,1039.0,0.006218040326626317,0.004173929217457988
2024-06-27,882.0,1759.0,0.5,23881.55,24087.45,23805.4,24044.5,24044.5,1,1,748.5572058823527,15.949441176469577,23734.71,23246.280000000002,23559.73600512073,23236.210378916123,323.52562620460594,69.2597249903968,96.6920825631546,24272.51848758382,22220.041512416185,288.49542365543596,0.0068232589593221855,0.011810372442324694,0.8477220351001565,0.5014212620807277,-877.0,0.007361073870492119,1193.0,0.013624885651292384,1147.0,0.021524905630718294,1323.0,0.020261382441549625,1676.0,0.007361073870492119,0.004547814484579046
2024-06-28,1436.0,1206.0,1.19,24085.9,24174.0,23985.8,24010.6,24010.6,0,1,798.0336764705862,55.72494117646852,23836.61,23322.3775,23629.099696640616,23293.572573070483,335.52712357013297,68.18177176927168,83.1084922727036,24338.27044931765,22306.484550682348,281.3314648229049,0.003126310413976763,0.0078137001316123,0.1317747077577002,1.1907131011608623,230.0,-0.0014098858366778932,882.0,0.005940809760021315,1193.0,0.01219579028130835,1147.0,0.02167983626298353,1166.0,-0.0014098858366778932,0.00404183065044143
2024-07-01,1913.0,793.0,2.41,23992.95,24164.0,23992.7,24141.95,24141.95,1,1,861.0701470588247,92.50494117647179,23957.43,23402.94,23707.99974331129,23356.41534543563,351.5843978756602,70.12213809815549,96.68682483072318,24410.44502857222,22395.434971427778,273.4720744784116,0.006210157567118674,0.0071395972566941236,0.8712784588441368,2.412358133669609,1120.0,0.005470500528933053,1436.0,0.004052901911040019,882.0,0.011443809491888945,1193.0,0.025665045872923953,1323.0,0.005470500528933053,0.003746137688202069
2024-07-02,1369.0,1296.0,1.06,24228.75,24236.35,24056.4,24123.85,24123.85,1,1,900.7626470588257,95.14823529411876,24037.940000000002,23445.9375,23771.976705878784,23413.262356884843,358.7143489939408,69.49323541176423,88.03700552956187,24498.43313603528,22393.44186396472,266.79192630138203,0.004329567146468615,0.0074271268637464615,0.3748263406501705,1.0563271604938271,73.0,-0.0007497323124272537,1913.0,0.004716666805494318,1436.0,0.003300131007091034,882.0,0.016969980565989085,1147.0,-0.0007497323124272537,0.004131322119078884
2024-07-03,1674.0,993.0,1.69,24291.75,24309.15,24207.1,24286.5,24286.5,1,0,936.544558823527,87.55091176470376,24121.48,23566.0375,23851.13413574359,23477.946626745226,373.1875089983623,71.92957315315275,97.67668478818325,24404.931220249055,22727.143779750942,260.9710744227121,0.0002161227577263886,0.004201014747805445,0.7780499755021969,1.6858006042296072,681.0,0.006742290306066545,1369.0,0.005987503080737033,1913.0,0.011490758248440258,1436.0,0.0174998324172142,1193.0,0.006742290306066545,0.004226965315761919
2024-07-04,1475.0,1192.0,1.24,24369.95,24401.0,24281.0,24302.15,24302.15,0,0,953.765441176467,63.730147058820876,24173.010000000002,23650.1275,23920.521191783035,23538.998728467803,381.522463315232,72.15995919704866,90.73353644246556,24427.922790853125,22872.332209146873,250.90171196394695,0.002782114858668125,0.004924097094987884,0.17625000000001212,1.2374161073825503,283.0,0.0006443909167646034,1674.0,0.007391025893462411,1369.0,0.006635752290100827,1913.0,0.010715548254278673,882.0,0.0006443909167646034,0.0037236540342827588
2024-07-05,1543.0,1114.0,1.39,24213.35,24363.0,24168.85,24323.85,24323.85,1,1,936.793235294117,19.006029411764757,24235.659999999996,23725.25,23982.571777662568,23597.13585969241,385.4359179701569,72.49702669187538,92.65937202664115,24457.243512265162,22993.256487734838,246.84801825223659,0.004563598180342662,0.008018303952158684,0.7983517898532003,1.3850987432675046,429.0,0.0008929251115641357,1475.0,0.0015378914211598982,1674.0,0.008290550637646943,1369.0,0.013046321208133094,1436.0,0.0008929251115641357,0.003292322902008619
2024-07-08,1079.0,1615.0,0.67,24329.45,24344.6,24240.55,24320.55,24320.55,1,1,926.7727941176454,-4.154941176471084,24271.379999999997,23776.769999999997,24034.56842725294,23650.722092307788,383.8463349451522,72.35356174225136,92.34538534728823,24523.905380234588,23029.634619765406,236.64815980564822,0.0003658118042126499,0.004276709913294352,0.7688611244593999,0.6681114551083591,-536.0,-0.00013566931221820067,1543.0,0.0007571346568100434,1475.0,0.0014020134642702686,1674.0,0.007397911104943811,1913.0,-0.00013566931221820067,0.0030131663381063414
2024-07-09,1355.0,1314.0,1.03,24351.0,24443.6,24331.9,24433.2,24433.2,1,1,919.4617647058803,-15.205794117646974,24333.25,23835.469999999998,24095.896361521718,23708.683418803506,387.2129427182117,74.22842064187995,99.04901243599141,24595.096779674255,23075.84322032574,228.53400553381613,0.003375631390908001,0.004587080612705724,0.9068934646374388,1.0312024353120244,41.0,0.004631885380881551,1079.0,0.004495587663959633,1543.0,0.005392526998639902,1475.0,0.012823409198780444,1369.0,0.004631885380881551,0.0029790717601609483
2024-07-10,837.0,1837.0,0.46,24459.85,24461.05,24141.8,24324.45,24324.45,1,1,876.7952941176445,-45.92241176470634,24340.84,23888.45,24131.058459749147,23754.295758151395,376.7627015977523,69.33971166430221,87.70532379280873,24629.060676400415,23147.839323599586,235.01371942425786,0.005535602221599798,0.01305200154538969,0.5721221613155879,0.4556341861731083,-1000.0,-0.004450911055449147,1355.0,0.000160358215583134,1079.0,2.4667147676238343e-05,1543.0,0.00156259650423074,1674.0,-0.004450911055449147,0.0032401772560951944
2024-07-11,1584.0,1053.0,1.5,24396.55,24402.65,24193.75,24315.95,24315.95,1,1,823.744852941174,-72.96873529411823,24343.6,23938.1,24159.503312095432,23795.899776066108,363.60353602932446,68.95743358280399,86.94028171549448,24653.108310440006,23223.09168955999,233.1484537510967,0.0033037458165190796,0.00856268611750438,0.5849688846337955,1.5042735042735043,531.0,-0.00034944263899083783,837.0,-0.004798798356334788,1355.0,-0.0001891404594056567,1079.0,0.0005678509926076991,1475.0,-0.00034944263899083783,0.0032455149375540306
2024-07-12,1070.0,1583.0,0.68,24387.95,24592.2,24331.15,24502.15,24502.15,1,0,818.9397058823561,-54.203176470584026,24379.26,23993.2625,24212.218187157672,23848.214607468617,364.0035796890552,72.53015395294958,91.25855457943027,24703.578226190315,23282.946773809686,236.22713562601834,0.004682640402329869,0.01070405671653416,0.6550469258762708,0.6759317751105496,-513.0,0.007657525204649573,1584.0,0.007305406699843253,837.0,0.002821979928949059,1355.0,0.007330254051065133,1543.0,0.007657525204649573,0.004723047697413888
2024-07-15,1420.0,1290.0,1.1,24587.6,24635.05,24522.75,24586.7,24586.7,1,0,829.5017647058812,-24.186911764705997,24432.49,24049.317499999997,24269.8307737488,23902.91722913761,366.91354461119045,73.9938027433486,94.98755961020126,24761.165692575683,23337.46930742431,228.84662593844544,3.6603816557851e-05,0.004567342888285123,0.5694568121104286,1.1007751937984496,130.0,0.0034507175900890807,1070.0,0.011134666751658973,1584.0,0.010781333185334141,837.0,0.010943420276268379,1079.0,0.0034507175900890807,0.0046903222855595745
2024-07-16,1322.0,1327.0,1.0,24615.9,24661.25,24587.65,24613.0,24613.0,0,-1,826.961617647059,-8.227029411763965,24468.45,24102.0725,24322.626039325907,23955.515952905196,367.110086420711,74.44984079674113,94.36232984752,24816.806611032393,23387.338388967604,217.82543837141358,0.0001178100333524858,0.002989937398185666,0.344429347826074,0.9962321024868124,-5.0,0.001069684016155037,1420.0,0.004524092783694478,1070.0,0.012216261342863355,1584.0,0.007358839611675938,1355.0,0.001069684016155037,0.0044926709874125205
2024-07-18,870.0,1813.0,0.48,24543.8,24837.75,24504.45,24800.85,24800.85,1,-1,844.554705882354,15.814176470589132,24563.73,24166.315,24396.19895635269,24018.133289727033,378.0656666256582,77.48656978762227,95.66875990375006,24889.708570677998,23442.921429322,226.073621344884,0.010473113372827324,0.013579804268287685,0.8892889288928847,0.4798676227247656,-943.0,0.0076321456141064115,1322.0,0.008709993614433698,1420.0,0.012190766932697716,1070.0,0.019585232142967257,837.0,0.0076321456141064115,0.0036850340073077705
2024-07-19,459.0,2213.0,0.21,24853.8,24854.8,24508.15,24530.9,24530.9,0,1,858.8538235294072,23.091499999995676,24606.72,24214.51,24416.922193836894,24056.11600900651,360.80618483038415,65.44821713871698,62.428952557708115,24899.16756155779,23529.852438442205,234.68621982024928,0.012991977081975305,0.013947565362238283,0.06562815519976964,0.20741075463172165,-1754.0,-0.010884707580586794,870.0,-0.0033356356397025166,1322.0,-0.0022695196996750377,1420.0,0.008839876706441707,1584.0,-0.010884707580586794,0.007623703927708665
2024-07-22,1489.0,1208.0,1.23,24445.75,24595.2,24362.3,24509.25,24509.25,1,1,805.8180882352935,-27.319911764705466,24608.140000000003,24264.9175,24431.126471708143,24089.681489820843,341.44498188729995,64.58163661436555,56.71968937875749,24876.616674654717,23653.218325345282,234.55863269023158,0.0025975885378849086,0.009527218432651951,0.6309574924860447,1.2326158940397351,281.0,-0.0008825603626446687,459.0,-0.011757661531761943,870.0,-0.004215252102547473,1322.0,0.0002897704895283848,1070.0,-0.0008825603626446687,0.006901583266544937
2024-07-23,1061.0,1592.0,0.67,24568.9,24582.55,24074.2,24479.05,24479.05,0,1,722.5402941176471,-89.2054117647051,24586.609999999997,24311.9775,24438.499322214582,24118.523601685967,319.97572052861506,63.32213030710299,51.8639508070714,24830.400514027402,23793.5544859726,254.11515892664352,0.0036570623837453927,0.020690792017550582,0.7964001180289165,0.6664572864321608,-531.0,-0.0012321878474453873,1489.0,-0.002113660729936573,459.0,-0.012975361731553559,870.0,-0.0043783834349465645,1420.0,-0.0012321878474453873,0.00664217605996695
2024-07-24,1934.0,726.0,2.66,24444.95,24504.25,24307.25,24413.5,24413.5,0,1,614.8216176470596,-154.49608823529275,24546.71,24346.5875,24434.65327264311,24140.373705264785,294.27956737832574,60.56131695193748,43.46656418139891,24789.59133166882,23903.583668331183,250.03550471759758,0.0012865643006019945,0.00805892423588512,0.5393401015228426,2.6639118457300275,1208.0,-0.002677799996323338,1061.0,-0.003906688291155369,1489.0,-0.004785800765565118,459.0,-0.008105472717669482,1322.0,-0.002677799996323338,0.006581214909809996
2024-07-25,1288.0,1366.0,0.94,24230.95,24426.15,24210.8,24406.1,24406.1,1,1,482.90544117647005,-214.0824117647055,24467.760000000002,24373.4525,24430.260461467245,24160.05713450443,270.2033269628155,60.24199806636519,42.51857545477817,24758.70261417682,23988.20238582318,247.55796866634074,0.007228358772561448,0.008887394014679664,0.9068957511028433,0.9428989751098097,-78.0,-0.00030311098367707956,1934.0,-0.0029800993094094563,1061.0,-0.004208615114701608,1489.0,-0.015916793174427513,870.0,-0.00030311098367707956,0.004386402952980095
2024-07-26,1789.0,875.0,2.04,24423.35,24861.15,24410.9,24834.85,24834.85,1,0,419.11985294117403,-189.9212058823548,24528.55,24412.969999999998,24492.5050058569,24210.041791207805,282.4632146490949,70.08411031849508,96.65798335345283,24816.834705561465,24009.10529443853,262.37882804731663,0.016848630511375386,0.018435226944706604,0.9415880066629586,2.0445714285714285,914.0,0.017567329479105664,1288.0,0.017258893644909623,1934.0,0.014534877783247246,1061.0,0.012390495252925682,459.0,0.017567329479105664,0.008471455628192152
2024-07-29,1552.0,1145.0,1.36,24943.3,24999.75,24774.6,24836.1,24836.1,1,-1,446.9063235294125,-90.35238235294014,24593.92,24454.245000000003,24545.365774186608,24256.41647334056,288.9493008460486,70.10734404274157,82.3186213602721,24853.894438756328,24054.595561243677,259.71962604393696,0.0042977472908556896,0.009026472038583566,0.2731512325116571,1.3554585152838428,407.0,5.0332496471794386e-05,1789.0,0.017618546183126416,1288.0,0.017310094824584787,1934.0,0.013335781388659429,1489.0,5.0332496471794386e-05,0.008388353708108262
2024-07-30,1547.0,1111.0,1.39,24839.4,24971.75,24798.65,24857.3,24857.3,1,-1,512.2220588235286,17.026999999999703,24669.57,24490.0125,24593.355655080977,24300.92636420422,292.42929087675657,70.52543886207286,84.60915131543398,24899.386962898265,24080.638037101737,253.53250989794134,0.0007206293227693831,0.006968767361530413,0.33882149046792787,1.3924392439243924,436.0,0.0008535961765334665,1552.0,0.0009039716366316952,1789.0,0.018487181483317627,1288.0,0.015451988537136918,1061.0,0.0008535961765334665,0.008194732192184234
2024-07-31,1400.0,1280.0,1.09,24886.7,24984.6,24856.5,24951.15,24951.15,1,-1,567.4614705882341,81.73844117647025,24777.1,24531.3775,24648.400938914674,24349.09107796687,299.3098609478038,72.36793554675805,94.74906812165754,24951.446258030443,24111.308741969555,244.57304490523114,0.00258973668666399,0.005147327689086883,0.7388758782201603,1.09375,120.0,0.003775550844218989,1547.0,0.004632369816517157,1552.0,0.004682935471726379,1789.0,0.022022651401888416,1934.0,0.003775550844218989,0.00753962380977754
2024-08-01,926.0,1767.0,0.52,25030.95,25078.3,24956.4,25010.9,25010.9,0,-1,658.754117647055,137.86135294117412,24898.06,24567.5975,24704.170025235493,24398.11396108044,306.0560641550546,73.5035611916181,93.28752116323096,25020.593720153363,24114.601279846636,236.18568455485732,0.000801008351660615,0.004869970975931709,0.44708777686629186,0.5240520656479909,-841.0,0.0023946792031630526,1400.0,0.006179271280468912,1547.0,0.007038142059341057,1552.0,0.02478069007338335,1288.0,0.0023946792031630526,0.0072092112839485445
2024-08-02,973.0,1685.0,0.58,24789.0,24851.9,24686.85,24717.7,24717.7,0,-1,645.6623529411772,79.46108823529573,24874.63,24588.375,24706.25155981465,24421.787001000408,284.4645588142412,60.38809016038806,64.08724230654326,25028.707186534477,24148.042813465523,242.46170708665343,0.0028762757674774806,0.006658195167211381,0.18691305664951008,0.5774480712166172,-712.0,-0.011722888820474342,926.0,-0.009356282175370656,1400.0,-0.005616056450217788,1547.0,-0.004717161569326889,1789.0,-0.011722888820474342,0.006201298582648846
2024-08-05,274.0,2456.0,0.11,24302.85,24350.05,23893.7,24055.6,24055.6,1,1,471.73323529411937,-99.43341176470346,24718.53,24574.9625,24606.151319843164,24394.66203796334,211.48928187982528,42.11369051725726,13.6670606111766,25060.707287798323,24089.21771220168,284.0001565804639,0.010173703907154923,0.018777633075956052,0.3547715569190278,0.11156351791530944,-2182.0,-0.026786472851438536,973.0,-0.038195346828782784,926.0,-0.03589213322832829,1400.0,-0.03142602904642844,1552.0,-0.026786472851438536,0.013013371591603134
2024-08-06,930.0,1777.0,0.52,24189.85,24382.6,23960.4,23992.55,23992.55,1,1,310.4013235294078,-220.40117647059083,24545.579999999998,24558.5625,24511.751116790372,24364.875961077167,146.87515571320546,40.84607275378019,8.344588890764703,25096.863418514204,24020.261581485796,293.87157396757345,0.008156313495122925,0.01745360140720166,0.0761487446707675,0.5233539673607203,-847.0,-0.0026210113237665755,274.0,-0.029337276526537726,973.0,-0.04071624771599591,926.0,-0.03478857317568684,1547.0,-0.0026210113237665755,0.012622974135951835
2024-08-07,2159.0,528.0,4.09,24289.4,24337.7,24184.9,24297.5,24297.5,0,-1,157.2910294117646,-291.4773823529402,24414.85,24551.7775,24478.78940651493,24359.885149145524,118.90425736940597,48.86332792544981,34.087455681242595,25099.565149069636,24003.989850930364,297.53431868417545,0.00033347880145242554,0.006290809982955498,0.7369109947643919,4.089015151515151,1631.0,0.012710195456506312,930.0,0.010055870566521019,274.0,-0.016999963588845257,973.0,-0.02619718930790771,1400.0,0.012710195456506312,0.014946815670724752
2024-08-08,1108.0,1569.0,0.71,24248.55,24340.5,24079.7,24117.0,24117.0,1,1,-24.064852941181016,-336.2694705882386,24236.07,24541.405,24423.129497820326,24341.893656616227,81.23584120409942,44.97760605453762,18.850244808374097,25113.341788376336,23969.46821162366,294.9104387781629,0.005425066653469972,0.010755282274610204,0.14302147239263566,0.7061822817080943,-461.0,-0.007428747813561065,2159.0,0.005187026806237727,930.0,0.0025524202264752827,274.0,-0.035740417178110384,926.0,-0.007428747813561065,0.014331060875841236
2024-08-09,1638.0,1039.0,1.58,24386.85,24419.75,24311.2,24367.5,24367.5,0,1,-129.33970588235388,-286.5439117647053,24166.03,24543.9825,24414.571113540274,24343.7904227928,70.78069074747327,50.82242408423219,39.99662333277055,25112.284984838167,23975.68001516183,295.47040743686557,0.0007934604100159941,0.004451169380219228,0.5186549976969106,1.5765158806544755,599.0,0.010386864037815746,1108.0,0.002880954830743798,2159.0,0.015627767786250413,930.0,-0.014167984885325113,973.0,0.010386864037815746,0.015900111345316905
2024-08-12,1291.0,1426.0,0.91,24320.05,24472.8,24212.1,24347.0,24347.0,0,1,-111.35411764706078,-151.94085294117613,24224.309999999998,24536.225,24404.175557611,24344.028169252593,60.147388358407625,50.351044454928115,38.266081377680216,25110.80086835703,23961.649131642967,292.98680690566096,0.001108139169121804,0.010719550329871885,0.5174530111239013,0.9053295932678822,-135.0,-0.0008412844977941925,1638.0,0.009536841232325788,1108.0,0.0020372466303117953,2159.0,0.012113603485259139,274.0,-0.0008412844977941925,0.00869486058678754
2024-08-13,713.0,1984.0,0.36,24342.35,24359.95,24116.5,24139.0,24139.0,1,1,-115.07161764705597,-70.56376470587857,24253.6,24513.84,24363.37931797854,24328.840897456103,34.538420522436354,45.717706030359054,20.707411784568595,25113.15717028485,23914.52282971515,289.44846355525664,0.00835375384874503,0.010001088637703456,0.09242144177449141,0.359375,-1271.0,-0.008543146999630324,1291.0,-0.009377244280291408,1638.0,0.0009122195961355217,1108.0,0.006103978109871733,930.0,-0.008543146999630324,0.009879498942152495
2024-08-14,952.0,1727.0,0.55,24184.4,24196.5,24099.7,24143.75,24143.75,1,1,-148.5329411764651,-42.86029411764176,24222.85,24490.3775,24329.59019213569,24315.130460607503,14.45973152818624,45.84027398974236,21.108391018065134,25108.76726016202,23871.987739837976,275.6878590155954,0.0016808355799606959,0.004002580175650389,0.4550619834710703,0.5512449334105385,-775.0,0.00019677699987563635,713.0,-0.008348051094590692,1291.0,-0.009182312506412216,1638.0,-0.006327811503241021,2159.0,0.00019677699987563635,0.00756709406987044
2024-08-16,1827.0,859.0,2.13,24334.85,24563.9,24204.5,24541.15,24541.15,1,1,-126.58867647059014,-0.41126470588497455,24307.68,24477.392499999998,24362.137854884044,24331.87264871065,30.26520617339338,54.995930415614176,54.65557994259679,25079.861079490453,23874.923920509544,286.0065833716244,0.008477553796304597,0.014768942483721965,0.9367000556483029,2.1268917345750875,968.0,0.016459746311157097,952.0,0.01665976221053067,713.0,0.0079742884133569,1291.0,0.01758717916822161,1108.0,0.016459746311157097,0.009876414965289968
2024-08-19,1917.0,788.0,2.43,24636.35,24638.8,24522.95,24572.65,24572.65,1,1,-98.24323529411413,21.714882352943093,24348.71,24479.480000000003,24394.524338748037,24349.70800806542,44.81633068261726,55.63612191900777,57.314705385784364,25082.964172450487,23875.99582754952,273.85254170222254,0.0025856102872380484,0.004702401126790233,0.42900302114804795,2.432741116751269,1129.0,0.001283558431450782,1827.0,0.0177644317887653,952.0,0.017964704420232902,713.0,0.0084190007181697,1638.0,0.001283558431450782,0.009105805594545784
2024-08-20,1679.0,1012.0,1.66,24648.9,24734.3,24607.2,24698.85,24698.85,0,1,-50.00676470588223,57.68188235293928,24419.08,24488.96,24441.343671248338,24375.57037783835,65.77329340998767,58.201505119683766,67.96809049468165,25099.927309762348,23877.99269023765,265.8380744377779,0.002026459598602659,0.005156416716364565,0.7210857592446803,1.6590909090909092,667.0,0.005135791215029606,1917.0,0.006425941734596652,1827.0,0.022991457416515537,952.0,0.014451472460672798,1291.0,0.005135791215029606,0.00907925078641629
2024-08-21,1736.0,969.0,1.79,24680.55,24787.95,24654.5,24770.2,24770.2,1,1,29.685882352940098,108.4230294117624,24545.32,24503.5175,24491.936952594748,24404.802201702176,87.1347508925719,59.62309737790334,73.99122066520353,25126.600894316718,23880.434105683285,256.3817834065081,0.003632414998855433,0.005407091819266618,0.866991382540278,1.7915376676986585,767.0,0.002888798466325504,1679.0,0.008039425947140355,1917.0,0.009333303451549702,1827.0,0.02614855627822199,713.0,0.002888798466325504,0.006566927889358142
2024-08-22,1672.0,1039.0,1.61,24863.4,24867.35,24784.45,24811.5,24811.5,1,1,148.54661764705816,167.8678529411758,24678.870000000003,24523.4175,24541.100498349402,24434.92796453905,106.17253381035334,60.46135393112853,94.2638525137371,25159.026570320144,23887.808429679855,245.00808459175735,0.002087405584111644,0.003334218168070248,0.32629674306393225,1.6092396535129934,633.0,0.0016673260611541618,1736.0,0.004560941096447779,1679.0,0.009720156352692966,1917.0,0.02765726119596179,952.0,0.0016673260611541618,0.00631533828149421
2024-08-23,1266.0,1421.0,0.89,24845.4,24858.4,24771.65,24823.15,24823.15,1,1,220.76970588235054,170.61926470588006,24735.27,24544.27,24584.49272937257,24463.685152350972,120.80757702159826,60.709150865164105,95.46038104041523,25190.39291276369,23898.14708723631,233.7039356923461,0.0008955380070355076,0.003491592004958664,0.5936599423631124,0.8909218859957776,-155.0,0.0004695403341192783,1672.0,0.0021376492721092433,1736.0,0.005032622976373524,1679.0,0.011490904052988471,1827.0,0.0004695403341192783,0.0018146489420759195
2024-08-26,1447.0,1298.0,1.11,24906.1,25043.8,24874.7,25010.6,25010.6,1,1,276.0527941176442,151.04314705882206,24822.86,24553.057500000003,24650.047694084482,24504.197363287938,145.85033079654386,64.55804533387598,96.93557319549559,25219.219135245712,23886.895864754293,232.7715117143212,0.004195759271824975,0.0067895013671349005,0.8036664695446422,1.1147919876733436,149.0,0.007551418736139404,1266.0,0.008024504765935081,1672.0,0.0097052102930133,1736.0,0.017822660559605685,1917.0,0.007551418736139404,0.002828280856145184
2024-08-27,1482.0,1219.0,1.22,25024.8,25073.1,24973.65,25017.75,25017.75,1,1,325.0836764705855,125.05594117646979,24886.64,24562.14,24706.61727960995,24542.238299340686,164.37898026926268,64.70008952343684,94.42822629353748,25248.147703745544,23876.132296254455,223.24854659186948,0.00028172053323100574,0.003974057734727035,0.4434389140271477,1.2157506152584086,263.0,0.0002858787873942781,1447.0,0.007839456313964988,1266.0,0.008312677589021211,1672.0,0.01291153231830644,1679.0,0.0002858787873942781,0.0029732176275857496
2024-08-28,1124.0,1562.0,0.72,25030.8,25129.6,24964.65,25052.35,25052.35,0,1,370.8702941176489,102.60567647059145,24943.07,24571.892499999998,24759.806928900725,24580.024351241376,179.78257765934904,65.42228837888935,92.64215639584721,25279.609539693996,23864.175460306,219.08436469245,0.0008609393227543376,0.006589881266279827,0.5316762655350024,0.7195902688860435,-438.0,0.0013830180571794415,1482.0,0.001669292220098706,1447.0,0.009233316480784959,1266.0,0.011390703345148578,1736.0,0.0013830180571794415,0.0030092240855625427
2024-08-29,869.0,1821.0,0.48,25035.3,25192.9,24998.5,25151.95,25151.95,1,0,401.4692647058837,82.62011764706114,25011.16,24581.932500000003,24820.13663214677,24622.389214112383,197.7474180343852,67.48453715814402,96.25411635565307,25316.089358085,23847.775641915006,217.32119578584656,0.004659420897692517,0.007765035769493534,0.7893518518518496,0.4772103239978034,-952.0,0.003975674936682605,1124.0,0.005364191424088949,1482.0,0.005651603720022713,1447.0,0.013721459806944392,1672.0,0.003975674936682605,0.0030698331873602845
2024-08-30,1563.0,1119.0,1.4,25249.7,25268.35,25199.4,25235.9,25235.9,1,-1,457.71941176470864,91.48032352941448,25093.71,24593.182500000003,24884.100227201114,24667.834457511464,216.26576968964946,69.15441194315461,97.2232918324565,25359.48016884236,23826.884831157644,210.1125389440002,0.0005465411470235001,0.0027307255135703428,0.5293691080493335,1.3967828418230563,444.0,0.0033377133780880808,869.0,0.007326657978193873,1124.0,0.008719808935655715,1482.0,0.01662762381083782,1266.0,0.0033377133780880808,0.0027969644014454384
2024-09-02,1104.0,1652.0,0.67,25333.6,25333.65,25235.5,25278.7,25278.7,1,-1,498.58147058823306,87.83664705882109,25147.329999999998,24621.232500000002,24944.807884554786,24713.08375695506,231.72412759972576,70.000310867914,95.54682118400254,25442.786414404425,23799.67858559558,202.11521473371457,0.0021670824517635795,0.0038743013231440247,0.44014263881813637,0.6682808716707022,-548.0,0.0016959965763059248,1563.0,0.005039370704855939,869.0,0.009035080541346607,1124.0,0.010719454951100715,1447.0,0.0016959965763059248,0.0015010039678211111
2024-09-03,1347.0,1351.0,1.0,25313.4,25321.7,25235.8,25279.85,25279.85,0,-1,529.0726470588233,77.53002941176385,25199.75,24682.445,24996.35282539251,24755.066441625055,241.28638376745585,70.02409769075646,95.64001782892315,25508.719972934694,23856.170027065305,193.81412796702077,0.0013253849739664726,0.0033934595905726395,0.5128055878928816,0.997039230199852,-4.0,4.5492845755390476e-05,1104.0,0.0017415665777720246,1563.0,0.005085092805925395,869.0,0.01047656164123456,1482.0,4.5492845755390476e-05,0.001576990885155024
2024-09-04,1230.0,1455.0,0.85,25089.95,25216.0,25083.8,25198.7,25198.7,1,-1,534.1732352941217,49.9700294117676,25229.019999999997,24742.752500000002,25027.483159947507,24787.928186689864,239.55497325764372,66.04456449667813,88.04853208165429,25534.140632001756,23951.36436799825,193.9738331122335,0.0043344048114882655,0.005269041986931051,0.869137670196678,0.845360824742268,-225.0,-0.003210066515426213,1347.0,-0.0031647197047316444,1104.0,-0.0014740904822099221,1563.0,0.005841767339191728,1124.0,-0.003210066515426213,0.0028851758686854077
2024-09-05,1556.0,1141.0,1.36,25250.5,25275.45,25127.75,25145.1,25145.1,0,1,539.7502941176463,27.890882352939684,25227.65,24785.1325,25045.578058417123,24814.38535804617,231.1927003709534,63.478473609427056,76.74232145059791,25567.33302561554,24002.93197438446,190.6685593185026,0.004174174768816517,0.005849389121007534,0.11746784021664496,1.3637160385626643,415.0,-0.002127093858016571,1230.0,-0.005330332260674031,1347.0,-0.005285081906901912,1104.0,-0.0002723446889805192,869.0,-0.002127093858016571,0.0026848906622278963
2024-09-06,747.0,1969.0,0.38,25093.7,25168.75,24801.3,24852.15,24852.15,0,1,481.0523529411803,-35.47364705882069,25150.9,24821.890000000003,25015.81989558372,24817.18273893164,198.63715665208292,51.6635128785744,33.718769357836116,25541.647784673587,24102.13221532642,203.29580508146674,0.00962592204417839,0.014643117595253021,0.1383861749898002,0.37938039614017266,-1222.0,-0.0116503811875871,1556.0,-0.013752693591336018,1230.0,-0.016918613045567854,1347.0,-0.015206511358818231,1563.0,-0.0116503811875871,0.005170843498680451
2024-09-09,986.0,1751.0,0.56,24823.4,24957.5,24753.15,24936.4,24936.4,1,1,384.1266176470599,-109.50841176470641,25082.44,24850.335,25003.601450109305,24826.013647158925,177.58780295038014,54.298034550499885,41.50776706176851,25540.36633993915,24160.303660060847,203.37110471850474,0.004552156433043015,0.008232151921171094,0.8967457793002266,0.5631067961165048,-765.0,0.003390048748297403,747.0,-0.00829982779945182,1556.0,-0.01040926714473367,1230.0,-0.01354104443662052,1104.0,0.003390048748297403,0.005597401107304513
2024-09-10,1843.0,867.0,2.13,24999.4,25130.5,24896.8,25041.1,25041.1,0,1,310.95147058823204,-139.05932352941602,25034.69,24885.04,25009.370457784797,24841.945969591594,167.4244881932027,57.40506897900611,49.603789836347474,25539.207054045237,24230.872945954765,205.53745438146873,0.0016680400329606745,0.009348224357384605,0.6174582798459514,2.1257208765859286,976.0,0.00419868144559743,986.0,0.0076029639286741,747.0,-0.004135994686837563,1556.0,-0.009444280721602416,1347.0,0.00419868144559743,0.00636424116656488
2024-09-11,926.0,1787.0,0.52,25034.0,25113.7,24885.15,24918.45,24918.45,1,1,263.39544117647165,-132.45979411764637,24978.640000000003,24924.0125,24995.382695048676,24847.61293480703,147.7697602416447,52.870556283870776,28.475452196382303,25481.4774951999,24366.547504800103,207.1812076399352,0.0046157226172405235,0.009129583766078104,0.14570115948369888,0.5181869054280918,-861.0,-0.004897947773859657,1843.0,-0.0007198312507018523,986.0,0.0026677772345651274,747.0,-0.0111216054796478,1230.0,-0.004897947773859657,0.0064958488324279645
2024-09-12,1680.0,1006.0,1.67,25059.65,25433.35,24941.45,25388.9,25388.9,1,0,234.9988235294113,-99.90611764705972,25027.4,24986.27,25055.923818887342,24887.708272969474,168.21554591786844,64.46534996776734,93.46515730667491,25451.807752924746,24520.732247075255,229.16112137993966,0.013138651178288602,0.019629164812756675,0.9096361048993753,1.6699801192842942,674.0,0.018879585206944993,926.0,0.013889166210749648,1843.0,0.018146163840810914,986.0,0.009695726006259786,1556.0,0.018879585206944993,0.011462985453228646
2024-09-13,1700.0,1043.0,1.63,25430.45,25430.5,25292.45,25356.5,25356.5,1,1,288.95205882353184,-7.532823529409484,25128.27,25027.0375,25102.16630828929,24922.433586082847,179.7327222064414,63.310141884429164,88.70185239635418,25471.857835498748,24582.21716450125,222.65318413851534,0.0029079312399112375,0.0054285315438774885,0.4639623324882261,1.6299137104506232,657.0,-0.001276148238009589,1680.0,0.017579343819539295,926.0,0.012595293337752889,1843.0,0.02029401882734483,747.0,-0.001276148238009589,0.009066524590258281
2024-09-16,1374.0,1399.0,0.98,25406.65,25445.7,25336.2,25383.75,25383.75,1,1,381.260147058827,85.34855882353224,25217.739999999998,25067.5925,25145.486876244784,24956.605172298932,188.88170394585177,63.896136642406674,91.05479748754591,25486.44982687064,24648.735173129357,214.57081384290709,0.0009013388227098596,0.004309895243961718,0.4342465753424591,0.9821300929235168,-25.0,0.0010746751326089488,1700.0,-0.00020284455017749448,1680.0,0.018672911035798823,926.0,0.017939638440191752,986.0,0.0010746751326089488,0.009167786779827079
2024-09-17,1072.0,1674.0,0.64,25416.9,25441.65,25352.25,25418.55,25418.55,0,1,442.868676470589,120.57364705882281,25293.230000000003,25103.5775,25187.49658759174,24990.823307684193,196.6732799075471,64.67213798893297,96.07970543643037,25513.09161022481,24694.06338977519,205.6300414255567,6.491743682344492e-05,0.0035173447588022714,0.7416107382550133,0.6403823178016727,-602.0,0.0013709558280394774,1374.0,0.0024471042927849407,1700.0,0.0011678331869438008,1680.0,0.01507321962693342,1843.0,0.0013709558280394774,0.009208424708325178
2024-09-18,891.0,1876.0,0.47,25402.4,25482.2,25285.55,25377.55,25377.55,1,1,506.13147058823233,135.28923529411406,25385.05,25133.945,25216.735574116086,25019.469729337216,197.26584477887081,62.95529585358321,85.64570331252979,25529.921187286833,24737.968812713167,204.9886098951599,0.0009782540232419843,0.007741394513904255,0.46783625730993805,0.47494669509594883,-985.0,-0.0016129952337957665,1072.0,-0.0002442507509725633,1374.0,0.0008301618914281494,1700.0,0.018424099412282846,926.0,-0.0016129952337957665,0.008598339036844958
2024-09-19,790.0,1961.0,0.4,25487.05,25611.95,25376.05,25415.8,25415.8,1,1,553.4323529411777,118.9034117647061,25390.43,25164.16,25247.360870405922,25048.82752716409,198.5333432418338,63.917661447955524,77.1599906846761,25549.179023683526,24779.140976316474,207.19656633122003,0.0027955373415126505,0.009255680826145099,0.16850360322170307,0.4028556858745538,-1171.0,0.0015072376963103373,891.0,-0.00010818870470585829,1072.0,0.0012626188013984407,1374.0,0.0010595181358781236,1680.0,0.0015072376963103373,0.0015256324665512064
2024-09-20,1779.0,959.0,1.86,25525.95,25849.25,25426.6,25790.95,25790.95,1,1,583.1767647058805,89.8028823529392,25477.32,25212.55,25330.98996726655,25103.79956218897,227.19040507757745,71.68663495469333,94.68114223154828,25653.218647623376,24771.881352376622,223.3575258789901,0.010381592066113112,0.016557659949972537,0.862060806814151,1.8550573514077164,820.0,0.014760503308965278,790.0,0.01628998859227937,891.0,0.014650717684525638,1072.0,0.017133673811448702,1700.0,0.014760503308965278,0.006467144784956182
2024-09-23,1723.0,1061.0,1.62,25872.55,25956.0,25847.35,25939.05,25939.05,0,0,632.9747058823559,89.25791176470887,25588.379999999997,25258.9725,25424.537664610158,25165.66996498979,258.8676996203685,74.0610475507101,98.59084673899483,25790.92395687667,24727.021043123328,219.1927026019193,0.002570291679791903,0.004199431443750286,0.8439944776806213,1.6239396795475967,662.0,0.005742324342453475,1779.0,0.02058758724887677,790.0,0.022125855332764566,891.0,0.02187620032501103,1374.0,0.005742324342453475,0.0063802506824907
2024-09-24,1291.0,1477.0,0.87,25921.45,26011.55,25886.85,25940.4,25940.4,0,-1,691.1394117647033,97.7684705882333,25692.75,25305.105,25503.901100823983,25223.057374990545,280.84372583343793,74.08238404887192,94.3459949141769,25901.50298029354,24708.70701970646,212.4432238446394,0.0007310547828150326,0.004810687673721984,0.4294306335204699,0.8740690589031821,-186.0,5.204508260714391e-05,1723.0,0.005794668284805349,1779.0,0.020640703814162942,790.0,0.0205302820184472,1072.0,5.204508260714391e-05,0.006559148422464688
2024-09-25,1131.0,1637.0,0.69,25899.45,26032.8,25871.35,26004.15,26004.15,0,-1,755.0507352941131,111.89594117646698,25818.07,25352.695,25580.862469927986,25280.91608795421,299.9463819737757,75.12302148373965,97.76110655257314,26009.647877228046,24695.742122771953,208.80085071287948,0.004042556888273717,0.006233723109950239,0.8225456797770351,0.6908979841172878,-506.0,0.0024575565527131804,1291.0,0.0025097295390541507,1723.0,0.008266465562532632,1779.0,0.024691114784524126,891.0,0.0024575565527131804,0.005893173834394491
2024-09-26,1157.0,1606.0,0.72,26005.4,26250.9,25998.4,26216.05,26216.05,1,-1,824.8704411764702,127.42802941176558,25978.120000000003,25405.9,25678.583628400604,25350.18526662427,328.39836177633333,78.24920822195395,97.67317643131348,26155.08666232002,24656.713337679983,211.9222185191024,0.008100240719235152,0.009709521868534996,0.8619801980197933,0.7204234122042341,-449.0,0.0081486993422204,1131.0,0.010626281784398062,1291.0,0.01067887991271843,1723.0,0.031486319533518436,790.0,0.0081486993422204,0.005680826374131429
2024-09-27,1369.0,1390.0,0.98,26248.25,26277.35,26151.4,26178.95,26178.95,0,-1,885.7810294117662,127.81776470588443,26055.719999999998,25453.052499999998,25755.563070185126,25411.575246874327,343.9878233107993,76.43805762154031,92.93204999281727,26269.21944522212,24636.885554777877,205.78134576773772,0.002640176011734088,0.00479841513243729,0.21873759428344508,0.9848920863309353,-21.0,-0.0014151636116043198,1157.0,0.006722003987825076,1131.0,0.009196080245485794,1291.0,0.015044036764834123,1779.0,-0.0014151636116043198,0.003953092404976467
2024-09-30,1088.0,1701.0,0.64,26061.3,26134.7,25794.1,25810.85,25810.85,0,-1,850.6216176470552,49.12897058823364,26030.08,25479.659999999996,25764.068751695107,25441.151154513267,322.9175971818404,61.282059136015626,66.4918833500933,26305.989654313704,24653.33034568629,218.57196392718518,0.00961003480256168,0.013069186878628548,0.04917792131532558,0.6396237507348619,-613.0,-0.014060915353747983,1369.0,-0.015456180469597847,1157.0,-0.007433428895003424,1131.0,-0.004942355252023467,1723.0,-0.014060915353747983,0.008177918829922711
2024-10-01,1596.0,1151.0,1.39,25788.45,25907.6,25739.2,25796.9,25796.9,0,-1,778.8388235294115,-40.193705882351765,26001.379999999997,25505.5125,25769.119712972784,25467.502920845618,301.61679212716626,60.79013167360596,64.03548169773202,26337.552599318064,24673.472400681938,214.98825221810037,0.0003276660675612814,0.006530055121575659,0.3426365795724553,1.3866203301476976,445.0,-0.0005404703835788505,1088.0,-0.014593786229012196,1369.0,-0.015988297245389638,1157.0,-0.005531911612773888,1291.0,-0.0005404703835788505,0.008163803754935788
2024-10-03,587.0,2211.0,0.27,25452.85,25639.45,25230.3,25250.1,25250.1,0,-1,637.5525000000052,-157.98038235293643,25850.57,25508.082499999997,25689.270526361586,25451.399000782978,237.87152557860827,45.40475755234458,1.8910271715772204,26336.62618277913,24679.538817220862,240.10337705966478,0.007965709144555522,0.016074820697878685,0.048393009898568255,0.26549072817729535,-1624.0,-0.0211963452973033,1596.0,-0.021725359684008905,1088.0,-0.03548079659421033,1369.0,-0.02899729466258283,1131.0,-0.0211963452973033,0.01169128951470754
2024-10-04,959.0,1831.0,0.52,25181.9,25485.05,24966.8,25014.6,25014.6,1,0,433.0508823529417,-284.1180882352943,25610.28,25501.557500000003,25585.475060767498,25419.0435192435,166.43154152399802,40.63474418419025,3.647323642745359,26343.38175022876,24659.733249771245,259.97099298397444,0.006643660724568158,0.020580258042482893,0.09223347805113222,0.5237575095576188,-872.0,-0.009326695735858426,587.0,-0.030325349169861626,1596.0,-0.030849429600342537,1088.0,-0.04582879571865328,1157.0,-0.009326695735858426,0.008704736492186225
2024-10-07,334.0,2502.0,0.13,25084.1,25143.0,24694.35,24795.75,24795.75,1,1,163.9755882352947,-408.83229411764694,25333.64,25498.7375,25463.9788975725,25372.873628929166,91.10526864333224,36.76894148100291,6.405559065066422,26349.57419636024,24647.900803639757,273.44806491369064,0.011495329710852634,0.017885832060947033,0.22601136743564276,0.1334932054356515,-2168.0,-0.008748890647861551,959.0,-0.01799398814262121,587.0,-0.03880892665397784,1596.0,-0.052836343703624555,1369.0,-0.008748890647861551,0.007588642463727648
2024-10-08,2178.0,594.0,3.67,24832.2,25044.0,24756.8,25013.15,25013.15,1,0,-55.57882352941306,-447.1466176470611,25174.1,25502.575,25394.62060563827,25346.22743419367,48.3931714445971,42.60981073226096,20.138976626658426,26343.870744371867,24661.279255628135,274.43034599128424,0.0072869097381625765,0.011565628498481839,0.8925835654596154,3.6666666666666665,1584.0,0.008767631549761568,334.0,-5.7966147769539234e-05,959.0,-0.009384121251004851,587.0,-0.030905607525517298,1088.0,0.008767631549761568,0.011149252338656043
2024-10-09,1831.0,925.0,1.98,25065.8,25234.05,24947.7,24981.95,24981.95,1,0,-212.95588235294053,-406.16473529411815,25011.11,25499.6175,25331.13282015546,25319.243920549696,11.888899605764891,42.010047357996754,18.16803537586874,26347.76948241424,24651.46551758576,275.28174984904956,0.0033451954455871566,0.011423932210422112,0.11960887026366396,1.9794594594594594,906.0,-0.0012473438971101203,2178.0,0.007509351400945663,334.0,-0.0013052377411590932,959.0,-0.0315910051207704,1596.0,-0.0012473438971101203,0.01106355780218524
2024-10-10,1484.0,1257.0,1.18,25067.05,25134.05,24979.4,24998.45,24998.45,0,-1,-295.3748529411787,-301.9982352941195,24960.78,25503.6175,25279.950847823853,25295.481407916384,-15.530560092531232,42.47122631848858,19.21036007580557,26341.46022108386,24665.77477891614,266.665196288403,0.0027366602771366614,0.006169453525644135,0.12318137730358578,1.1805887032617344,227.0,0.0006604768642959336,1831.0,-0.0005876908745999776,2178.0,0.008174788018108003,334.0,-0.009966297163179427,587.0,0.0006604768642959336,0.007463449276989667
2024-10-11,1420.0,1322.0,1.07,24985.3,25028.65,24920.05,24964.25,24964.25,1,0,-350.3758823529424,-200.31391176470643,24950.71,25482.385000000002,25231.381486620183,25270.945748070728,-39.56426145054502,41.730433986127636,17.04990524320919,26351.711514089046,24613.05848591096,255.37482512494583,0.0008424953872876961,0.004346555774795667,0.40699815837937237,1.0741301059001513,98.0,-0.0013680848212589414,1484.0,-0.0007085115453357993,1831.0,-0.0019549716848937804,2178.0,-0.002012824510485789,959.0,-0.0013680848212589414,0.006255565932720217
2024-10-14,1375.0,1404.0,0.98,25023.45,25159.75,25017.5,25127.95,25127.95,1,-1,-320.19102941176607,-73.29573529411792,25017.15,25470.9575,25215.46895021708,25260.353470435857,-44.88452021877674,46.53727771253694,27.391029690461288,26352.52523096184,24589.38976903816,251.09805190173543,0.004176082834301425,0.005684667781620839,0.7764499121265429,0.9793447293447294,-29.0,0.006557377049180246,1420.0,0.005180321179913072,1484.0,0.005844219526498051,1831.0,0.01339745722553265,334.0,0.006557377049180246,0.004689952714297264
2024-10-15,1322.0,1438.0,0.92,25186.3,25212.05,25008.15,25057.35,25057.35,0,-1,-280.8017647058805,11.138117647061165,25025.989999999998,25454.6375,25191.142957875993,25245.316176329496,-54.17321845350307,44.820037155585595,22.931143398610235,26353.964747376176,24555.310252623825,247.72676248018274,0.005119846900894563,0.00809567105926626,0.24129475232956163,0.9193324061196105,-116.0,-0.002809620362982379,1375.0,0.0037293329461127733,1420.0,0.0023561460810568313,1484.0,0.0017670705209058557,2178.0,-0.002809620362982379,0.0036781137516419845
2024-10-16,1378.0,1390.0,0.99,25008.55,25093.4,24908.45,24971.3,24971.3,1,-1,-297.43294117647383,11.402352941174456,25023.86,25432.275,25157.320964356608,25225.01868178657,-67.6977174299609,42.74945893552791,17.495262160454878,26355.99126514759,24508.558734852413,243.2427080173126,0.001489490594216778,0.00739547074900387,0.3398215733982065,0.9913669064748202,-12.0,-0.0034341221238478603,1322.0,-0.0062340939073820545,1375.0,0.0002824038374875659,1420.0,-0.0004263077942274762,1831.0,-0.0034341221238478603,0.00402998752696582
2024-10-17,671.0,2065.0,0.32,25027.4,25029.5,24728.9,24749.85,24749.85,0,-1,-326.5702941176496,-11.495911764707103,24974.14,25400.89,25094.633123686363,25189.82100165423,-95.18787796786637,37.897278465610235,3.5060012634238786,26371.381358332575,24430.398641667423,247.33965744464732,0.011089845529300002,0.012010836123608466,0.06969394544243909,0.3249394673123487,-1394.0,-0.008868180671410819,1378.0,-0.012271848379816652,1322.0,-0.01504698950769967,1375.0,-0.009944616566227138,1484.0,-0.008868180671410819,0.005556773314923404
2024-10-18,1303.0,1443.0,0.9,24664.95,24886.2,24567.65,24854.05,24854.05,1,-1,-361.14500000000044,-43.91679411764636,24952.1,25372.802499999998,25057.620335426924,25164.949075605768,-107.32874017884387,41.2748692659285,18.276379183816594,26372.03229412806,24373.572705871935,252.42611048431533,0.007666749780558993,0.012915088009503334,0.8990739287395966,0.9029799029799029,-140.0,0.0042101265260194864,671.0,-0.004695390308073644,1378.0,-0.008113387888184498,1322.0,-0.004414312466827552,1420.0,0.0042101265260194864,0.006230596933558579
2024-10-21,666.0,2130.0,0.31,24956.15,24978.3,24679.6,24781.1,24781.1,1,-1,-399.6792647058828,-66.5534117647054,24882.73,25322.309999999998,25015.078745361243,25136.51581074608,-121.4370653848382,39.649052944053544,15.929698869360614,26333.900388743492,24310.719611256503,255.7313883068643,0.007014303087615794,0.011968993614800388,0.33980582524271763,0.3126760563380282,-1464.0,-0.0029351353199982277,1303.0,0.0012626339149530708,671.0,-0.007616744022137412,1378.0,-0.013803354432017079,1375.0,-0.0029351353199982277,0.004647037693738177
2024-10-22,281.0,2535.0,0.11,24798.65,24882.0,24445.8,24472.1,24472.1,0,0,-470.8354411764667,-99.70285294117201,24765.68,25248.9625,24931.543553767206,25087.29982476489,-155.75627099768462,33.6099609265266,2.2033259330623918,26283.512380321492,24214.41261967851,268.6220034278026,0.01316805551915136,0.017589667179463427,0.060293443374597036,0.11084812623274162,-2254.0,-0.01246918014131737,666.0,-0.015367716730271375,1303.0,-0.011222290236102439,671.0,-0.023356420371667408,1322.0,-0.01246918014131737,0.0063608457881381255
2024-10-23,1557.0,1196.0,1.3,24378.15,24604.25,24378.1,24435.5,24435.5,0,0,-553.4111764705885,-131.0829411764709,24658.519999999997,25173.717500000002,24855.229160879942,25039.018356263787,-183.78919538384434,32.969404748426214,5.185419395636788,26215.049963372392,24132.385036627613,265.5882888972454,0.002352516495304137,0.009276749876426285,0.25381384037143967,1.3018394648829432,361.0,-0.0014955806816742134,281.0,-0.013946112158055857,666.0,-0.016840313751682268,1303.0,-0.021456632213781357,1378.0,-0.0014955806816742134,0.006514464367416121
2024-10-24,966.0,1771.0,0.55,24412.7,24480.65,24341.2,24399.4,24399.4,1,-1,-623.811029411765,-142.03464705882436,24588.43,25093.48,24785.101597667643,24991.639218762764,-206.53762109512172,32.3152100802933,6.518452147617273,26113.58340867885,24073.37659132115,256.57841111887075,0.0005447984041093068,0.005712190785943412,0.4173538902832587,0.5454545454545454,-805.0,-0.0014773587608192251,1557.0,-0.0029707299332708548,281.0,-0.015402867507899098,666.0,-0.014159681775849031,671.0,-0.0014773587608192251,0.006043560277217206
2024-10-25,419.0,2364.0,0.18,24418.05,24440.25,24073.9,24180.8,24180.8,1,1,-696.3707352941165,-147.54920588235257,24453.78,24991.7175,24692.132121103386,24931.57705440997,-239.44493330658224,28.612804735855434,9.214325733741155,25947.621686764138,24035.81331323586,264.41923889609416,0.009716173076883699,0.015003245549910765,0.29179746144396956,0.1772419627749577,-1945.0,-0.00895923670254195,966.0,-0.010423359456528392,1557.0,-0.011903351163161324,281.0,-0.02708814056461628,1303.0,-0.00895923670254195,0.0049831212821445274
2024-10-28,1866.0,942.0,1.98,24251.1,24492.6,24134.9,24339.15,24339.15,0,-1,-783.482058823527,-157.89997058823428,24365.39,24899.7275,24637.82717939517,24887.69356889812,-249.86638950294946,34.46975289041761,22.863422833254365,25726.267783636078,24073.187216363924,271.0821504035158,0.003630763140641163,0.01474984639871994,0.5710092256080561,1.980891719745223,924.0,0.006548584000529489,419.0,-0.0024693230161397794,966.0,-0.003943033700967824,1557.0,-0.017834155868787005,666.0,0.006548584000529489,0.007404515225969632
2024-10-29,1664.0,1089.0,1.53,24328.85,24484.5,24140.85,24466.85,24466.85,0,-1,-833.1101470588183,-135.07311764705514,24364.34,24832.5275,24611.52299794976,24856.519971201964,-244.99697325220404,38.828462815463254,34.52532618723348,25565.02543479109,24100.02956520891,276.2655682318362,0.005672277974503522,0.01412520526042133,0.9486396042485047,1.5280073461891643,575.0,0.00524669103070563,1866.0,0.011829633428174446,419.0,0.0027644122396450754,966.0,-0.0002145300158139518,281.0,0.00524669103070563,0.0062268620423217205
2024-10-30,2062.0,685.0,3.01,24371.45,24498.2,24307.3,24340.85,24340.85,1,1,-833.2458823529378,-79.24191176470481,24345.41,24759.725,24569.88099826518,24818.322195557375,-248.44119729219528,36.26532440054295,23.45472916575123,25374.29712554606,24145.152874453936,270.168027643848,0.0012555674775198923,0.007832935668579483,0.17574646411733377,3.01021897810219,1377.0,-0.005149825171609779,1664.0,6.984631755813098e-05,1866.0,0.006618887712565247,419.0,-0.0038734627897936136,1557.0,-0.005149825171609779,0.006642822680992311
2024-10-31,1730.0,995.0,1.74,24349.85,24372.45,24172.6,24205.35,24205.35,1,0,-834.0177941176516,-37.972470588241436,24306.6,24707.4875,24513.799306224384,24772.91684773831,-259.11754151392597,33.68975559771985,11.549444273601663,25324.05596487086,24090.91903512914,265.1453113835733,0.005934328137544995,0.008207442756320972,0.1638729046785071,1.7386934673366834,735.0,-0.005566773551457738,2062.0,-0.010687930812507518,1664.0,-0.005497316052532786,1866.0,-0.007953064419616962,966.0,-0.005566773551457738,0.006995867746772596
2024-11-01,2289.0,381.0,6.01,24302.75,24368.25,24280.2,24304.35,24304.35,1,-1,-790.080441176473,24.706823529408553,24331.31,24671.975,24481.576336036014,24738.208192350285,-256.6318563142704,37.19911567575954,20.24777050476629,25295.475178426765,24048.474821573232,257.8420748561753,6.583617080365575e-05,0.0036230467745419458,0.2742759795570473,6.0078740157480315,1908.0,0.004090004895611843,1730.0,-0.0014995367869240495,2062.0,-0.006641639606242755,1664.0,0.0051094256600277,419.0,0.004090004895611843,0.005901408162970563
2024-11-04,669.0,2156.0,0.31,24315.75,24316.75,23816.15,23995.35,23995.35,0,1,-800.5845588235279,17.623205882353773,24262.549999999996,24631.954999999998,24406.772284338163,24683.1816595836,-276.4093752454355,31.581104644880938,14.030142885104489,25318.13740934769,23945.772590652305,275.1819266521627,0.013176644767280527,0.02058747930867847,0.3579704354774223,0.3102968460111317,-1487.0,-0.012713773460306443,2289.0,-0.008675767960388936,1730.0,-0.014194245476226164,2062.0,-0.014125390574444951,1866.0,-0.012713773460306443,0.007477955392375324
2024-11-05,1759.0,1012.0,1.74,23916.5,24229.05,23842.75,24213.3,24213.3,1,-1,-815.9086764705862,-1.1412058823509597,24211.84,24591.9625,24377.00731751691,24648.375610725554,-271.3682932086449,38.62226022944347,32.731693245971755,25277.849644414597,23906.075355585406,283.11893189129387,0.01240984257730016,0.01615202893399951,0.9592285788247475,1.7381422924901186,747.0,0.009083009833155131,669.0,-0.003746242956507717,2289.0,0.00032843978707197685,1730.0,-0.010363001367155955,1664.0,0.009083009833155131,0.008621720158361004
2024-11-06,2176.0,626.0,3.48,24308.75,24537.6,24204.05,24484.05,24484.05,1,-1,-792.4980882352938,14.119823529412656,24240.48,24567.067499999997,24393.475422514308,24636.203343264402,-242.7279207500942,46.04998387133503,57.4710665576732,25230.29679841285,23903.838201587143,286.7211510419157,0.007211395073790272,0.013721396616444666,0.8394543546694667,3.476038338658147,1550.0,0.011181871120417242,1759.0,0.020366445998912353,669.0,0.007393738157984053,2289.0,0.0058831141886992455,2062.0,0.011181871120417242,0.010118212964004416
2024-11-07,1051.0,1737.0,0.61,24489.6,24503.35,24179.05,24199.35,24199.35,1,-1,-744.8572058823556,43.92858823529173,24239.28,24527.1125,24363.609972896724,24603.84383635593,-240.23386345920517,40.499867008800116,32.97336832594741,25177.737241208943,23876.487758791056,289.40535453892164,0.011851969815758527,0.013242355938847481,0.06259636139376909,0.6050662061024755,-686.0,-0.011627978214388546,2176.0,-0.0005761296477555522,1759.0,0.008501647194143924,669.0,-0.0002478790845825696,1730.0,-0.011627978214388546,0.011413953389184696
2024-11-08,835.0,1939.0,0.43,24207.7,24276.15,24066.65,24148.2,24148.2,0,-1,-732.2891176470548,44.93841176470892,24208.05,24486.309999999998,24330.46997706646,24570.092441070305,-239.62246400384538,39.57696002630629,31.153539428625017,25124.393282650628,23848.226717349367,283.69782921471295,0.0024578956282505153,0.008654271161655175,0.3892601431980872,0.43063434760185665,-1104.0,-0.0021136931363857636,1051.0,-0.013717093373032618,2176.0,-0.0026886050228592806,1759.0,-0.006424775811737282,2289.0,-0.0021136931363857636,0.01119361765513197
2024-11-11,859.0,1960.0,0.44,24087.25,24336.8,24004.6,24141.3,24141.3,1,-1,-660.5280882352963,88.68814705882107,24237.239999999998,24436.9775,24301.36690367162,24538.33003802806,-236.9631343564397,39.4463731452286,41.257454637736124,25019.112789664872,23854.84221033513,287.16226998509063,0.0022439257283417276,0.013791528713323469,0.41149909692956177,0.43826530612244896,-1101.0,-0.0002857355827764474,835.0,-0.0023988247618220715,1051.0,-0.013998909494140066,2176.0,0.006082428470516099,669.0,-0.0002857355827764474,0.009212943528062706
2024-11-12,648.0,2132.0,0.3,24225.8,24242.0,23839.15,23883.45,23883.45,0,-1,-603.4570588235292,103.26885294117676,24171.27,24378.2825,24237.071995414448,24489.820405581537,-252.74841016708888,34.822369526236855,9.328435789035906,24934.526344256457,23822.038655743545,295.42567927186974,0.014131628264082034,0.016628965813306414,0.10996648876752993,0.30393996247654786,-1484.0,-0.010680866399075395,859.0,-0.01096355007826666,835.0,-0.013054069634101606,1051.0,-0.013622678445317171,1759.0,-0.010680866399075395,0.009250427804696298
2024-11-13,321.0,2471.0,0.13,23822.45,23873.6,23509.6,23559.05,23559.05,0,1,-672.817500000001,9.972294117646356,23986.269999999997,24307.670000000002,24132.76091919684,24420.874449612533,-288.11353041569237,30.04981136235989,4.8103112840467634,24902.10850850883,23713.231491491173,301.0274164667363,0.011056797264765019,0.015279704648346413,0.13585164835165034,0.12990692027519224,-2150.0,-0.013582627300494754,648.0,-0.024118419472025088,859.0,-0.024397263564158056,835.0,-0.037779697394834555,2176.0,-0.013582627300494754,0.00602265053801687
2024-11-14,1436.0,1343.0,1.07,23542.15,23675.9,23484.15,23532.7,23532.7,1,1,-750.2105882352953,-66.35011764705996,23852.940000000002,24246.8125,24040.44385470502,24355.083749641235,-314.63989493621557,29.69381677745453,4.608666761592805,24894.542126366745,23599.082873633255,293.22188671911226,0.000401407687912987,0.008144965519291994,0.2531942633637511,1.0692479523454952,93.0,-0.0011184661520731165,321.0,-0.01468590174367601,648.0,-0.025209909988277324,859.0,-0.02754826059377624,1051.0,-0.0011184661520731165,0.0061238850263952115
2024-11-18,1045.0,1768.0,0.59,23605.3,23606.8,23350.4,23453.8,23453.8,1,1,-808.3066176470602,-109.24264705882376,23714.059999999998,24176.8,23950.19095398117,24288.32199040855,-338.1310364273777,28.6012021838348,8.709568733153477,24849.08934023841,23504.51065976159,290.59175195346126,0.006418050183645199,0.01086196743951561,0.40327613104523674,0.5910633484162896,-723.0,-0.0033527814487925856,1436.0,-0.004467497628299899,321.0,-0.017989444573543678,648.0,-0.028755766475348166,835.0,-0.0033527814487925856,0.005972955937247438
2024-11-19,1771.0,1016.0,1.74,23529.55,23780.65,23464.8,23518.5,23518.5,0,1,-849.0288235294138,-112.26470588235384,23589.5,24113.670000000002,23883.77696106099,24231.29813926717,-347.5211782061815,30.8482690141704,14.15936657681932,24784.242478855344,23443.09752114466,293.1816268139285,0.0004696222409693034,0.01342354613666654,0.17001741332911305,1.7431102362204725,755.0,0.002758614808687776,1045.0,-0.0006034156726597573,1436.0,-0.0017212069247274364,321.0,-0.025798113606143813,859.0,0.002758614808687776,0.006777147400554994
2024-11-21,752.0,2048.0,0.37,23488.45,23507.3,23263.15,23349.9,23349.9,1,1,-908.3877941176506,-110.63752941176642,23482.79,24057.559999999998,23801.642043974683,24166.009388210347,-364.36734423566304,28.344830512796094,6.806857860253459,24784.229547041978,23330.890452958018,290.47936775579063,0.005898643801527954,0.01039447047378596,0.3553143559287355,0.3671875,-1296.0,-0.007168824542381436,1771.0,-0.004429985759237254,1045.0,-0.0077679144339578565,1436.0,-0.022339737349503452,648.0,-0.007168824542381436,0.006226051229407655
2024-11-22,1883.0,892.0,2.11,23411.8,23956.1,23359.0,23907.25,23907.25,1,1,-862.923529411768,-27.15205882353041,23552.43,24031.1475,23817.88942182473,24146.842026120692,-328.9526042959624,44.40634442642128,50.53944838950135,24739.108685710908,23323.18631428909,313.0308414875197,0.02116240528280614,0.025504232908191534,0.9181879082230805,2.1109865470852016,991.0,0.02386948123974819,752.0,0.016529540574441448,1771.0,0.01933375401853854,1045.0,0.01477988289001475,321.0,0.02386948123974819,0.01220981238079698
2024-11-25,1930.0,883.0,2.19,24253.55,24351.55,24135.45,24221.9,24221.9,1,0,-701.3336764705928,124.6624117647043,23690.27,24022.2725,23880.044895390158,24152.40187603768,-272.3569806475207,51.073863777764295,75.22852995409802,24715.84967701291,23328.69532298709,322.40720995269686,0.001304963603266236,0.008910035850421837,0.4000462748727502,2.185730464326161,1047.0,0.013161279528176584,1883.0,0.037344913682713754,752.0,0.029908370006590523,1771.0,0.02928690715472526,1436.0,0.013161279528176584,0.012667814438546197
2024-11-26,1578.0,1188.0,1.33,24343.3,24343.3,24125.4,24194.5,24194.5,1,1,-530.0564705882316,240.2895882352998,23838.41,24022.9575,23928.42260379167,24155.520255590443,-227.09765179877286,50.50581200349713,73.0785829181216,24717.186347191757,23328.728652808244,314.9424092417898,0.006112564853573643,0.008951128236516734,0.31711794401101073,1.3282828282828283,390.0,-0.0011312077087264338,1930.0,0.012015183678591113,1883.0,0.03617146111974767,752.0,0.03158123630285936,1045.0,-0.0011312077087264338,0.012297736547040226
2024-11-27,1893.0,862.0,2.2,24204.8,24354.55,24145.65,24274.9,24274.9,0,1,-385.4550000000054,292.17629411764426,23989.690000000002,24019.745000000003,23981.72681859295,24164.363199620784,-182.63638102783443,52.186286220496,79.38718662952664,24708.66580596989,23330.824194030116,307.3679514388046,0.002896119777895384,0.008630519566366911,0.6187170895165215,2.1960556844547563,1031.0,0.0033230692926078387,1578.0,0.002188102502280964,1930.0,0.015378180259126406,1883.0,0.03216191508812227,1771.0,0.0033230692926078387,0.012259656279798406
2024-11-28,1477.0,1294.0,1.14,24274.15,24345.75,23873.35,23914.15,23914.15,1,1,-211.72750000000087,326.57173529411887,24102.54,23992.11,23971.330384963265,24145.828888537766,-174.49850357450123,44.83112405378355,52.49153362360922,24650.749953691087,23333.470046308914,319.15595490746153,0.014830591390429736,0.019461031591219525,0.086367485182055,1.1414219474497682,183.0,-0.014861029293632533,1893.0,-0.01158734423112684,1578.0,-0.012705444246735365,1930.0,0.02416498571728365,752.0,-0.014861029293632533,0.014641094411595751
2024-11-29,1752.0,1034.0,1.69,23927.15,24188.45,23927.15,24131.1,24131.1,1,1,-102.297352941172,283.87664705882855,24147.31,23981.6225,23995.910325738147,24144.73785975719,-148.82753401904483,49.445701577894646,79.52629649990827,24624.200405372725,23339.044594627278,315.9519581283571,0.008523789920654865,0.010920648719132836,0.7805204745503164,1.6943907156673115,718.0,0.009072034757664271,1477.0,-0.0059238143102547935,1893.0,-0.0026204302630763454,1578.0,0.009363268464587016,1883.0,0.009072034757664271,0.010844343290250958
2024-12-02,1782.0,1047.0,1.7,24140.85,24301.7,24008.65,24276.05,24276.05,1,1,-95.86897058823524,169.21208823529378,24158.140000000003,23985.1575,24039.008737163047,24154.464684960363,-115.45594779731618,52.31554300913261,92.80740333516583,24633.372812433452,23336.94218756655,314.3161039763315,0.005600465600838443,0.012139174884065776,0.9124722743559068,1.7020057306590257,735.0,0.006006771344862161,1752.0,0.015133299740948347,1477.0,4.737403655608041e-05,1893.0,0.0022355801980851187,1930.0,0.006006771344862161,0.009359413139546989
2024-12-03,2044.0,760.0,2.69,24367.5,24481.35,24280.0,24457.15,24457.15,1,1,-45.781911764705,122.4442352941187,24210.670000000002,23992.797499999997,24103.338162214888,24176.885819407744,-73.5476571928557,55.699272131340315,98.01346248563478,24659.226960988326,23326.368039011668,306.5292394065935,0.003679080742792714,0.00826305529906632,0.8798112739011807,2.6894736842105265,1284.0,0.0074600274756395635,1782.0,0.013511609499774258,1752.0,0.022706222048452407,1477.0,0.010855773006261726,1578.0,0.0074600274756395635,0.009768882534208465
2024-12-04,1655.0,1122.0,1.48,24488.75,24573.2,24366.3,24467.45,24467.45,1,1,16.981911764709366,104.72067647059012,24249.18,24016.4025,24159.355368027984,24198.40909204421,-39.053724016226624,55.89098425254483,91.92778901568641,24714.225642689606,23318.579357310395,299.41286516326545,0.0008697871471593802,0.00844877749987245,0.4888835186080268,1.4750445632798574,533.0,0.00042114473681520437,2044.0,0.007884313963762768,1782.0,0.013938444579816078,1752.0,0.0079320615120968,1893.0,0.00042114473681520437,0.009771694915372857
2024-12-05,1447.0,1316.0,1.1,24539.15,24857.75,24295.55,24708.4,24708.4,1,-1,122.88058823529718,143.69773529411833,24408.030000000002,24041.1575,24243.823772946755,24236.186196337232,7.637576609522512,60.22709542284266,90.63401479994991,24797.810842867922,23284.50415713208,318.1833747944608,0.006897141914043477,0.02291032900487591,0.7343472073995049,1.0995440729483283,131.0,0.009847777353177323,1655.0,0.010273069429594273,2044.0,0.01780973428543775,1782.0,0.033212554073634326,1477.0,0.009847777353177323,0.003739032022522897
2024-12-06,1671.0,1119.0,1.49,24729.45,24751.05,24620.5,24677.8,24677.8,0,0,254.1645588235333,203.68932352941337,24517.370000000003,24050.845,24310.58934633956,24268.898329941883,41.69101639767541,59.42810040934531,88.71503825410755,24834.4143153118,23267.275684688204,304.7809908805707,0.00208860286015263,0.005279130753009034,0.4389122941401731,1.4932975871313674,552.0,-0.0012384452251057443,1447.0,0.008597136195230837,1655.0,0.009021901570706259,2044.0,0.022655411481449228,1752.0,-0.0012384452251057443,0.004722225575313191
2024-12-09,1496.0,1324.0,1.13,24633.9,24705.0,24580.05,24619.0,24619.0,1,0,354.11691176470777,213.64449999999925,24585.960000000003,24071.8275,24358.037139210395,24294.831786983224,63.205352227170806,57.84020263948055,85.02759312680294,24891.808648852337,23251.846351147662,291.9359201033871,0.0006048575337239111,0.005072278445556762,0.31172468987595436,1.1299093655589123,172.0,-0.002382708345152307,1671.0,-0.003618202716485164,1447.0,0.006193943381921585,1655.0,0.014127092339981218,1782.0,-0.002382708345152307,0.00548208800751651
2024-12-10,1381.0,1405.0,0.98,24652.65,24677.8,24510.65,24610.05,24610.05,1,-1,403.7305882352957,173.35567647058707,24616.54,24094.92,24396.808348562645,24318.18128424373,78.62706431891638,57.58797487575161,84.46632384296996,24947.56656827914,23242.273431720856,283.02264009600214,0.0017280089564408766,0.006780204156551032,0.5946754412204553,0.9829181494661922,-24.0,-0.0003635403550104055,1496.0,-0.00274538248952505,1671.0,-0.003980427708795475,1447.0,0.006251750510586795,2044.0,-0.0003635403550104055,0.004914289983944914
2024-12-11,1491.0,1288.0,1.16,24620.5,24691.75,24583.85,24641.8,24641.8,0,-1,438.10823529411937,123.5080588235287,24651.41,24119.945,24434.4993718607,24342.153040966416,92.34633089428462,58.28297013411796,85.59132610508752,25005.318646489548,23234.57135351045,270.51388008914495,0.000865132714607716,0.004382526756158545,0.5370713623725667,1.1576086956521738,203.0,0.0012901233439184256,1381.0,0.0009261139770095905,1496.0,-0.0014588010276442853,1671.0,0.007125793656470147,1655.0,0.0012901233439184256,0.0048926646839820434
2024-12-12,895.0,1913.0,0.47,24604.45,24675.25,24527.95,24548.7,24548.7,0,-1,439.85044117646976,61.85629411764455,24619.469999999998,24153.207499999997,24452.068699266747,24357.452815709647,94.61588355710046,55.41540068932127,68.60524177163767,25050.448332370663,23255.96666762933,261.712888654206,0.0022658502831804815,0.00598672191412526,0.14086897488119554,0.46785154208050184,-1018.0,-0.003778133090926783,1491.0,-0.0024928840047053757,1381.0,-0.0028555180957796633,1496.0,-0.006463388968933725,1447.0,-0.003778133090926783,0.0019302031339230865
2024-12-13,1191.0,1589.0,0.75,24498.35,24792.3,24180.8,24768.3,24768.3,0,-1,397.7811764705875,-8.936294117648515,24637.57,24213.67,24500.719668610323,24387.885940471897,112.83372813842652,60.36853123600962,90.91324664770413,25105.567631681017,23321.77236831898,286.6976823217627,0.01101910945022831,0.024960864711296885,0.9607522485690924,0.7495280050346129,-398.0,0.008945483874909899,895.0,0.005133553555340953,1491.0,0.006430299816538421,1381.0,0.003667263694494549,1671.0,0.008945483874909899,0.004975319373272285
2024-12-16,1484.0,1332.0,1.11,24753.4,24781.25,24601.75,24668.25,24668.25,0,-1,394.7989705882319,-20.054911764708947,24647.420000000002,24270.4475,24526.493565747194,24408.65364858509,117.83991716210585,57.248026356277755,80.74969524583506,25125.53300126476,23415.361998735236,279.0407050130654,0.0034399314841598106,0.007251529082873464,0.37047353760445684,1.1141141141141142,152.0,-0.004039437506813126,1191.0,0.004869911645015712,895.0,0.0010733793797530478,1491.0,0.00200048742840897,1496.0,-0.004039437506813126,0.0052812265533505
2024-12-17,908.0,1872.0,0.49,24584.8,24624.1,24303.45,24336.0,24336.0,0,-1,364.2964705882332,-42.670588235295156,24592.61,24314.5575,24497.18686332455,24403.271896838047,93.91496648650354,48.31621153565585,46.99817147501024,25083.235094491483,23545.879905508515,285.16636894070353,0.010120074192183758,0.013042611695030988,0.10151255262747386,0.48504273504273504,-964.0,-0.013468730047733413,1484.0,-0.017453761461222572,1191.0,-0.008664409928020644,895.0,-0.011135694563806253,1381.0,-0.013468730047733413,0.008204580566363218
2024-12-18,827.0,1960.0,0.42,24297.95,24394.45,24149.85,24198.85,24198.85,0,-1,292.3583823529407,-85.45870588235192,24504.02,24348.575,24451.288884351543,24388.129534109303,63.15935024224018,45.18245993035796,29.196217494089566,25028.40778789583,23668.74221210417,282.26877115922485,0.004078533374214787,0.010066692869151602,0.2003270645952558,0.4219387755102041,-1133.0,-0.005635683760683796,908.0,-0.01902850830521019,1484.0,-0.02299108134187655,1191.0,-0.017975553733899363,1491.0,-0.005635683760683796,0.00804906412354325
2024-12-19,1024.0,1761.0,0.58,23877.15,24004.9,23870.3,23951.7,23951.7,1,-1,173.23926470588412,-151.25558823529138,24384.620000000003,24378.665,24374.429055989767,24355.801420471576,18.6276355181908,40.13116270014279,8.24345536482874,24917.722129716527,23839.607870283475,285.5745732192802,0.003122231924664345,0.0056371886929554894,0.6047548291233293,0.5814877910278251,-737.0,-0.01021329525989867,827.0,-0.015791420118343114,908.0,-0.029047459791432306,1484.0,-0.02431900670911291,895.0,-0.01021329525989867,0.008582422481224188
2024-12-20,478.0,2310.0,0.21,23960.7,24065.8,23537.35,23587.5,23587.5,1,0,50.09573529411864,-204.86202941176307,24148.46,24362.6775,24253.363047375955,24298.89020414035,-45.52715676439402,34.084047715423495,3.798091487428158,24971.202092332325,23754.152907667678,302.92281798933163,0.015575504889256186,0.022054864841177458,0.0949001797710311,0.20692640692640693,-1832.0,-0.015205601272561098,1024.0,-0.025263597237058733,827.0,-0.030756903353057252,908.0,-0.04767384115986961,1191.0,-0.015205601272561098,0.004830587188502951
2024-12-23,1096.0,1713.0,0.64,23738.2,23869.55,23647.2,23753.45,23753.45,1,0,-119.8866176470583,-271.90726470588197,23965.5,24339.254999999997,24176.453347779654,24258.487226055877,-82.03387827622282,38.62240176043294,16.366252650712052,25001.354459219092,23677.155540780903,301.43190241866506,0.000642424446672452,0.00936675906345041,0.47785023611423744,0.6398131932282545,-617.0,0.00703550609432968,478.0,-0.00827707427865243,1024.0,-0.018405833335055077,827.0,-0.037084106087784896,1484.0,0.00703550609432968,0.008903939903674567
2024-12-24,1396.0,1380.0,1.01,23769.1,23867.65,23685.15,23727.65,23727.65,1,0,-248.83073529411922,-278.2259411764724,23843.829999999998,24315.9125,24107.40667889048,24219.165950051738,-111.75927116125968,38.18225596296494,14.412299303241646,25027.82368678752,23604.001313212477,292.93676653161754,0.00174386072674174,0.007678035769128827,0.2328767123287671,1.0115942028985507,16.0,-0.0010861580107310864,1096.0,0.005941706412294634,478.0,-0.009354242078850272,1024.0,-0.024997945430637714,908.0,-0.0010861580107310864,0.008542631180511757
2024-12-26,1145.0,1649.0,0.69,23775.8,23854.5,23653.6,23750.2,23750.2,1,1,-344.16102941176723,-246.25235294117883,23754.1,24289.677499999998,24052.451805215023,24184.427731529388,-131.9759263143642,38.83832295956541,16.960835093031758,25043.158859074803,23536.196140925193,286.36271177935924,0.001076725073393894,0.008449768251751843,0.4808362369338053,0.6943602183141298,-504.0,0.000950368030546711,1396.0,-0.00013682223003397276,1096.0,0.0068977212506624586,478.0,-0.01854013723792647,827.0,0.000950368030546711,0.008923438043628077
2024-12-27,1396.0,1401.0,1.0,23801.4,23938.85,23800.6,23813.4,23813.4,0,1,-342.99779411764393,-141.8417058823499,23726.44,24284.64,24015.674604412714,24156.944195860546,-141.26959144783177,40.736672947291936,21.996892306466613,25049.359898785307,23519.92010121469,279.3832323665477,0.0005041720234944163,0.005808481854008588,0.09258589511756174,0.9964311206281228,-5.0,0.0026610302229033156,1145.0,0.0036139272115021104,1396.0,0.0025238439047801098,1096.0,-0.005774120417339823,1024.0,0.0026610302229033156,0.00841872613700898
2024-12-30,871.0,1972.0,0.44,23796.9,23915.35,23599.3,23644.9,23644.9,0,0,-334.6750000000029,-56.56476470588461,23737.920000000002,24260.329999999998,23958.63235757999,24119.014996167174,-160.38263858718346,37.40336749106641,8.570062552293146,25072.46986874073,23448.190131259267,282.0022871975085,0.0063873865923712745,0.013281141661308794,0.14428096820124123,0.44168356997971603,-1101.0,-0.0070758480519371725,1396.0,-0.00443364687455261,1145.0,-0.0034874924402542584,1396.0,0.0024334923158453314,478.0,-0.0070758480519371725,0.005183990939058201
2024-12-31,1710.0,1091.0,1.57,23560.6,23689.85,23460.45,23644.8,23644.8,0,0,-353.783235294115,-28.89367647058532,23716.190000000002,24228.767499999998,23910.35045641384,24083.88795941405,-173.53750300021056,37.40141152044364,13.841648834328096,25083.935561420214,23373.599438579782,278.24498096911486,0.0035737629771737875,0.009736594144461425,0.8036181342632969,1.5673693858845097,619.0,-4.229241823860974e-06,871.0,-0.007080047368288489,1396.0,-0.00443785736541169,1145.0,-0.004574072397904416,1096.0,-4.229241823860974e-06,0.0037108744216574857
2025-01-01,2042.0,755.0,2.7,23637.65,23822.8,23562.8,23742.9,23742.9,1,0,-356.4473529411771,-10.034470588235877,23719.24,24193.055,23884.588847734787,24058.629592050045,-174.04074431525805,40.678709315810885,21.207343169275898,25066.549484755462,23319.56051524454,276.9417680427495,0.0044526422888908155,0.010999401378732657,0.692692307692316,2.704635761589404,1287.0,0.004148903775883062,1710.0,0.004144656987341788,871.0,-0.00296051802766506,1396.0,0.0006427100871768676,1396.0,0.004148903775883062,0.004335112056932352
2025-01-02,1791.0,1018.0,1.76,23783.0,24226.7,23751.55,24188.65,24188.65,1,-1,-307.9191176470558,31.245382352943125,23806.93,24179.115,23931.36748654482,24068.260733379673,-136.89324683485393,52.776732820586965,54.67582685737895,25043.49956609209,23314.730433907913,291.7173560396959,0.01705630071900103,0.01997855611150828,0.9199200252551843,1.7593320235756384,773.0,0.0187740335005413,2042.0,0.023000828934903295,1710.0,0.022996502417011788,871.0,0.01846089717139221,1145.0,0.0187740335005413,0.009465036598725423
2025-01-03,1449.0,1360.0,1.07,24196.4,24196.45,23976.0,24004.75,24004.75,1,-1,-276.225735294116,49.58435294117737,23845.2,24143.932500000003,23942.657103999463,24063.556234610805,-120.89913061134212,48.39191363326122,41.20987280436096,24975.95506776677,23311.909932233237,286.62683060828914,0.00792059975864184,0.009110859466697555,0.13041506010433163,1.0654411764705882,89.0,-0.007602739301283967,1791.0,0.011028560116919106,2042.0,0.015223220327513998,1710.0,0.008035391838208783,1396.0,-0.007602739301283967,0.010769947853589212
2025-01-06,365.0,2513.0,0.15,24045.8,24089.95,23551.9,23616.05,23616.05,1,-1,-270.5910294117639,42.40226470588169,23839.43,24090.845,23892.409857230316,24030.407624639633,-137.99776740931702,40.69572844220075,13.37171830017607,24915.294821334326,23266.395178665676,304.58562842198273,0.01787214399188216,0.022376049039749116,0.11922683765448919,0.14524472741742936,-2148.0,-0.016192628542267662,1449.0,-0.02367225951014229,1791.0,-0.005342649802677957,2042.0,-0.0012201362661716786,871.0,-0.016192628542267662,0.01312942222466867
2025-01-07,2033.0,769.0,2.64,23679.9,23795.2,23637.8,23707.9,23707.9,1,-1,-249.31808823529354,42.78217647058773,23852.050000000003,24045.29,23864.02372534873,24006.518170962623,-142.49444561389464,43.002516518165784,26.4935760171307,24848.381719293753,23242.19828070625,295.62594067755555,0.001182437425833724,0.006646987529508209,0.445362134688701,2.6436931079323798,1264.0,0.003889304096154955,365.0,-0.0123663025026296,1449.0,-0.019875024029865296,1791.0,0.002668662877250094,1710.0,0.003889304096154955,0.013256950833303189
2025-01-08,887.0,1910.0,0.46,23746.65,23751.85,23496.15,23688.95,23688.95,0,-1,-263.1155882352905,10.318323529413476,23841.260000000002,23999.235,23837.08930606431,23982.99460274317,-145.90529667885858,42.634054189957354,29.820554649265905,24772.58933347088,23225.88066652912,292.77408777201566,0.002429816416210317,0.010767834620883243,0.7540086038326221,0.4643979057591623,-1023.0,-0.0007993116218644181,2033.0,0.0030868837083255496,365.0,-0.013155729595184296,1449.0,-0.0022722582329876007,2042.0,-0.0007993116218644181,0.013109984429901496
2025-01-09,722.0,2066.0,0.35,23674.75,23689.5,23503.05,23526.5,23526.5,1,-1,-347.89294117647296,-66.46426470588557,23708.829999999998,23943.47,23789.306335900572,23949.180187725156,-159.87385182458456,39.508780672013565,8.619902120717686,24683.575198196977,23203.364801803025,285.17951007401456,0.0062619457438832515,0.00787547914972706,0.12577098417806723,0.3494675701839303,-1344.0,-0.0068576277124988705,887.0,-0.007651457952834395,2033.0,-0.003791912703436817,365.0,-0.027374409072023487,1791.0,-0.0068576277124988705,0.007596901991578146
2025-01-10,481.0,2334.0,0.21,23551.9,23596.6,23344.35,23431.5,23431.5,0,-1,-465.5407352941147,-146.2490588235276,23594.18,23887.61,23734.259207300485,23910.833507152925,-176.57429985244016,37.76531621714974,9.877032923443219,24604.85217081693,23170.367829183073,282.8274022115849,0.0051121140969519,0.01071038854614702,0.3454905847373695,0.20608397600685519,-1853.0,-0.004037999702463213,722.0,-0.010867936316299454,887.0,-0.011658561070360562,2033.0,-0.02388069028004869,1449.0,-0.004037999702463213,0.007518576559597041
2025-01-13,270.0,2581.0,0.1,23195.4,23340.95,23047.25,23085.95,23085.95,1,1,-560.0410294117682,-182.85935294118025,23488.16,23803.4925,23634.519329254257,23849.7310251416,-215.2116958873412,32.19937201726697,3.281190385349163,24481.38784020612,23125.59715979388,290.071873482186,0.004718607999862073,0.012661993326262996,0.13176710929520133,0.10461061604029447,-2311.0,-0.014747241960608504,481.0,-0.01872569230442267,722.0,-0.025454906190438997,887.0,-0.022446598817329688,365.0,-0.014747241960608504,0.006979483845554333
2025-01-14,2093.0,712.0,2.94,23165.9,23264.95,23134.15,23176.05,23176.05,1,-1,-632.9957352941201,-179.0785294117668,23381.79,23728.8825,23563.985586292063,23799.828726982963,-235.84314069090033,34.89380040192222,10.920344228241909,24334.23462502573,23123.53037497427,282.13816823345843,0.00043814399613215186,0.005646230019122903,0.320336391437294,2.9396067415730336,1381.0,0.0039028066854513987,270.0,-0.01090199090967292,481.0,-0.014895968376086532,722.0,-0.022433450453224535,2033.0,0.0039028066854513987,0.006983547900293392
2025-01-15,1498.0,1298.0,1.15,23250.45,23293.65,23146.45,23213.2,23213.2,1,0,-683.4901470588229,-145.49802941176313,23286.64,23672.7425,23510.01857301636,23756.374747206446,-246.35617419008486,36.02275677988466,14.070117427614619,24250.07408000681,23095.41091999319,272.4997276453543,0.0016021195288693337,0.006331060259048781,0.45346467391304124,1.1540832049306626,200.0,0.0016029478707546563,2093.0,0.005512010551872448,270.0,-0.009316518362033954,481.0,-0.020083203350085177,887.0,0.0016029478707546563,0.007374183143504193
2025-01-16,2037.0,741.0,2.75,23377.25,23391.65,23272.05,23311.8,23311.8,0,0,-713.5016176470563,-102.38776470587982,23243.7,23628.39,23479.523407936922,23723.44328445041,-243.91987651348973,39.04392290167084,22.429946161346315,24172.578619504446,23084.201380495553,265.7818899564005,0.0027997305072239346,0.005116085082719404,0.3323578595317665,2.748987854251012,1296.0,0.004247583271586697,1498.0,0.005857339796902394,2093.0,0.009783006547272155,270.0,-0.00912587932756681,722.0,0.004247583271586697,0.007957933701867984
2025-01-17,1433.0,1367.0,1.05,23277.1,23292.1,23100.35,23203.2,23203.2,1,0,-743.0111764705907,-76.4032352941191,23198.04,23590.965,23437.012114408164,23684.90674486149,-247.8946304533274,36.97296641645841,13.222264614862913,24143.94797179764,23037.98202820236,261.90104067380054,0.0031747941109501535,0.00823771002401502,0.5363754889178732,1.0482809070958303,66.0,-0.0046585849226571385,2037.0,-0.000430789378457086,1498.0,0.001171467959380612,2093.0,-0.009743294283336534,481.0,-0.0046585849226571385,0.008006134452445841
2025-01-20,1782.0,1049.0,1.7,23290.4,23391.1,23170.65,23344.75,23344.75,1,-1,-699.9414705882373,-5.353441176471847,23249.8,23578.8275,23422.817942960755,23659.709948945827,-236.8920059850716,41.34035364081705,25.223621179363246,24142.141671198584,23015.513328801415,258.94025205424316,0.0023335795005666946,0.009465273245628975,0.7897482422318024,1.6987607244995233,733.0,0.006100451661839701,1433.0,0.0014134472670492837,2037.0,0.005667034273602933,1498.0,0.011210281578189374,270.0,0.006100451661839701,0.004174167834736401
2025-01-21,633.0,2156.0,0.29,23421.65,23426.3,22976.85,23024.65,23024.65,1,0,-664.8570588235307,36.10323529411687,23219.52,23542.387500000004,23361.56133635141,23612.668471246136,-251.1071348947262,35.37128993373089,3.824458935072435,24148.469423400747,22936.30557659926,272.54809119322584,0.016950129474225768,0.01918951055967452,0.10635220825453962,0.29359925788497215,-1523.0,-0.013711862410177855,1782.0,-0.007695059302165186,1433.0,-0.01231779613757833,2037.0,-0.0065326058582027,2093.0,-0.013711862410177855,0.008051437686435133
2025-01-22,721.0,2088.0,0.35,23099.15,23169.55,22981.3,23155.35,23155.35,0,0,-652.7724999999991,42.044264705883734,23207.95,23513.7725,23329.83651537427,23578.793028931606,-248.9565135573357,39.22961330248635,14.635946211872719,24135.990461387435,22891.554538612563,266.52679896513825,0.0024329899585048406,0.00814965052826619,0.9245683930942856,0.3453065134099617,-1367.0,0.005676524941747196,633.0,-0.008113173197399903,1782.0,-0.002062215556475011,1433.0,-0.002492116554374313,1498.0,0.005676524941747196,0.008603739829083622
2025-01-23,1535.0,1253.0,1.23,23128.3,23270.8,23090.65,23205.35,23205.35,0,0,-641.9408823529448,38.56373529411576,23186.66,23486.53,23310.684743778227,23551.13058234408,-240.4458385658545,40.688400265638954,20.528254424579963,24112.654485544314,22860.405514455684,260.3570276104854,0.0033314164897549443,0.007789158736266731,0.6366916458506715,1.2250598563447725,282.0,0.0021593281898135697,721.0,0.007848110611887504,633.0,-0.005971364011180258,1782.0,-0.004566356952273143,2037.0,0.0021593281898135697,0.008364902933526753
2025-01-24,558.0,2251.0,0.25,23183.9,23347.3,23050.0,23092.2,23092.2,0,1,-597.7169117647063,53.728852941177365,23164.46,23450.47,23277.071706273884,23517.13572439267,-240.0640181187846,38.4396142509966,14.095435938168494,24080.200900780746,22820.739099219256,262.99581135259353,0.003955331070268623,0.012823554276890397,0.14194416414396513,0.24788982674366947,-1693.0,-0.004876030742910431,1535.0,-0.0027272315037344397,721.0,0.0029338122403597122,633.0,-0.004783822920976455,1433.0,-0.004876030742910431,0.008389942428764114
2025-01-27,300.0,2571.0,0.12,22940.15,23007.45,22786.9,22829.15,22829.15,1,1,-623.1230882352938,12.959000000001083,23061.340000000004,23409.682500000003,23208.160674539442,23466.1738188821,-258.01314434265805,33.76720323210445,4.378465205451072,24087.5863503159,22731.778649684104,266.0175391131225,0.004838678038286585,0.009614148120217141,0.19156653819995528,0.11668611435239207,-2271.0,-0.01139129229783209,558.0,-0.016211778749296912,1535.0,-0.01408745711034376,721.0,-0.022086336328296485,1782.0,-0.01139129229783209,0.008372165000473119
2025-01-28,840.0,2005.0,0.42,22960.45,23137.95,22857.65,22957.25,22957.25,1,1,-616.9244117647031,9.571147058826341,23047.859999999997,23375.305,23169.559032302604,23428.475758224165,-258.916725921561,37.73630655779221,18.873255040992557,24071.515719465104,22679.094280534897,269.0734291764708,0.00013937009074302672,0.012207948886019188,0.35533357117373815,0.41895261845386533,-1165.0,0.005611247024089661,300.0,-0.005843964628749143,558.0,-0.010691500020469369,1535.0,-0.0029272974833494114,633.0,0.005611247024089661,0.007421560001224388
2025-01-29,2274.0,532.0,4.27,23026.75,23183.35,22976.5,23163.1,23163.1,1,1,-570.2045588235269,39.77741176470806,23049.41,23346.315,23168.56533502528,23408.818294652006,-240.2529596267268,43.58672645382727,46.46165246387532,24026.997496541608,22665.63250345839,266.0038985210085,0.005921374054089203,0.008983030605708514,0.9021029731689624,4.274436090225564,1742.0,0.008966666303673154,840.0,0.014628227507375247,300.0,0.003070300794207448,558.0,0.00033469586942103113,721.0,0.008966666303673154,0.008216491759619644
2025-01-30,1502.0,1288.0,1.17,23169.5,23322.05,23139.2,23249.5,23249.5,1,1,-519.9017647058827,65.67238235293985,23058.239999999998,23299.357500000002,23181.016821944468,23397.016939492598,-216.00011754813022,45.885079483428825,72.3490772599312,23860.140534936963,22738.57446506304,260.0643343409364,0.0034528151233302403,0.007891840566261618,0.603226688542522,1.1661490683229814,214.0,0.003730070672751218,2274.0,0.012730183275435847,840.0,0.018412862502545924,300.0,0.0019025785002166895,1535.0,0.003730070672751218,0.008344234260559984
2025-01-31,2080.0,728.0,2.86,23296.75,23546.8,23277.4,23508.4,23508.4,1,0,-445.6102941176432,109.54252941176674,23141.48,23274.54,23231.383464722243,23405.26753656722,-173.88407184497555,52.17305789109231,94.94670351362049,23744.89945467069,22804.180545329313,262.7240247451552,0.009084958202324422,0.011563844742292287,0.8574610244988934,2.857142857142857,1352.0,0.011135723348889348,1502.0,0.014907331056724038,2274.0,0.02400766642346097,840.0,0.018023401841314346,558.0,0.011135723348889348,0.008865502832176408
2025-02-01,1387.0,1356.0,1.02,23528.6,23632.45,23318.3,23482.15,23482.15,0,0,-294.20191176470325,195.16667647058858,23272.08,23267.844999999998,23269.962931688053,23410.962533858536,-140.99960217048283,51.519405579946586,82.22458754656739,23722.10625841646,22813.583741583534,266.39730869192994,0.00197419310966216,0.013351835638329585,0.5215661308292262,1.0228613569321534,31.0,-0.0011166221435742196,2080.0,0.010006666810038922,1502.0,0.013774063057190311,2274.0,0.028603780692667113,300.0,-0.0011166221435742196,0.004758336191710344
2025-02-03,734.0,2084.0,0.35,23319.35,23381.6,23222.0,23361.05,23361.05,1,0,-199.22617647058723,206.60276470588144,23352.84,23250.502500000002,23283.97632681297,23407.265309128274,-123.28898231530547,48.50052150434767,67.90254863698165,23660.57322008753,22840.431779912473,265.95107235679217,0.001788214508551942,0.006844101572299337,0.8712406015037628,0.3522072936660269,-1350.0,-0.0051571086974575575,1387.0,-0.006267972299263347,2080.0,0.004797952644142844,1502.0,0.017589214736085435,840.0,-0.0051571086974575575,0.006791533060300557
2025-02-04,1920.0,875.0,2.19,23509.9,23762.75,23423.15,23739.25,23739.25,1,-1,-76.64470588235417,230.47226470587992,23468.07,23253.0175,23354.018430380205,23431.856767711364,-77.83833733115898,56.97900384590594,97.59184300865911,23674.27784263043,22831.757157369575,275.64742433130704,0.009755464719118267,0.014444978498419752,0.930800942285041,2.1942857142857144,1045.0,0.016189340804458663,734.0,0.010948741916732452,1387.0,0.009819894165489673,2080.0,0.024873613635480574,2274.0,0.016189340804458663,0.00873257602091616
2025-02-05,1943.0,867.0,2.24,23801.75,23807.3,23680.45,23696.3,23696.3,1,-1,31.703088235288305,228.4990882352882,23557.43,23261.5075,23406.677133398633,23451.4451552883,-44.76802188966758,55.85440141563764,89.12191297530379,23710.409822641694,22812.605177358306,265.0190368790707,0.004430346508134937,0.0053294400621802405,0.12495072920771562,2.241061130334487,1076.0,-0.0018092399717767327,1920.0,0.014350810430181937,734.0,0.009119693043439181,1387.0,0.01921761758317375,1502.0,-0.0018092399717767327,0.009262335334097605
2025-02-06,1287.0,1520.0,0.85,23761.95,23773.55,23556.25,23603.35,23603.35,1,-1,86.28294117647238,176.70029411764918,23576.420000000002,23270.1,23436.93449749115,23462.697366007684,-25.762868516532762,53.3981042147063,80.0127401019207,23737.87103373136,22802.328966268637,261.6105342448513,0.0066745363911632745,0.00914487236948143,0.21675103543487667,0.8467105263157895,-233.0,-0.003922553310010457,1943.0,-0.005724696441547272,1920.0,0.01037196530121709,734.0,0.004038981810756903,2080.0,-0.003922553310010457,0.008733502735902416
2025-02-07,971.0,1826.0,0.53,23649.5,23694.5,23443.2,23559.95,23559.95,0,-1,110.5522058823517,120.0187352941175,23591.98,23293.8,23455.85995941559,23469.901264821932,-14.041305406342872,52.242855648684184,75.7595060760487,23769.807710019606,22817.792289980393,260.8740675130761,0.003786549398507337,0.010626017463371287,0.46458416235575145,0.531763417305586,-855.0,-0.0018387220458111475,1287.0,-0.005754062870574672,1943.0,-0.007552892361805785,1920.0,0.003313154885732361,1387.0,-0.0018387220458111475,0.008779728095095614
2025-02-10,559.0,2296.0,0.24,23543.8,23568.6,23316.3,23381.6,23381.6,0,-1,148.50426470588354,88.4247058823552,23596.09,23304.0775,23444.43535027473,23463.36043039068,-18.92508011595055,47.67791704634429,58.281066248529825,23778.344921897296,22829.810078102702,260.2616341192849,0.006889287200876695,0.010716197045506642,0.2588188664288524,0.24346689895470383,-1737.0,-0.007570050021328711,971.0,-0.009394852849277768,1287.0,-0.013280554348147233,1943.0,0.0008796693641766051,734.0,-0.007570050021328711,0.009236085473892689
2025-02-11,277.0,2565.0,0.11,23383.55,23390.05,22986.65,23071.8,23071.8,0,-1,84.22250000000349,-8.030499999996394,23462.6,23297.0075,23387.106834847847,23434.355954065442,-47.24911921759485,40.97955981817139,27.920423363386753,23780.60699469898,22813.40800530102,270.4858031107644,0.01333202187007533,0.01725144385689931,0.21108081308874138,0.10799220272904483,-2288.0,-0.013249734834228644,559.0,-0.0207194837000928,971.0,-0.022520108374446846,1287.0,-0.028115884031719607,1920.0,-0.013249734834228644,0.004839937347527193
2025-02-12,1047.0,1759.0,0.6,23050.8,23144.7,22798.35,23045.25,23045.25,1,0,-43.829852941176796,-120.97626470588366,23332.390000000003,23283.68,23334.513475640488,23405.533290801333,-71.01981516084561,40.455004755045465,25.318502548020295,23779.452716472082,22787.90728352792,275.90467431713853,0.00024077255453169836,0.015025508876047781,0.7128627111303592,0.595224559408755,-712.0,-0.0011507554677138154,277.0,-0.01438524309713618,559.0,-0.021846396108650468,971.0,-0.027474753442520483,1943.0,-0.0011507554677138154,0.004978503080973628
2025-02-13,1287.0,1507.0,0.85,23055.75,23235.5,22992.2,23031.4,23031.4,1,-1,-135.11411764705917,-167.98111764705973,23218.0,23275.09,23287.880633234257,23377.81971370494,-89.9390804706818,40.16616689811101,23.098270479211333,23781.971709670124,22768.208290329876,273.57576900877143,0.001056135671144879,0.010552682085813702,0.16111796136457396,0.8540145985401459,-220.0,-0.0006009915275381195,1047.0,-0.00175105540096554,277.0,-0.014977589215451337,559.0,-0.024231729818013026,1287.0,-0.0006009915275381195,0.005448746625777686
2025-02-14,387.0,2455.0,0.16,23096.45,23133.7,22774.85,22929.25,22929.25,0,-1,-239.76808823529063,-202.5710294117627,23091.86,23254.315,23232.706689659753,23344.592327504575,-111.88563784482176,38.01060771388455,14.954719356869713,23781.717335127658,22726.91266487234,279.66678550814504,0.007239207757036286,0.015537019758447821,0.4302633412289272,0.15763747454175153,-2068.0,-0.004435249268390229,1287.0,-0.005033575248695521,1047.0,-0.006178538302169745,277.0,-0.02677000587862033,971.0,-0.004435249268390229,0.0052044392170079974
2025-02-17,914.0,1938.0,0.47,22809.9,22974.2,22725.45,22959.5,22959.5,1,-1,-333.4997058823501,-199.90185294117546,23007.44,23251.0575,23190.67489125056,23316.066969911644,-125.39207866108336,39.053690237678694,21.634237648472485,23784.859665856515,22717.255334143483,277.4584436861347,0.006558555714843053,0.010905352500449366,0.9409045226130625,0.4716202270381837,-1024.0,0.0013192755977626813,387.0,-0.0031218249867572823,1287.0,-0.0037209403239278904,1047.0,-0.01805265678995438,559.0,0.0013192755977626813,0.005766376408888588
2025-02-18,685.0,2141.0,0.32,22963.65,22992.5,22801.5,22945.3,22945.3,0,-1,-359.6483823529379,-137.276352941175,22982.14,23240.555,23152.924907981243,23288.60274991819,-135.67784193694752,38.72428361124503,20.321671211350818,23789.525934474772,22691.58406552523,271.2828405656965,0.0007990889949987124,0.008317493081456998,0.7528795811518286,0.31994395142456794,-1456.0,-0.0006184803676038131,914.0,0.000699979284102259,387.0,-0.0037383745668957413,1287.0,-0.005482883866885113,277.0,-0.0006184803676038131,0.0020892696539346017
2025-02-19,2127.0,700.0,3.04,22847.25,23049.95,22814.85,22932.9,22932.9,0,-1,-333.5373529411736,-53.223823529411334,22959.670000000002,23226.932500000003,23119.074922137977,23262.2543980724,-143.17947593442295,38.41953594178783,19.175486435273005,23792.007042227047,22661.857957772958,268.6983519538612,0.0037488100318419705,0.010290078674676479,0.5021267545725301,3.0385714285714287,1427.0,-0.0005404156842576668,685.0,-0.0011585618153704402,914.0,0.00015918532006065078,387.0,-0.004875191199921858,1047.0,-0.0005404156842576668,0.002103145114036468
2025-02-20,1992.0,816.0,2.44,22821.1,22923.85,22812.75,22913.15,22913.15,0,-1,-354.62897058823364,-30.412470588236488,22936.02,23217.980000000003,23087.394164885984,23236.39481303,-149.00064814401776,37.90783515766415,17.349909876600357,23796.815012242787,22639.14498775722,258.08775538572837,0.0040335479008462745,0.004868301703248246,0.9036903690369287,2.4411764705882355,1176.0,-0.0008612081332932675,2127.0,-0.001401158407168257,685.0,-0.002018772185805373,914.0,-0.005134294919110438,1287.0,-0.0008612081332932675,0.002094773946827649
